{
    "params":{
        "A_alphafinal":"0.002",
        "A_alphainitial":"0.853",
        "A_alphatime":"6.342",
        "A_aspect":"1.000",
        "A_blur":"true",
        "A_blur:blurxdistance":"0.100",
        "A_blur:blurydistance":"0.080",
        "A_blur:gaussian":"0.170",
        "A_blur:quality":"0.280",
        "A_bounce":"false",
        "A_controllerchan":"1",
        "A_controllerstyle":"modulationonly",
        "A_controllerzmax":"0.300",
        "A_controllerzmin":"0.050",
        "A_cursorsprites":"true",
        "A_displace":"false",
        "A_displace:xfactor":"0.760",
        "A_displace:yfactor":"0.240",
        "A_edge":"true",
        "A_edge:mode":"0.920",
        "A_edge:multiplier":"0.240",
        "A_filled":"false",
        "A_fragment":"true",
        "A_huefillfinal":"205.200",
        "A_huefillinitial":"169.200",
        "A_huefilltime":"5.000",
        "A_huefinal":"0.000",
        "A_hueinitial":"0.417",
        "A_huerotate":"false",
        "A_huetime":"4.001",
        "A_hvpos":"0.500",
        "A_inputport":"",
        "A_iterate":"false",
        "A_kaleid1":"true",
        "A_kaleid1:angles":"0.300",
        "A_kaleid1:inputrotation":"0.500",
        "A_kaleid1:rotation":"0.000",
        "A_kaleid1:zoom":"0.580",
        "A_kaleid2":"false",
        "A_kaleid2:angles":"0.640",
        "A_kaleid2:inputrotation":"0.500",
        "A_kaleid2:rotation":"0.000",
        "A_kaleid2:zoom":"1.000",
        "A_lifetime":"6.000",
        "A_luminance":"0.500",
        "A_midibehaviour":"default",
        "A_mirror":"false",
        "A_mirrortype":"none",
        "A_movedir":"leftright",
        "A_noisevertex":"0.000",
        "A_nsprites":"1008",
        "A_pitchfactor":"1.000",
        "A_pitchmax":"80",
        "A_pitchmin":"33",
        "A_pitchoffset":"0.000",
        "A_posterize":"true",
        "A_posterize:posterize":"0.190",
        "A_quad":"false",
        "A_rotangdir":"right",
        "A_rotanginit":"0.000",
        "A_rotangspeed":"0.000",
        "A_rotauto":"false",
        "A_saturation":"1.000",
        "A_shape":"line",
        "A_sizefinal":"3.000",
        "A_sizeinitial":"2.401",
        "A_sizetime":"1.823",
        "A_smoothxyz":"3",
        "A_speed":"0.114",
        "A_synth":"P_06_C_03",
        "A_thickness":"9.895",
        "A_timefret1q":"1.000",
        "A_timefret1y":"0.150",
        "A_timefret2q":"0.500",
        "A_timefret2y":"0.500",
        "A_timefret3q":"0.250",
        "A_timefret3y":"0.800",
        "A_timefret4q":"0.125",
        "A_timefret4y":"1.000",
        "A_trails":"false",
        "A_trails:feedback":"0.750",
        "A_twisted":"true",
        "A_twisted:radius":"0.310",
        "A_twisted:twirl":"0.500",
        "A_velocitymax":"127",
        "A_velocitymin":"0",
        "A_xcontroller":"3",
        "A_ycontroller":"2",
        "A_zcontroller":"1",
        "A_zmin":"0.100",
        "B_alphafinal":"0.002",
        "B_alphainitial":"0.953",
        "B_alphatime":"6.342",
        "B_aspect":"1.000",
        "B_blur":"true",
        "B_blur:blurxdistance":"0.100",
        "B_blur:blurydistance":"0.080",
        "B_blur:gaussian":"0.170",
        "B_blur:quality":"0.280",
        "B_bounce":"false",
        "B_controllerchan":"1",
        "B_controllerstyle":"modulationonly",
        "B_controllerzmax":"0.300",
        "B_controllerzmin":"0.050",
        "B_cursorsprites":"true",
        "B_displace":"false",
        "B_displace:xfactor":"0.760",
        "B_displace:yfactor":"0.240",
        "B_edge":"true",
        "B_edge:mode":"0.920",
        "B_edge:multiplier":"0.240",
        "B_filled":"false",
        "B_fragment":"true",
        "B_huefillfinal":"213.328",
        "B_huefillinitial":"22.849",
        "B_huefilltime":"1.108",
        "B_huefinal":"108.000",
        "B_hueinitial":"0.417",
        "B_huerotate":"false",
        "B_huetime":"4.001",
        "B_hvpos":"0.500",
        "B_inputport":"",
        "B_iterate":"false",
        "B_kaleid1":"true",
        "B_kaleid1:angles":"0.300",
        "B_kaleid1:inputrotation":"0.500",
        "B_kaleid1:rotation":"0.000",
        "B_kaleid1:zoom":"0.580",
        "B_kaleid2":"false",
        "B_kaleid2:angles":"0.640",
        "B_kaleid2:inputrotation":"0.500",
        "B_kaleid2:rotation":"0.000",
        "B_kaleid2:zoom":"1.000",
        "B_lifetime":"6.000",
        "B_luminance":"0.500",
        "B_midibehaviour":"default",
        "B_mirror":"false",
        "B_mirrortype":"none",
        "B_movedir":"cursor",
        "B_noisevertex":"0.000",
        "B_nsprites":"1008",
        "B_pitchfactor":"1.000",
        "B_pitchmax":"80",
        "B_pitchmin":"33",
        "B_pitchoffset":"0.000",
        "B_posterize":"true",
        "B_posterize:posterize":"0.190",
        "B_quad":"false",
        "B_rotangdir":"right",
        "B_rotanginit":"0.000",
        "B_rotangspeed":"0.000",
        "B_rotauto":"true",
        "B_saturation":"1.000",
        "B_shape":"line",
        "B_sizefinal":"3.000",
        "B_sizeinitial":"6.397",
        "B_sizetime":"7.817",
        "B_smoothxyz":"3",
        "B_speed":"0.154",
        "B_synth":"P_02_C_01",
        "B_thickness":"8.896",
        "B_timefret1q":"1.000",
        "B_timefret1y":"0.150",
        "B_timefret2q":"0.500",
        "B_timefret2y":"0.500",
        "B_timefret3q":"0.250",
        "B_timefret3y":"0.800",
        "B_timefret4q":"0.125",
        "B_timefret4y":"1.000",
        "B_trails":"false",
        "B_trails:feedback":"0.750",
        "B_twisted":"true",
        "B_twisted:radius":"0.310",
        "B_twisted:twirl":"0.500",
        "B_velocitymax":"127",
        "B_velocitymin":"0",
        "B_xcontroller":"3",
        "B_ycontroller":"2",
        "B_zcontroller":"1",
        "B_zmin":"0.100",
        "C_alphafinal":"0.000",
        "C_alphainitial":"0.710",
        "C_alphatime":"6.342",
        "C_aspect":"1.000",
        "C_blur":"true",
        "C_blur:blurxdistance":"0.100",
        "C_blur:blurydistance":"0.080",
        "C_blur:gaussian":"0.170",
        "C_blur:quality":"0.280",
        "C_bounce":"false",
        "C_controllerchan":"1",
        "C_controllerstyle":"modulationonly",
        "C_controllerzmax":"0.300",
        "C_controllerzmin":"0.050",
        "C_cursorsprites":"true",
        "C_displace":"false",
        "C_displace:xfactor":"0.760",
        "C_displace:yfactor":"0.240",
        "C_edge":"true",
        "C_edge:mode":"0.920",
        "C_edge:multiplier":"0.240",
        "C_filled":"false",
        "C_fragment":"true",
        "C_huefillfinal":"144.000",
        "C_huefillinitial":"144.000",
        "C_huefilltime":"5.000",
        "C_huefinal":"288.000",
        "C_hueinitial":"144.000",
        "C_huerotate":"false",
        "C_huetime":"3.002",
        "C_hvpos":"0.500",
        "C_inputport":"",
        "C_iterate":"false",
        "C_kaleid1":"true",
        "C_kaleid1:angles":"0.300",
        "C_kaleid1:inputrotation":"0.500",
        "C_kaleid1:rotation":"0.000",
        "C_kaleid1:zoom":"0.580",
        "C_kaleid2":"false",
        "C_kaleid2:angles":"0.640",
        "C_kaleid2:inputrotation":"0.500",
        "C_kaleid2:rotation":"0.000",
        "C_kaleid2:zoom":"1.000",
        "C_lifetime":"10.000",
        "C_luminance":"0.500",
        "C_midibehaviour":"default",
        "C_mirror":"false",
        "C_mirrortype":"none",
        "C_movedir":"random",
        "C_noisevertex":"0.000",
        "C_nsprites":"1008",
        "C_pitchfactor":"1.000",
        "C_pitchmax":"80",
        "C_pitchmin":"33",
        "C_pitchoffset":"0.000",
        "C_posterize":"true",
        "C_posterize:posterize":"0.190",
        "C_quad":"false",
        "C_rotangdir":"right",
        "C_rotanginit":"45.000",
        "C_rotangspeed":"14.400",
        "C_rotauto":"true",
        "C_saturation":"1.000",
        "C_shape":"line",
        "C_sizefinal":"3.000",
        "C_sizeinitial":"4.006",
        "C_sizetime":"2.053",
        "C_smoothxyz":"3",
        "C_speed":"0.060",
        "C_synth":"P_04_C_05",
        "C_thickness":"10.000",
        "C_timefret1q":"1.000",
        "C_timefret1y":"0.150",
        "C_timefret2q":"0.500",
        "C_timefret2y":"0.500",
        "C_timefret3q":"0.250",
        "C_timefret3y":"0.800",
        "C_timefret4q":"0.125",
        "C_timefret4y":"1.000",
        "C_trails":"false",
        "C_trails:feedback":"0.750",
        "C_twisted":"true",
        "C_twisted:radius":"0.310",
        "C_twisted:twirl":"0.500",
        "C_velocitymax":"127",
        "C_velocitymin":"0",
        "C_xcontroller":"3",
        "C_ycontroller":"2",
        "C_zcontroller":"1",
        "C_zmin":"0.067",
        "D_alphafinal":"0.002",
        "D_alphainitial":"0.653",
        "D_alphatime":"6.342",
        "D_aspect":"1.000",
        "D_blur":"true",
        "D_blur:blurxdistance":"0.100",
        "D_blur:blurydistance":"0.080",
        "D_blur:gaussian":"0.170",
        "D_blur:quality":"0.280",
        "D_bounce":"false",
        "D_controllerchan":"1",
        "D_controllerstyle":"modulationonly",
        "D_controllerzmax":"0.300",
        "D_controllerzmin":"0.050",
        "D_cursorsprites":"true",
        "D_displace":"false",
        "D_displace:xfactor":"0.760",
        "D_displace:yfactor":"0.240",
        "D_edge":"true",
        "D_edge:mode":"0.920",
        "D_edge:multiplier":"0.240",
        "D_filled":"true",
        "D_fragment":"true",
        "D_huefillfinal":"180.000",
        "D_huefillinitial":"301.092",
        "D_huefilltime":"2.008",
        "D_huefinal":"269.032",
        "D_hueinitial":"272.441",
        "D_huerotate":"false",
        "D_huetime":"4.001",
        "D_hvpos":"0.500",
        "D_inputport":"",
        "D_iterate":"false",
        "D_kaleid1":"true",
        "D_kaleid1:angles":"0.300",
        "D_kaleid1:inputrotation":"0.500",
        "D_kaleid1:rotation":"0.000",
        "D_kaleid1:zoom":"0.580",
        "D_kaleid2":"false",
        "D_kaleid2:angles":"0.640",
        "D_kaleid2:inputrotation":"0.500",
        "D_kaleid2:rotation":"0.000",
        "D_kaleid2:zoom":"1.000",
        "D_lifetime":"10.000",
        "D_luminance":"0.500",
        "D_midibehaviour":"default",
        "D_mirror":"false",
        "D_mirrortype":"none",
        "D_movedir":"left",
        "D_noisevertex":"0.000",
        "D_nsprites":"1008",
        "D_pitchfactor":"1.000",
        "D_pitchmax":"80",
        "D_pitchmin":"33",
        "D_pitchoffset":"0.000",
        "D_posterize":"true",
        "D_posterize:posterize":"0.190",
        "D_quad":"false",
        "D_rotangdir":"right",
        "D_rotanginit":"45.000",
        "D_rotangspeed":"0.000",
        "D_rotauto":"false",
        "D_saturation":"1.000",
        "D_shape":"line",
        "D_sizefinal":"3.000",
        "D_sizeinitial":"4.399",
        "D_sizetime":"8.002",
        "D_smoothxyz":"3",
        "D_speed":"0.104",
        "D_synth":"P_02_C_08",
        "D_thickness":"10.000",
        "D_timefret1q":"1.000",
        "D_timefret1y":"0.150",
        "D_timefret2q":"0.500",
        "D_timefret2y":"0.500",
        "D_timefret3q":"0.250",
        "D_timefret3y":"0.800",
        "D_timefret4q":"0.125",
        "D_timefret4y":"1.000",
        "D_trails":"false",
        "D_trails:feedback":"0.750",
        "D_twisted":"true",
        "D_twisted:radius":"0.310",
        "D_twisted:twirl":"0.500",
        "D_velocitymax":"127",
        "D_velocitymin":"0",
        "D_xcontroller":"3",
        "D_ycontroller":"2",
        "D_zcontroller":"1",
        "D_zmin":"0.400"
    }
}
