{
    "params":{
        "arpeggio":{
            "enabled":1,
            "value":"off"
        },
        "controllerchan":{
            "enabled":1,
            "value":"1"
        },
        "controllerstyle":{
            "enabled":1,
            "value":"modulationonly"
        },
        "controllerzmax":{
            "enabled":1,
            "value":"0.300000"
        },
        "controllerzmin":{
            "enabled":1,
            "value":"0.050000"
        },
        "cursorsprites":{
            "enabled":1,
            "value":"on"
        },
        "doquantize":{
            "enabled":1,
            "value":"on"
        },
        "fullrange":{
            "enabled":1,
            "value":"off"
        },
        "inputchannel":{
            "enabled":1,
            "value":1
        },
        "inputport":{
            "enabled":1,
            "value":""
        },
        "midibehaviour":{
            "enabled":1,
            "value":"none"
        },
        "minbuttonarea":{
            "enabled":1,
            "value":"0.500000"
        },
        "minmove":{
            "enabled":1,
            "value":"0.025000"
        },
        "minmovedepth":{
            "enabled":1,
            "value":"0.025000"
        },
        "pitchmax":{
            "enabled":1,
            "value":"74"
        },
        "pitchmin":{
            "enabled":1,
            "value":"27"
        },
        "quantfactor":{
            "enabled":1,
            "value":"1.000000"
        },
        "quantfixed":{
            "enabled":1,
            "value":"off"
        },
        "regionchannel":{
            "enabled":1,
            "value":"6"
        },
        "regionport":{
            "enabled":1,
            "value":"09. Internal MIDI"
        },
        "scale":{
            "enabled":1,
            "value":"newage"
        },
        "timefret1q":{
            "enabled":1,
            "value":"1.000000"
        },
        "timefret1y":{
            "enabled":1,
            "value":"0.3"
        },
        "timefret2q":{
            "enabled":1,
            "value":"0.500000"
        },
        "timefret2y":{
            "enabled":1,
            "value":"0.6"
        },
        "timefret3q":{
            "enabled":1,
            "value":"0.250000"
        },
        "timefret3y":{
            "enabled":1,
            "value":"0.9"
        },
        "timefret4q":{
            "enabled":1,
            "value":"0.125000"
        },
        "timefret4y":{
            "enabled":1,
            "value":"1.000000"
        },
        "tonicchange":{
            "enabled":1,
            "value":"29994"
        },
        "xcontroller":{
            "enabled":1,
            "value":"1"
        },
        "ycontroller":{
            "enabled":1,
            "value":"1"
        },
        "zcontroller":{
            "enabled":1,
            "value":"1"
        }
    },
    "parent":"Explosive_Shapes_override"
}
