{
"sliders.slider1param": {"valuetype":"string", "min":"sliderParam", "max":"sliderParam", "init":"sizeinitial", "comment":"#" },
"sliders.slider1modify": {"valuetype":"string", "min":"sliderModify", "max":"sliderModify", "init":"replace", "comment":"#" },
"sliders.slider2param": {"valuetype":"string", "min":"sliderParam", "max":"sliderParam", "init":"sizeinitial", "comment":"#" },
"sliders.slider2modify": {"valuetype":"string", "min":"sliderModify", "max":"sliderModify", "init":"replace", "comment":"#" },
"sliders.slider3param": {"valuetype":"string", "min":"sliderParam", "max":"sliderParam", "init":"sizeinitial", "comment":"#" },
"sliders.slider3modify": {"valuetype":"string", "min":"sliderModify", "max":"sliderModify", "init":"replace", "comment":"#" },
"sliders.slider4param": {"valuetype":"string", "min":"sliderParam", "max":"sliderParam", "init":"sizeinitial", "comment":"#" },
"sliders.slider4modify": {"valuetype":"string", "min":"sliderModify", "max":"sliderModify", "init":"replace", "comment":"#" },
"sliders.slider5param": {"valuetype":"string", "min":"sliderParam", "max":"sliderParam", "init":"sizeinitial", "comment":"#" },
"sliders.slider5modify": {"valuetype":"string", "min":"sliderModify", "max":"sliderModify", "init":"replace", "comment":"#" },
"sliders.slider6param": {"valuetype":"string", "min":"sliderParam", "max":"sliderParam", "init":"sizeinitial", "comment":"#" },
"sliders.slider6modify": {"valuetype":"string", "min":"sliderModify", "max":"sliderModify", "init":"replace", "comment":"#" },
"sliders.slider7param": {"valuetype":"string", "min":"sliderParam", "max":"sliderParam", "init":"sizeinitial", "comment":"#" },
"sliders.slider7modify": {"valuetype":"string", "min":"sliderModify", "max":"sliderModify", "init":"replace", "comment":"#" },
"sliders.slider8param": {"valuetype":"string", "min":"sliderParam", "max":"sliderParam", "init":"sizeinitial", "comment":"#" },
"sliders.slider8modify": {"valuetype":"string", "min":"sliderModify", "max":"sliderModify", "init":"replace", "comment":"#" },
	
"effect.twisted": {"valuetype": "bool", "min": "false", "max": "true",  "init": "false", "comment": "#" },
"effect.twisted:twirl": {"valuetype": "double", "min": "0.0", "max": "1.0",  "init": "0.5", "comment": "#" },
"effect.twisted:radius": {"valuetype": "double", "min": "0.0", "max": "1.0",  "init": "0.31", "comment": "#" },
"effect.huerotate": {"valuetype": "bool", "min": "false", "max": "true",  "init": "false", "comment": "#" },
"effect.kaleid1": {"valuetype": "bool", "min": "false", "max": "true",  "init": "false", "comment": "#" },
"effect.kaleid1:angles": {"valuetype": "double", "min": "0.0", "max": "1.0",  "init": "0.3", "comment": "#" },
"effect.kaleid1:rotation": {"valuetype": "double", "min": "0.0", "max": "1.0",  "init": "0.0", "comment": "#" },
"effect.kaleid1:zoom": {"valuetype": "double", "min": "0.0", "max": "1.0",  "init": "0.58", "comment": "#" },
"effect.kaleid1:inputrotation": {"valuetype": "double", "min": "0.0", "max": "1.0",  "init": "0.5", "comment": "#" },
"effect.blur": {"valuetype": "bool", "min": "false", "max": "true",  "init": "false", "comment": "#" },
"effect.blur:blurxdistance": {"valuetype": "double", "min": "0.0", "max": "1.0",  "init": "0.1", "comment": "#" },
"effect.blur:blurydistance": {"valuetype": "double", "min": "0.0", "max": "1.0",  "init": "0.08", "comment": "#" },
"effect.blur:gaussian": {"valuetype": "double", "min": "0.0", "max": "1.0",  "init": "0.17", "comment": "#" },
"effect.blur:quality": {"valuetype": "double", "min": "0.0", "max": "1.0",  "init": "0.28", "comment": "#" },
"effect.quad": {"valuetype": "bool", "min": "false", "max": "true",  "init": "false", "comment": "#" },
"effect.fragment": {"valuetype": "bool", "min": "false", "max": "true",  "init": "false", "comment": "#" },
"effect.posterize": {"valuetype": "bool", "min": "false", "max": "true",  "init": "false", "comment": "#" },
"effect.posterize:posterize": {"valuetype": "double", "min": "0.0", "max": "1.0",  "init": "0.19", "comment": "#" },
"effect.displace": {"valuetype": "bool", "min": "false", "max": "true",  "init": "false", "comment": "#" },
"effect.displace:xfactor": {"valuetype": "double", "min": "0.0", "max": "1.0",  "init": "0.76", "comment": "#" },
"effect.displace:yfactor": {"valuetype": "double", "min": "0.0", "max": "1.0",  "init": "0.24", "comment": "#" },
"effect.iterate": {"valuetype": "bool", "min": "false", "max": "true",  "init": "false", "comment": "#" },
"effect.edge": {"valuetype": "bool", "min": "false", "max": "true",  "init": "false", "comment": "#" },
"effect.edge:mode": {"valuetype": "double", "min": "0.0", "max": "1.0",  "init": "0.92", "comment": "#" },
"effect.edge:multiplier": {"valuetype": "double", "min": "0.0", "max": "1.0",  "init": "0.24", "comment": "#" },
"effect.kaleid2": {"valuetype": "bool", "min": "false", "max": "true",  "init": "false", "comment": "#" },
"effect.kaleid2:angles": {"valuetype": "double", "min": "0.0", "max": "1.0",  "init": "0.64", "comment": "#" },
"effect.kaleid2:rotation": {"valuetype": "double", "min": "0.0", "max": "1.0",  "init": "0.0", "comment": "#" },
"effect.kaleid2:zoom": {"valuetype": "double", "min": "0.0", "max": "1.0",  "init": "1.0", "comment": "#" },
"effect.kaleid2:inputrotation": {"valuetype": "double", "min": "0.0", "max": "1.0",  "init": "0.5", "comment": "#" },
"effect.mirror": {"valuetype": "bool", "min": "false", "max": "true",  "init": "false", "comment": "#" },
"effect.trails": {"valuetype": "bool", "min": "false", "max": "true",  "init": "false", "comment": "#" },
"effect.trails:feedback": {"valuetype": "double", "min": "0.0", "max": "1.0",  "init": "0.85", "comment": "#" },

"misc.quant": {"valuetype":"string", "min":"quant", "max":"quant", "init":"frets", "comment":"# Quantization style" },
"misc.scale": {"valuetype":"string", "min":"scale", "max":"scale", "init":"newage", "comment":"# Quantization style" },
"misc.vol": {"valuetype":"string", "min":"vol", "max":"vol", "init":"pressure", "comment":"# Velocity style" },
"misc.enable:sound": {"valuetype":"bool", "min":"false", "max":"true", "init":"true", "comment":"# Enable Sound" },
"misc.enable:visual": {"valuetype":"bool", "min":"false", "max":"true", "init":"true", "comment":"# Enable Visual" },
"misc.logic_sound": {"valuetype":"string", "min":"logic_sound", "max":"logic_sound", "init":"true", "comment":"# Sound Logic" },
"misc.logic_visual": {"valuetype":"string", "min":"logic_visual", "max":"logic_visual", "init":"true", "comment":"# Visual Logic" },
"misc.loop:length": {"valuetype":"int", "min":"1", "max":"10000", "init":"100", "comment":"#" },
"misc.midibehaviour": {"valuetype": "string", "min": "midibehaviour", "max": "midibehaviour",  "init": "default", "comment": "#" },
"misc.pitchoffset": {"valuetype": "double", "min": "0.0", "max": "128.0",  "init": "0.0", "comment": "#" },
"misc.pitchfactor": {"valuetype": "double", "min": "0.1", "max": "10.0",  "init": "1.0",	"comment": "#" },

"visual.alphafinal": {"valuetype":"double", "min":"0.0", "max":"1.0", "init":"0.0", "comment":"# 0-1" },
"visual.alphainitial": {"valuetype":"double", "min":"0.0", "max":"1.0", "init":"0.2", "comment":"# 0-1" },
"visual.alphatime": {"valuetype":"double", "min":"0.01", "max":"10.0", "init":"2.0", "comment":"# secs" },
"visual.aspect": {"valuetype":"double", "min":"1.0", "max":"10.0", "init":"1.0", "comment":"# 1-10" },
"visual.bounce": {"valuetype":"bool", "min":"false", "max":"true", "init":"false", "comment":"#" },
"visual.filled": {"valuetype":"bool", "min":"false", "max":"true", "init":"true", "comment":"#" },
"visual.gravity": {"valuetype":"int", "min":"0", "max":"10", "init":"0", "comment":"#" },
"visual.huefillfinal": {"valuetype":"double", "min":"0.0", "max":"360.0", "init":"0.0", "comment":"# 0-360" },
"visual.huefillinitial": {"valuetype":"double", "min":"0.0", "max":"360.0", "init":"360.0", "comment":"# 0-360" },
"visual.huefilltime": {"valuetype":"double", "min":"0.01", "max":"10.0", "init":"5.0", "comment":"# secs" },
"visual.huefinal": {"valuetype":"double", "min":"0.0", "max":"360.0", "init":"360.0", "comment":"# 0-360" },
"visual.hueinitial": {"valuetype":"double", "min":"0.0", "max":"360.0", "init":"0.0", "comment":"# 0-360" },
"visual.huetime": {"valuetype":"double", "min":"0.01", "max":"10.0", "init":"5.0", "comment":"# secs" },
"visual.justification": {"valuetype":"string", "min":"justification", "max":"justification", "init":"center", "comment":"#" },
"visual.lifetime": {"valuetype":"double", "min":"0.01", "max":"10.0", "init":"8.0", "comment":"#" },
"visual.luminance": {"valuetype":"double", "min":"0.0", "max":"1.0", "init":"0.5", "comment":"#" },
"visual.mirrortype": {"valuetype":"string", "min":"mirror", "max":"mirror", "init":"none", "comment":"#" },
"visual.movedir": {"valuetype":"string", "min":"movedir", "max":"movedir", "init":"cursor", "comment":"#" },
"visual.noisevertex": {"valuetype":"double", "min":"0.0", "max":"1.0", "init":"0.0", "comment":"# 0-1" },
"visual.placement": {"valuetype":"string", "min":"placement", "max":"placement", "init":"cursor", "comment":"# 0-360" },
"visual.spritesource": {"valuetype":"string", "min":"spritesource", "max":"spritesource", "init":"cursor", "comment":"#" },
"visual.rotangdir": {"valuetype":"string", "min":"rotangdir", "max":"rotangdir", "init":"random", "comment":"# 0-360" },
"visual.rotanginit": {"valuetype":"double", "min":"0.0", "max":"360.0", "init":"0.0", "comment":"# 0-360" },
"visual.rotangspeed": {"valuetype":"double", "min":"-120.0", "max":"120.0", "init":"0.0", "comment":"#" },
"visual.rotauto": {"valuetype":"bool", "min":"false", "max":"true", "init":"true", "comment":"#" },
"visual.saturation": {"valuetype":"double", "min":"0.0", "max":"1.0", "init":"1.0", "comment":"#" },
"visual.shape": {"valuetype":"string", "min":"shape", "max":"shape", "init":"square", "comment":"#" },
"visual.sizefinal": {"valuetype":"double", "min":"0.0", "max":"10.0", "init":"0.4", "comment":"#" },
"visual.sizeinitial": {"valuetype":"double", "min":"0.01", "max":"10.0", "init":"1.0", "comment":"#" },
"visual.sizetime": {"valuetype":"double", "min":"0.01", "max":"10.0", "init":"2.0", "comment":"# secs" },
"visual.speed": {"valuetype":"double", "min":"0.0", "max":"1.0", "init":"0.1", "comment":"#" },
"visual.thickness": {"valuetype":"double", "min":"0.01", "max":"10.0", "init":"3.0", "comment":"#" },
"visual.zmin": {"valuetype":"double", "min":"0.0", "max":"1.0", "init":"0.004", "comment":"#" },
"visual.nsprites": {"valuetype":"int", "min":"1", "max":"10000", "init":"100", "comment":"#" },
"visual.smoothxyz": {"valuetype":"int", "min":"0", "max":"10", "init":"3", "comment":"#" },
	
"sound.controllerchan": {"valuetype":"int", "min":"1", "max":"16", "init":"1", "comment":"#" },
"sound.controllerstyle": {"valuetype":"string", "min":"controllerstyle", "max":"controllerstyle", "init":"modulationonly", "comment":"#" },
"sound.controllerzmax": {"valuetype":"double", "min":"0.0", "max":"1.0", "init":"0.3", "comment":"#" },
"sound.controllerzmin": {"valuetype":"double", "min":"0.0", "max":"1.0", "init":"0.05", "comment":"#" },
"sound.synth": {"valuetype":"string", "min":"synth", "max":"synth", "init":"", "comment":"#" },
"sound.inputport": {"valuetype":"string", "min":"inputport", "max":"inputport", "init":"", "comment":"#" },
"sound.pitchmax": {"valuetype":"int", "min":"0", "max":"127", "init":"80", "comment":"#" },
"sound.pitchmin": {"valuetype":"int", "min":"0", "max":"127", "init":"33", "comment":"#" },
"sound.midifile": {"valuetype":"string", "min":"midifile", "max":"midifile", "init":"jsbach", "comment":"#" },
"sound.velocitymax": {"valuetype":"int", "min":"0", "max":"127", "init":"127", "comment":"#" },
"sound.velocitymin": {"valuetype":"int", "min":"1", "max":"127", "init":"1", "comment":"#" },
"sound.timefret1q": {"valuetype":"double", "min":"0.0", "max":"1.0", "init":"1.0", "comment":"#" },
"sound.timefret1y": {"valuetype":"double", "min":"0.0", "max":"1.0", "init":"0.15", "comment":"#" },
"sound.timefret2q": {"valuetype":"double", "min":"0.0", "max":"1.0", "init":"0.5", "comment":"#" },
"sound.timefret2y": {"valuetype":"double", "min":"0.0", "max":"1.0", "init":"0.5", "comment":"#" },
"sound.timefret3q": {"valuetype":"double", "min":"0.0", "max":"1.0", "init":"0.25", "comment":"#" },
"sound.timefret3y": {"valuetype":"double", "min":"0.0", "max":"1.0", "init":"0.8", "comment":"#" },
"sound.timefret4q": {"valuetype":"double", "min":"0.0", "max":"1.0", "init":"0.125", "comment":"#" },
"sound.timefret4y": {"valuetype":"double", "min":"0.0", "max":"1.0", "init":"1.0", "comment":"#" },
"sound.xcontroller": {"valuetype":"int", "min":"1", "max":"127", "init":"3", "comment":"#" },
"sound.ycontroller": {"valuetype":"int", "min":"1", "max":"127", "init":"2", "comment":"#" },
"sound.zcontroller": {"valuetype":"int", "min":"1", "max":"127", "init":"1", "comment":"#" }
}
