{
    "params":{
        "blur":"false",
        "blur:blurxdistance":"0.100",
        "blur:blurydistance":"0.080",
        "blur:gaussian":"0.170",
        "blur:quality":"0.280",
        "displace":"true",
        "displace:xfactor":"0.760",
        "displace:yfactor":"0.240",
        "edge":"true",
        "edge:mode":"0.920",
        "edge:multiplier":"0.240",
        "fragment":"true",
        "huerotate":"false",
        "iterate":"false",
        "kaleid1":"false",
        "kaleid1:angles":"0.300",
        "kaleid1:inputrotation":"0.500",
        "kaleid1:rotation":"0.000",
        "kaleid1:zoom":"0.580",
        "kaleid2":"false",
        "kaleid2:angles":"0.640",
        "kaleid2:inputrotation":"0.500",
        "kaleid2:rotation":"0.000",
        "kaleid2:zoom":"1.000",
        "mirror":"false",
        "posterize":"false",
        "posterize:posterize":"0.190",
        "quad":"false",
        "trails":"false",
        "trails:feedback":"0.750",
        "twisted":"false",
        "twisted:radius":"0.310",
        "twisted:twirl":"0.500"
    }
}
