{
    "params":{
        "blur":"true",
        "blur:blurxdistance":"0.740",
        "blur:blurydistance":"0.783",
        "blur:gaussian":"0.077",
        "blur:quality":"1.000",
        "displace":"true",
        "displace:xfactor":"0.000",
        "displace:yfactor":"0.000",
        "edge":"false",
        "edge:mode":"0.920",
        "edge:multiplier":"0.540",
        "fragment":"false",
        "huerotate":"false",
        "iterate":"false",
        "kaleid1":"true",
        "kaleid1:angles":"0.611",
        "kaleid1:inputrotation":"0.400",
        "kaleid1:rotation":"0.200",
        "kaleid1:zoom":"0.310",
        "kaleid2":"false",
        "kaleid2:angles":"0.000",
        "kaleid2:inputrotation":"0.000",
        "kaleid2:rotation":"0.000",
        "kaleid2:zoom":"0.000",
        "mirror":"false",
        "posterize":"false",
        "posterize:posterize":"0.190",
        "quad":"false",
        "trails":"true",
        "trails:feedback":"0.000",
        "twisted":"false",
        "twisted:radius":"0.310",
        "twisted:twirl":"0.500"
    }
}
