{
    "params":{
        "controllerchan":"1",
        "controllerstyle":"modulationonly",
        "controllerzmax":"0.300",
        "controllerzmin":"0.050",
        "inputport":"",
        "pitchmax":"59",
        "pitchmin":"36",
        "synth":"P_03_C_10",
        "timefret1q":"1.000",
        "timefret1y":"0.300",
        "timefret2q":"0.500",
        "timefret2y":"0.600",
        "timefret3q":"0.250",
        "timefret3y":"0.900",
        "timefret4q":"0.125",
        "timefret4y":"1.000",
        "velocitymax":"0",
        "velocitymin":"0",
        "xcontroller":"1",
        "ycontroller":"1",
        "zcontroller":"1"
    }
}
