{
    "params":{
        "arpeggio":"false",
        "controllerchan":"1",
        "controllerstyle":"modulationonly",
        "controllerzmax":"0.300",
        "controllerzmin":"0.154",
        "doquantize":"true",
        "fullrange":"true",
        "inputport":"",
        "pitchmax":"60",
        "pitchmin":"36",
        "quantfactor":"1.000",
        "quantfixed":"true",
        "quanttype":"fixed",
        "scale":"newage",
        "synth":"",
        "timefret1q":"1.000",
        "timefret1y":"0.300",
        "timefret2q":"0.500",
        "timefret2y":"0.600",
        "timefret3q":"0.250",
        "timefret3y":"0.900",
        "timefret4q":"0.125",
        "timefret4y":"1.000",
        "tonicchange":"29998",
        "voltype":"fixed",
        "xcontroller":"1",
        "ycontroller":"1",
        "zcontroller":"1"
    }
}
