{
    "params":{
        "A_alphafinal":"0.000",
        "A_alphainitial":"1.000",
        "A_alphatime":"7.292",
        "A_aspect":"1.000",
        "A_blur":"false",
        "A_blur:blurxdistance":"0.100",
        "A_blur:blurydistance":"0.080",
        "A_blur:gaussian":"0.170",
        "A_blur:quality":"0.280",
        "A_bounce":"false",
        "A_controllerchan":"1",
        "A_controllerstyle":"modulationonly",
        "A_controllerzmax":"0.300",
        "A_controllerzmin":"0.050",
        "A_displace":"false",
        "A_displace:xfactor":"0.760",
        "A_displace:yfactor":"0.240",
        "A_edge":"false",
        "A_edge:mode":"0.920",
        "A_edge:multiplier":"0.240",
        "A_enable:sound":"true",
        "A_enable:visual":"true",
        "A_filled":"false",
        "A_fragment":"false",
        "A_gravity":"1",
        "A_huefillfinal":"360.000",
        "A_huefillinitial":"360.000",
        "A_huefilltime":"5.000",
        "A_huefinal":"360.000",
        "A_hueinitial":"360.000",
        "A_huerotate":"false",
        "A_huetime":"1.004",
        "A_inputport":"",
        "A_iterate":"false",
        "A_justification":"center",
        "A_kaleid1":"false",
        "A_kaleid1:angles":"0.300",
        "A_kaleid1:inputrotation":"0.500",
        "A_kaleid1:rotation":"0.000",
        "A_kaleid1:zoom":"0.580",
        "A_kaleid2":"false",
        "A_kaleid2:angles":"0.640",
        "A_kaleid2:inputrotation":"0.500",
        "A_kaleid2:rotation":"0.000",
        "A_kaleid2:zoom":"1.000",
        "A_lifetime":"10.000",
        "A_logic_sound":"true",
        "A_logic_visual":"true",
        "A_loop:length":"100",
        "A_luminance":"0.500",
        "A_midibehaviour":"default",
        "A_midifile":"jsbach",
        "A_mirror":"false",
        "A_mirrortype":"none",
        "A_movedir":"cursor",
        "A_noisevertex":"0.000",
        "A_nsprites":"1128",
        "A_pitchfactor":"1.000",
        "A_pitchmax":"72",
        "A_pitchmin":"25",
        "A_pitchoffset":"0.000",
        "A_placement":"cursor",
        "A_posterize":"false",
        "A_posterize:posterize":"0.190",
        "A_quad":"false",
        "A_quant":"frets",
        "A_rotangdir":"random",
        "A_rotanginit":"90.000",
        "A_rotangspeed":"0.000",
        "A_rotauto":"false",
        "A_saturation":"1.000",
        "A_scale":"newage",
        "A_shape":"square",
        "A_sizefinal":"6.000",
        "A_sizeinitial":"6.995",
        "A_sizetime":"4.106",
        "A_smoothxyz":"10",
        "A_speed":"0.000",
        "A_spritesource":"cursor",
        "A_synth":"P_04_C_08",
        "A_thickness":"10.000",
        "A_timefret1q":"1.000",
        "A_timefret1y":"0.300",
        "A_timefret2q":"0.500",
        "A_timefret2y":"0.600",
        "A_timefret3q":"0.250",
        "A_timefret3y":"0.900",
        "A_timefret4q":"0.125",
        "A_timefret4y":"1.000",
        "A_trails":"false",
        "A_trails:feedback":"0.750",
        "A_twisted":"false",
        "A_twisted:radius":"0.310",
        "A_twisted:twirl":"0.500",
        "A_velocitymax":"127",
        "A_velocitymin":"1",
        "A_vol":"pressure",
        "A_xcontroller":"1",
        "A_ycontroller":"1",
        "A_zcontroller":"1",
        "A_zmin":"0.094",
        "B_alphafinal":"0.000",
        "B_alphainitial":"1.000",
        "B_alphatime":"7.292",
        "B_aspect":"1.000",
        "B_blur":"false",
        "B_blur:blurxdistance":"0.100",
        "B_blur:blurydistance":"0.080",
        "B_blur:gaussian":"0.170",
        "B_blur:quality":"0.280",
        "B_bounce":"false",
        "B_controllerchan":"1",
        "B_controllerstyle":"modulationonly",
        "B_controllerzmax":"0.300",
        "B_controllerzmin":"0.050",
        "B_displace":"false",
        "B_displace:xfactor":"0.760",
        "B_displace:yfactor":"0.240",
        "B_edge":"false",
        "B_edge:mode":"0.920",
        "B_edge:multiplier":"0.240",
        "B_enable:sound":"true",
        "B_enable:visual":"true",
        "B_filled":"false",
        "B_fragment":"false",
        "B_gravity":"1",
        "B_huefillfinal":"360.000",
        "B_huefillinitial":"360.000",
        "B_huefilltime":"5.000",
        "B_huefinal":"360.000",
        "B_hueinitial":"360.000",
        "B_huerotate":"false",
        "B_huetime":"1.004",
        "B_inputport":"",
        "B_iterate":"false",
        "B_justification":"center",
        "B_kaleid1":"false",
        "B_kaleid1:angles":"0.300",
        "B_kaleid1:inputrotation":"0.500",
        "B_kaleid1:rotation":"0.000",
        "B_kaleid1:zoom":"0.580",
        "B_kaleid2":"false",
        "B_kaleid2:angles":"0.640",
        "B_kaleid2:inputrotation":"0.500",
        "B_kaleid2:rotation":"0.000",
        "B_kaleid2:zoom":"1.000",
        "B_lifetime":"10.000",
        "B_logic_sound":"true",
        "B_logic_visual":"true",
        "B_loop:length":"100",
        "B_luminance":"0.500",
        "B_midibehaviour":"default",
        "B_midifile":"jsbach",
        "B_mirror":"false",
        "B_mirrortype":"none",
        "B_movedir":"cursor",
        "B_noisevertex":"0.000",
        "B_nsprites":"1128",
        "B_pitchfactor":"1.000",
        "B_pitchmax":"72",
        "B_pitchmin":"25",
        "B_pitchoffset":"0.000",
        "B_placement":"cursor",
        "B_posterize":"false",
        "B_posterize:posterize":"0.190",
        "B_quad":"false",
        "B_quant":"frets",
        "B_rotangdir":"random",
        "B_rotanginit":"90.000",
        "B_rotangspeed":"0.000",
        "B_rotauto":"false",
        "B_saturation":"1.000",
        "B_scale":"newage",
        "B_shape":"square",
        "B_sizefinal":"6.000",
        "B_sizeinitial":"6.995",
        "B_sizetime":"4.106",
        "B_smoothxyz":"10",
        "B_speed":"0.000",
        "B_spritesource":"cursor",
        "B_synth":"P_12_C_01",
        "B_thickness":"10.000",
        "B_timefret1q":"1.000",
        "B_timefret1y":"0.300",
        "B_timefret2q":"0.500",
        "B_timefret2y":"0.600",
        "B_timefret3q":"0.250",
        "B_timefret3y":"0.900",
        "B_timefret4q":"0.125",
        "B_timefret4y":"1.000",
        "B_trails":"false",
        "B_trails:feedback":"0.750",
        "B_twisted":"false",
        "B_twisted:radius":"0.310",
        "B_twisted:twirl":"0.500",
        "B_velocitymax":"127",
        "B_velocitymin":"1",
        "B_vol":"pressure",
        "B_xcontroller":"1",
        "B_ycontroller":"1",
        "B_zcontroller":"1",
        "B_zmin":"0.094",
        "C_alphafinal":"0.000",
        "C_alphainitial":"1.000",
        "C_alphatime":"6.285",
        "C_aspect":"1.000",
        "C_blur":"false",
        "C_blur:blurxdistance":"0.100",
        "C_blur:blurydistance":"0.080",
        "C_blur:gaussian":"0.170",
        "C_blur:quality":"0.280",
        "C_bounce":"false",
        "C_controllerchan":"1",
        "C_controllerstyle":"modulationonly",
        "C_controllerzmax":"0.300",
        "C_controllerzmin":"0.050",
        "C_displace":"false",
        "C_displace:xfactor":"0.760",
        "C_displace:yfactor":"0.240",
        "C_edge":"false",
        "C_edge:mode":"0.920",
        "C_edge:multiplier":"0.240",
        "C_enable:sound":"true",
        "C_enable:visual":"true",
        "C_filled":"false",
        "C_fragment":"false",
        "C_gravity":"1",
        "C_huefillfinal":"0.000",
        "C_huefillinitial":"360.000",
        "C_huefilltime":"5.000",
        "C_huefinal":"324.000",
        "C_hueinitial":"360.000",
        "C_huerotate":"false",
        "C_huetime":"2.003",
        "C_inputport":"",
        "C_iterate":"false",
        "C_justification":"center",
        "C_kaleid1":"false",
        "C_kaleid1:angles":"0.300",
        "C_kaleid1:inputrotation":"0.500",
        "C_kaleid1:rotation":"0.000",
        "C_kaleid1:zoom":"0.580",
        "C_kaleid2":"false",
        "C_kaleid2:angles":"0.640",
        "C_kaleid2:inputrotation":"0.500",
        "C_kaleid2:rotation":"0.000",
        "C_kaleid2:zoom":"1.000",
        "C_lifetime":"9.996",
        "C_logic_sound":"true",
        "C_logic_visual":"true",
        "C_loop:length":"100",
        "C_luminance":"0.500",
        "C_midibehaviour":"default",
        "C_midifile":"jsbach",
        "C_mirror":"false",
        "C_mirrortype":"none",
        "C_movedir":"random",
        "C_noisevertex":"0.000",
        "C_nsprites":"1044",
        "C_pitchfactor":"1.000",
        "C_pitchmax":"80",
        "C_pitchmin":"33",
        "C_pitchoffset":"0.000",
        "C_placement":"cursor",
        "C_posterize":"false",
        "C_posterize:posterize":"0.190",
        "C_quad":"false",
        "C_quant":"frets",
        "C_rotangdir":"left",
        "C_rotanginit":"0.000",
        "C_rotangspeed":"0.000",
        "C_rotauto":"false",
        "C_saturation":"1.000",
        "C_scale":"newage",
        "C_shape":"square",
        "C_sizefinal":"8.000",
        "C_sizeinitial":"10.000",
        "C_sizetime":"3.079",
        "C_smoothxyz":"3",
        "C_speed":"0.000",
        "C_spritesource":"cursor",
        "C_synth":"P_03_C_01",
        "C_thickness":"4.900",
        "C_timefret1q":"1.000",
        "C_timefret1y":"0.150",
        "C_timefret2q":"0.500",
        "C_timefret2y":"0.500",
        "C_timefret3q":"0.250",
        "C_timefret3y":"0.800",
        "C_timefret4q":"0.125",
        "C_timefret4y":"1.000",
        "C_trails":"false",
        "C_trails:feedback":"0.750",
        "C_twisted":"false",
        "C_twisted:radius":"0.310",
        "C_twisted:twirl":"0.500",
        "C_velocitymax":"127",
        "C_velocitymin":"47",
        "C_vol":"pressure",
        "C_xcontroller":"3",
        "C_ycontroller":"2",
        "C_zcontroller":"1",
        "C_zmin":"0.004",
        "D_alphafinal":"0.000",
        "D_alphainitial":"1.000",
        "D_alphatime":"7.292",
        "D_aspect":"1.000",
        "D_blur":"false",
        "D_blur:blurxdistance":"0.100",
        "D_blur:blurydistance":"0.080",
        "D_blur:gaussian":"0.170",
        "D_blur:quality":"0.280",
        "D_bounce":"false",
        "D_controllerchan":"1",
        "D_controllerstyle":"modulationonly",
        "D_controllerzmax":"0.300",
        "D_controllerzmin":"0.050",
        "D_displace":"false",
        "D_displace:xfactor":"0.760",
        "D_displace:yfactor":"0.240",
        "D_edge":"false",
        "D_edge:mode":"0.920",
        "D_edge:multiplier":"0.240",
        "D_enable:sound":"true",
        "D_enable:visual":"true",
        "D_filled":"false",
        "D_fragment":"false",
        "D_gravity":"1",
        "D_huefillfinal":"360.000",
        "D_huefillinitial":"360.000",
        "D_huefilltime":"5.000",
        "D_huefinal":"360.000",
        "D_hueinitial":"360.000",
        "D_huerotate":"false",
        "D_huetime":"1.004",
        "D_inputport":"",
        "D_iterate":"false",
        "D_justification":"center",
        "D_kaleid1":"false",
        "D_kaleid1:angles":"0.300",
        "D_kaleid1:inputrotation":"0.500",
        "D_kaleid1:rotation":"0.000",
        "D_kaleid1:zoom":"0.580",
        "D_kaleid2":"false",
        "D_kaleid2:angles":"0.640",
        "D_kaleid2:inputrotation":"0.500",
        "D_kaleid2:rotation":"0.000",
        "D_kaleid2:zoom":"1.000",
        "D_lifetime":"10.000",
        "D_logic_sound":"true",
        "D_logic_visual":"true",
        "D_loop:length":"100",
        "D_luminance":"0.500",
        "D_midibehaviour":"default",
        "D_midifile":"jsbach",
        "D_mirror":"false",
        "D_mirrortype":"none",
        "D_movedir":"cursor",
        "D_noisevertex":"0.000",
        "D_nsprites":"1128",
        "D_pitchfactor":"1.000",
        "D_pitchmax":"80",
        "D_pitchmin":"33",
        "D_pitchoffset":"0.000",
        "D_placement":"cursor",
        "D_posterize":"false",
        "D_posterize:posterize":"0.190",
        "D_quad":"false",
        "D_quant":"frets",
        "D_rotangdir":"random",
        "D_rotanginit":"90.000",
        "D_rotangspeed":"0.000",
        "D_rotauto":"false",
        "D_saturation":"1.000",
        "D_scale":"newage",
        "D_shape":"square",
        "D_sizefinal":"6.000",
        "D_sizeinitial":"6.995",
        "D_sizetime":"4.106",
        "D_smoothxyz":"10",
        "D_speed":"0.000",
        "D_spritesource":"cursor",
        "D_synth":"P_04_C_04",
        "D_thickness":"10.000",
        "D_timefret1q":"1.000",
        "D_timefret1y":"0.150",
        "D_timefret2q":"0.500",
        "D_timefret2y":"0.500",
        "D_timefret3q":"0.250",
        "D_timefret3y":"0.800",
        "D_timefret4q":"0.125",
        "D_timefret4y":"1.000",
        "D_trails":"false",
        "D_trails:feedback":"0.750",
        "D_twisted":"false",
        "D_twisted:radius":"0.310",
        "D_twisted:twirl":"0.500",
        "D_velocitymax":"101",
        "D_velocitymin":"25",
        "D_vol":"pressure",
        "D_xcontroller":"3",
        "D_ycontroller":"2",
        "D_zcontroller":"1",
        "D_zmin":"0.094"
    }
}
