{
    "params":{
        "blur":"true",
        "blur:blurxdistance":"0.300",
        "blur:blurydistance":"0.300",
        "blur:gaussian":"0.600",
        "blur:quality":"0.600",
        "displace":"false",
        "displace:xfactor":"0.000",
        "displace:yfactor":"0.000",
        "edge":"true",
        "edge:mode":"1.000",
        "edge:multiplier":"0.800",
        "fragment":"true",
        "huerotate":"false",
        "iterate":"false",
        "kaleid1":"true",
        "kaleid1:angles":"0.700",
        "kaleid1:inputrotation":"0.200",
        "kaleid1:rotation":"0.000",
        "kaleid1:zoom":"1.000",
        "kaleid2":"false",
        "kaleid2:angles":"0.600",
        "kaleid2:inputrotation":"0.000",
        "kaleid2:rotation":"0.000",
        "kaleid2:zoom":"0.500",
        "mirror":"false",
        "posterize":"false",
        "posterize:posterize":"0.190",
        "quad":"false",
        "trails":"false",
        "trails:feedback":"0.000",
        "twisted":"false",
        "twisted:radius":"0.310",
        "twisted:twirl":"0.500"
    }
}
