{
    "params":{
        "blur":{
            "enabled":true,
            "value":"true"
        },
        "displace":{
            "enabled":true,
            "value":"false"
        },
        "edge":{
            "enabled":true,
            "value":"true"
        },
        "fragment":{
            "enabled":true,
            "value":"false"
        },
        "huerotate":{
            "enabled":true,
            "value":"false"
        },
        "iterate":{
            "enabled":true,
            "value":"false"
        },
        "kaleid1":{
            "enabled":true,
            "value":"true"
        },
        "kaleid2":{
            "enabled":true,
            "value":"false"
        },
        "mirror":{
            "enabled":true,
            "value":"false"
        },
        "posterize":{
            "enabled":true,
            "value":"false"
        },
        "quad":{
            "enabled":true,
            "value":"false"
        },
        "trails":{
            "enabled":true,
            "value":"false"
        },
        "twisted":{
            "enabled":true,
            "value":"false"
        }
    },
    "parent":""
}
