{
    "params":{
        "slider1modify":"replace",
        "slider1param":"sizeinitial",
        "slider2modify":"replace",
        "slider2param":"sizefinal",
        "slider3modify":"replace",
        "slider3param":"sizetime",
        "slider4modify":"replace",
        "slider4param":"speed",
        "slider5modify":"replace",
        "slider5param":"noisevertex",
        "slider6modify":"replace",
        "slider6param":"rotanginit",
        "slider7modify":"replace",
        "slider7param":"rotangspeed",
        "slider8modify":"replace",
        "slider8param":"nsprites"
    }
}
