{
    "params":{
        "A_alphafinal":"0.100",
        "A_alphainitial":"0.890",
        "A_alphatime":"5.286",
        "A_aspect":"1.000",
        "A_blur":"true",
        "A_blur:blurxdistance":"0.740",
        "A_blur:blurydistance":"0.783",
        "A_blur:gaussian":"0.107",
        "A_blur:quality":"1.000",
        "A_bounce":"false",
        "A_controllerchan":"1",
        "A_controllerstyle":"modulationonly",
        "A_controllerzmax":"0.300",
        "A_controllerzmin":"0.050",
        "A_cursorsprites":"true",
        "A_displace":"true",
        "A_displace:xfactor":"0.000",
        "A_displace:yfactor":"0.000",
        "A_edge":"false",
        "A_edge:mode":"1.000",
        "A_edge:multiplier":"0.800",
        "A_filled":"true",
        "A_fragment":"false",
        "A_huefillfinal":"0.000",
        "A_huefillinitial":"288.000",
        "A_huefilltime":"5.000",
        "A_huefinal":"252.000",
        "A_hueinitial":"252.000",
        "A_huerotate":"false",
        "A_huetime":"2.003",
        "A_hvpos":"0.500",
        "A_inputport":"",
        "A_iterate":"false",
        "A_kaleid1":"false",
        "A_kaleid1:angles":"0.000",
        "A_kaleid1:inputrotation":"0.000",
        "A_kaleid1:rotation":"0.000",
        "A_kaleid1:zoom":"0.000",
        "A_kaleid2":"false",
        "A_kaleid2:angles":"0.000",
        "A_kaleid2:inputrotation":"0.000",
        "A_kaleid2:rotation":"0.000",
        "A_kaleid2:zoom":"0.000",
        "A_lifetime":"10.000",
        "A_luminance":"0.500",
        "A_midibehaviour":"default",
        "A_mirror":"false",
        "A_mirrortype":"none",
        "A_movedir":"random90",
        "A_noisevertex":"0.000",
        "A_nsprites":"50",
        "A_pitchfactor":"1.000",
        "A_pitchmax":"74",
        "A_pitchmin":"27",
        "A_pitchoffset":"0.000",
        "A_posterize":"false",
        "A_posterize:posterize":"0.190",
        "A_quad":"false",
        "A_rotangdir":"left",
        "A_rotanginit":"0.000",
        "A_rotangspeed":"120.000",
        "A_rotauto":"false",
        "A_saturation":"1.000",
        "A_shape":"circle",
        "A_sizefinal":"4.423",
        "A_sizeinitial":"3.400",
        "A_sizetime":"3.565",
        "A_smoothxyz":"3",
        "A_speed":"0.130",
        "A_synth":"P_01_C_06",
        "A_thickness":"4.900",
        "A_timefret1q":"1.000",
        "A_timefret1y":"0.300",
        "A_timefret2q":"0.500",
        "A_timefret2y":"0.600",
        "A_timefret3q":"0.250",
        "A_timefret3y":"0.900",
        "A_timefret4q":"0.125",
        "A_timefret4y":"1.000",
        "A_trails":"true",
        "A_trails:feedback":"0.000",
        "A_twisted":"false",
        "A_twisted:radius":"0.310",
        "A_twisted:twirl":"0.500",
        "A_velocitymax":"127",
        "A_velocitymin":"48",
        "A_xcontroller":"1",
        "A_ycontroller":"1",
        "A_zcontroller":"1",
        "A_zmin":"0.100",
        "B_alphafinal":"0.000",
        "B_alphainitial":"0.890",
        "B_alphatime":"5.286",
        "B_aspect":"1.000",
        "B_blur":"true",
        "B_blur:blurxdistance":"0.740",
        "B_blur:blurydistance":"0.780",
        "B_blur:gaussian":"0.077",
        "B_blur:quality":"1.000",
        "B_bounce":"false",
        "B_controllerchan":"1",
        "B_controllerstyle":"modulationonly",
        "B_controllerzmax":"0.300",
        "B_controllerzmin":"0.050",
        "B_cursorsprites":"true",
        "B_displace":"true",
        "B_displace:xfactor":"0.000",
        "B_displace:yfactor":"0.000",
        "B_edge":"false",
        "B_edge:mode":"0.920",
        "B_edge:multiplier":"0.240",
        "B_filled":"true",
        "B_fragment":"false",
        "B_huefillfinal":"72.000",
        "B_huefillinitial":"144.000",
        "B_huefilltime":"5.000",
        "B_huefinal":"360.000",
        "B_hueinitial":"36.000",
        "B_huerotate":"true",
        "B_huetime":"1.004",
        "B_hvpos":"0.500",
        "B_inputport":"",
        "B_iterate":"false",
        "B_kaleid1":"false",
        "B_kaleid1:angles":"0.300",
        "B_kaleid1:inputrotation":"0.500",
        "B_kaleid1:rotation":"0.000",
        "B_kaleid1:zoom":"0.580",
        "B_kaleid2":"false",
        "B_kaleid2:angles":"0.640",
        "B_kaleid2:inputrotation":"0.500",
        "B_kaleid2:rotation":"0.000",
        "B_kaleid2:zoom":"1.000",
        "B_lifetime":"10.000",
        "B_luminance":"0.500",
        "B_midibehaviour":"default",
        "B_mirror":"false",
        "B_mirrortype":"none",
        "B_movedir":"random90",
        "B_noisevertex":"0.000",
        "B_nsprites":"148",
        "B_pitchfactor":"1.000",
        "B_pitchmax":"80",
        "B_pitchmin":"57",
        "B_pitchoffset":"0.000",
        "B_posterize":"false",
        "B_posterize:posterize":"0.190",
        "B_quad":"false",
        "B_rotangdir":"right",
        "B_rotanginit":"90.000",
        "B_rotangspeed":"72.000",
        "B_rotauto":"false",
        "B_saturation":"1.000",
        "B_shape":"circle",
        "B_sizefinal":"5.423",
        "B_sizeinitial":"2.000",
        "B_sizetime":"5.050",
        "B_smoothxyz":"3",
        "B_speed":"0.130",
        "B_synth":"P_02_C_01",
        "B_thickness":"4.558",
        "B_timefret1q":"1.000",
        "B_timefret1y":"0.150",
        "B_timefret2q":"0.500",
        "B_timefret2y":"0.500",
        "B_timefret3q":"0.250",
        "B_timefret3y":"0.800",
        "B_timefret4q":"0.125",
        "B_timefret4y":"1.000",
        "B_trails":"true",
        "B_trails:feedback":"0.000",
        "B_twisted":"false",
        "B_twisted:radius":"0.310",
        "B_twisted:twirl":"0.500",
        "B_velocitymax":"127",
        "B_velocitymin":"0",
        "B_xcontroller":"3",
        "B_ycontroller":"2",
        "B_zcontroller":"1",
        "B_zmin":"0.100",
        "C_alphafinal":"0.000",
        "C_alphainitial":"0.890",
        "C_alphatime":"5.286",
        "C_aspect":"1.000",
        "C_blur":"true",
        "C_blur:blurxdistance":"0.740",
        "C_blur:blurydistance":"0.783",
        "C_blur:gaussian":"0.077",
        "C_blur:quality":"1.000",
        "C_bounce":"false",
        "C_controllerchan":"1",
        "C_controllerstyle":"modulationonly",
        "C_controllerzmax":"0.300",
        "C_controllerzmin":"0.050",
        "C_cursorsprites":"true",
        "C_displace":"true",
        "C_displace:xfactor":"0.000",
        "C_displace:yfactor":"0.000",
        "C_edge":"false",
        "C_edge:mode":"0.920",
        "C_edge:multiplier":"0.540",
        "C_filled":"true",
        "C_fragment":"false",
        "C_huefillfinal":"0.000",
        "C_huefillinitial":"360.000",
        "C_huefilltime":"5.000",
        "C_huefinal":"36.000",
        "C_hueinitial":"36.000",
        "C_huerotate":"false",
        "C_huetime":"5.000",
        "C_hvpos":"0.500",
        "C_inputport":"",
        "C_iterate":"false",
        "C_kaleid1":"false",
        "C_kaleid1:angles":"0.611",
        "C_kaleid1:inputrotation":"0.400",
        "C_kaleid1:rotation":"0.200",
        "C_kaleid1:zoom":"0.310",
        "C_kaleid2":"false",
        "C_kaleid2:angles":"0.000",
        "C_kaleid2:inputrotation":"0.000",
        "C_kaleid2:rotation":"0.000",
        "C_kaleid2:zoom":"0.000",
        "C_lifetime":"10.000",
        "C_luminance":"0.500",
        "C_midibehaviour":"default",
        "C_mirror":"false",
        "C_mirrortype":"none",
        "C_movedir":"random90",
        "C_noisevertex":"0.900",
        "C_nsprites":"349",
        "C_pitchfactor":"1.000",
        "C_pitchmax":"80",
        "C_pitchmin":"33",
        "C_pitchoffset":"0.000",
        "C_posterize":"false",
        "C_posterize:posterize":"0.190",
        "C_quad":"false",
        "C_rotangdir":"left",
        "C_rotanginit":"45.000",
        "C_rotangspeed":"72.000",
        "C_rotauto":"false",
        "C_saturation":"1.000",
        "C_shape":"circle",
        "C_sizefinal":"3.423",
        "C_sizeinitial":"2.001",
        "C_sizetime":"3.079",
        "C_smoothxyz":"3",
        "C_speed":"0.130",
        "C_synth":"P_06_C_01",
        "C_thickness":"10.000",
        "C_timefret1q":"1.000",
        "C_timefret1y":"0.150",
        "C_timefret2q":"0.500",
        "C_timefret2y":"0.500",
        "C_timefret3q":"0.250",
        "C_timefret3y":"0.800",
        "C_timefret4q":"0.125",
        "C_timefret4y":"1.000",
        "C_trails":"true",
        "C_trails:feedback":"0.000",
        "C_twisted":"false",
        "C_twisted:radius":"0.310",
        "C_twisted:twirl":"0.500",
        "C_velocitymax":"127",
        "C_velocitymin":"0",
        "C_xcontroller":"3",
        "C_ycontroller":"2",
        "C_zcontroller":"1",
        "C_zmin":"0.067",
        "D_alphafinal":"0.340",
        "D_alphainitial":"0.890",
        "D_alphatime":"5.286",
        "D_aspect":"1.000",
        "D_blur":"true",
        "D_blur:blurxdistance":"0.740",
        "D_blur:blurydistance":"0.783",
        "D_blur:gaussian":"0.107",
        "D_blur:quality":"1.000",
        "D_bounce":"false",
        "D_controllerchan":"1",
        "D_controllerstyle":"modulationonly",
        "D_controllerzmax":"0.300",
        "D_controllerzmin":"0.050",
        "D_cursorsprites":"true",
        "D_displace":"true",
        "D_displace:xfactor":"0.000",
        "D_displace:yfactor":"0.000",
        "D_edge":"false",
        "D_edge:mode":"0.920",
        "D_edge:multiplier":"0.570",
        "D_filled":"true",
        "D_fragment":"false",
        "D_huefillfinal":"86.400",
        "D_huefillinitial":"223.200",
        "D_huefilltime":"2.008",
        "D_huefinal":"288.000",
        "D_hueinitial":"180.360",
        "D_huerotate":"false",
        "D_huetime":"2.003",
        "D_hvpos":"0.500",
        "D_inputport":"",
        "D_iterate":"false",
        "D_kaleid1":"false",
        "D_kaleid1:angles":"0.000",
        "D_kaleid1:inputrotation":"0.000",
        "D_kaleid1:rotation":"0.000",
        "D_kaleid1:zoom":"0.000",
        "D_kaleid2":"false",
        "D_kaleid2:angles":"0.000",
        "D_kaleid2:inputrotation":"0.000",
        "D_kaleid2:rotation":"0.000",
        "D_kaleid2:zoom":"0.000",
        "D_lifetime":"10.000",
        "D_luminance":"0.500",
        "D_midibehaviour":"default",
        "D_mirror":"false",
        "D_mirrortype":"none",
        "D_movedir":"random90",
        "D_noisevertex":"0.000",
        "D_nsprites":"248",
        "D_pitchfactor":"1.000",
        "D_pitchmax":"80",
        "D_pitchmin":"33",
        "D_pitchoffset":"0.000",
        "D_posterize":"false",
        "D_posterize:posterize":"0.190",
        "D_quad":"false",
        "D_rotangdir":"right",
        "D_rotanginit":"45.000",
        "D_rotangspeed":"72.000",
        "D_rotauto":"false",
        "D_saturation":"1.000",
        "D_shape":"circle",
        "D_sizefinal":"4.423",
        "D_sizeinitial":"1.500",
        "D_sizetime":"3.088",
        "D_smoothxyz":"3",
        "D_speed":"0.130",
        "D_synth":"P_04_C_03",
        "D_thickness":"10.000",
        "D_timefret1q":"1.000",
        "D_timefret1y":"0.150",
        "D_timefret2q":"0.500",
        "D_timefret2y":"0.500",
        "D_timefret3q":"0.250",
        "D_timefret3y":"0.800",
        "D_timefret4q":"0.125",
        "D_timefret4y":"1.000",
        "D_trails":"true",
        "D_trails:feedback":"0.000",
        "D_twisted":"false",
        "D_twisted:radius":"0.310",
        "D_twisted:twirl":"0.500",
        "D_velocitymax":"127",
        "D_velocitymin":"0",
        "D_xcontroller":"3",
        "D_ycontroller":"2",
        "D_zcontroller":"1",
        "D_zmin":"0.100"
    }
}
