{
    "params":{
        "A_alphafinal":"0.000",
        "A_alphainitial":"1.000",
        "A_alphatime":"7.003",
        "A_aspect":"1.000",
        "A_blur":"true",
        "A_blur:blurxdistance":"0.240",
        "A_blur:blurydistance":"0.183",
        "A_blur:gaussian":"0.077",
        "A_blur:quality":"1.000",
        "A_bounce":"false",
        "A_controllerchan":"1",
        "A_controllerstyle":"modulationonly",
        "A_controllerzmax":"0.300",
        "A_controllerzmin":"0.050",
        "A_cursorsprites":"true",
        "A_displace":"false",
        "A_displace:xfactor":"0.000",
        "A_displace:yfactor":"0.000",
        "A_edge":"true",
        "A_edge:mode":"0.320",
        "A_edge:multiplier":"1.000",
        "A_filled":"false",
        "A_fragment":"false",
        "A_huefillfinal":"360.000",
        "A_huefillinitial":"324.000",
        "A_huefilltime":"3.002",
        "A_huefinal":"212.400",
        "A_hueinitial":"178.560",
        "A_huerotate":"false",
        "A_huetime":"1.004",
        "A_hvpos":"0.500",
        "A_inputport":"",
        "A_iterate":"false",
        "A_kaleid1":"true",
        "A_kaleid1:angles":"0.611",
        "A_kaleid1:inputrotation":"0.400",
        "A_kaleid1:rotation":"0.200",
        "A_kaleid1:zoom":"0.310",
        "A_kaleid2":"false",
        "A_kaleid2:angles":"0.000",
        "A_kaleid2:inputrotation":"0.000",
        "A_kaleid2:rotation":"0.000",
        "A_kaleid2:zoom":"0.000",
        "A_lifetime":"10.000",
        "A_luminance":"0.500",
        "A_midibehaviour":"default",
        "A_mirror":"false",
        "A_mirrortype":"none",
        "A_movedir":"leftright",
        "A_noisevertex":"0.000",
        "A_nsprites":"2044",
        "A_pitchfactor":"1.000",
        "A_pitchmax":"80",
        "A_pitchmin":"33",
        "A_pitchoffset":"0.000",
        "A_posterize":"true",
        "A_posterize:posterize":"0.190",
        "A_quad":"false",
        "A_rotangdir":"random",
        "A_rotanginit":"0.000",
        "A_rotangspeed":"5.520",
        "A_rotauto":"false",
        "A_saturation":"1.000",
        "A_shape":"square",
        "A_sizefinal":"10.000",
        "A_sizeinitial":"1.588",
        "A_sizetime":"6.562",
        "A_smoothxyz":"0",
        "A_speed":"0.000",
        "A_synth":"P_05_C_02",
        "A_thickness":"2.008",
        "A_timefret1q":"1.000",
        "A_timefret1y":"0.150",
        "A_timefret2q":"0.500",
        "A_timefret2y":"0.500",
        "A_timefret3q":"0.250",
        "A_timefret3y":"0.800",
        "A_timefret4q":"0.125",
        "A_timefret4y":"1.000",
        "A_trails":"true",
        "A_trails:feedback":"0.000",
        "A_twisted":"true",
        "A_twisted:radius":"0.310",
        "A_twisted:twirl":"0.500",
        "A_velocitymax":"127",
        "A_velocitymin":"0",
        "A_xcontroller":"3",
        "A_ycontroller":"2",
        "A_zcontroller":"1",
        "A_zmin":"0.100",
        "B_alphafinal":"0.000",
        "B_alphainitial":"1.000",
        "B_alphatime":"7.003",
        "B_aspect":"1.000",
        "B_blur":"true",
        "B_blur:blurxdistance":"0.240",
        "B_blur:blurydistance":"0.183",
        "B_blur:gaussian":"0.077",
        "B_blur:quality":"1.000",
        "B_bounce":"false",
        "B_controllerchan":"1",
        "B_controllerstyle":"modulationonly",
        "B_controllerzmax":"0.300",
        "B_controllerzmin":"0.050",
        "B_cursorsprites":"true",
        "B_displace":"false",
        "B_displace:xfactor":"0.000",
        "B_displace:yfactor":"0.000",
        "B_edge":"true",
        "B_edge:mode":"0.320",
        "B_edge:multiplier":"1.000",
        "B_filled":"false",
        "B_fragment":"false",
        "B_huefillfinal":"144.000",
        "B_huefillinitial":"144.000",
        "B_huefilltime":"5.000",
        "B_huefinal":"61.200",
        "B_hueinitial":"0.000",
        "B_huerotate":"false",
        "B_huetime":"2.003",
        "B_hvpos":"0.500",
        "B_inputport":"",
        "B_iterate":"false",
        "B_kaleid1":"true",
        "B_kaleid1:angles":"0.611",
        "B_kaleid1:inputrotation":"0.400",
        "B_kaleid1:rotation":"0.200",
        "B_kaleid1:zoom":"0.310",
        "B_kaleid2":"false",
        "B_kaleid2:angles":"0.000",
        "B_kaleid2:inputrotation":"0.000",
        "B_kaleid2:rotation":"0.000",
        "B_kaleid2:zoom":"0.000",
        "B_lifetime":"10.000",
        "B_luminance":"0.500",
        "B_midibehaviour":"default",
        "B_mirror":"false",
        "B_mirrortype":"none",
        "B_movedir":"leftright",
        "B_noisevertex":"0.000",
        "B_nsprites":"2044",
        "B_pitchfactor":"1.000",
        "B_pitchmax":"80",
        "B_pitchmin":"45",
        "B_pitchoffset":"0.000",
        "B_posterize":"true",
        "B_posterize:posterize":"0.190",
        "B_quad":"false",
        "B_rotangdir":"random",
        "B_rotanginit":"0.000",
        "B_rotangspeed":"5.520",
        "B_rotauto":"false",
        "B_saturation":"1.000",
        "B_shape":"square",
        "B_sizefinal":"10.000",
        "B_sizeinitial":"1.588",
        "B_sizetime":"6.562",
        "B_smoothxyz":"0",
        "B_speed":"0.000",
        "B_synth":"P_06_C_08",
        "B_thickness":"2.008",
        "B_timefret1q":"1.000",
        "B_timefret1y":"0.150",
        "B_timefret2q":"0.500",
        "B_timefret2y":"0.500",
        "B_timefret3q":"0.250",
        "B_timefret3y":"0.800",
        "B_timefret4q":"0.125",
        "B_timefret4y":"1.000",
        "B_trails":"true",
        "B_trails:feedback":"0.000",
        "B_twisted":"true",
        "B_twisted:radius":"0.310",
        "B_twisted:twirl":"0.500",
        "B_velocitymax":"127",
        "B_velocitymin":"0",
        "B_xcontroller":"3",
        "B_ycontroller":"2",
        "B_zcontroller":"1",
        "B_zmin":"0.100",
        "C_alphafinal":"0.000",
        "C_alphainitial":"1.000",
        "C_alphatime":"7.003",
        "C_aspect":"1.000",
        "C_blur":"true",
        "C_blur:blurxdistance":"0.240",
        "C_blur:blurydistance":"0.183",
        "C_blur:gaussian":"0.077",
        "C_blur:quality":"1.000",
        "C_bounce":"false",
        "C_controllerchan":"1",
        "C_controllerstyle":"modulationonly",
        "C_controllerzmax":"0.300",
        "C_controllerzmin":"0.050",
        "C_cursorsprites":"true",
        "C_displace":"false",
        "C_displace:xfactor":"0.000",
        "C_displace:yfactor":"0.000",
        "C_edge":"true",
        "C_edge:mode":"0.320",
        "C_edge:multiplier":"1.000",
        "C_filled":"false",
        "C_fragment":"false",
        "C_huefillfinal":"288.000",
        "C_huefillinitial":"288.000",
        "C_huefilltime":"1.009",
        "C_huefinal":"262.800",
        "C_hueinitial":"237.600",
        "C_huerotate":"false",
        "C_huetime":"2.003",
        "C_hvpos":"0.500",
        "C_inputport":"",
        "C_iterate":"false",
        "C_kaleid1":"true",
        "C_kaleid1:angles":"0.611",
        "C_kaleid1:inputrotation":"0.400",
        "C_kaleid1:rotation":"0.200",
        "C_kaleid1:zoom":"0.310",
        "C_kaleid2":"false",
        "C_kaleid2:angles":"0.000",
        "C_kaleid2:inputrotation":"0.000",
        "C_kaleid2:rotation":"0.000",
        "C_kaleid2:zoom":"0.000",
        "C_lifetime":"10.000",
        "C_luminance":"0.500",
        "C_midibehaviour":"default",
        "C_mirror":"false",
        "C_mirrortype":"none",
        "C_movedir":"leftright",
        "C_noisevertex":"0.000",
        "C_nsprites":"2044",
        "C_pitchfactor":"1.000",
        "C_pitchmax":"80",
        "C_pitchmin":"33",
        "C_pitchoffset":"0.000",
        "C_posterize":"true",
        "C_posterize:posterize":"0.190",
        "C_quad":"false",
        "C_rotangdir":"random",
        "C_rotanginit":"0.000",
        "C_rotangspeed":"5.520",
        "C_rotauto":"false",
        "C_saturation":"1.000",
        "C_shape":"square",
        "C_sizefinal":"10.000",
        "C_sizeinitial":"1.588",
        "C_sizetime":"6.562",
        "C_smoothxyz":"0",
        "C_speed":"0.000",
        "C_synth":"P_03_C_05",
        "C_thickness":"2.008",
        "C_timefret1q":"1.000",
        "C_timefret1y":"0.150",
        "C_timefret2q":"0.500",
        "C_timefret2y":"0.500",
        "C_timefret3q":"0.250",
        "C_timefret3y":"0.800",
        "C_timefret4q":"0.125",
        "C_timefret4y":"1.000",
        "C_trails":"true",
        "C_trails:feedback":"0.000",
        "C_twisted":"true",
        "C_twisted:radius":"0.310",
        "C_twisted:twirl":"0.500",
        "C_velocitymax":"127",
        "C_velocitymin":"0",
        "C_xcontroller":"3",
        "C_ycontroller":"2",
        "C_zcontroller":"1",
        "C_zmin":"0.067",
        "D_alphafinal":"0.000",
        "D_alphainitial":"1.000",
        "D_alphatime":"7.003",
        "D_aspect":"1.000",
        "D_blur":"true",
        "D_blur:blurxdistance":"0.240",
        "D_blur:blurydistance":"0.183",
        "D_blur:gaussian":"0.077",
        "D_blur:quality":"1.000",
        "D_bounce":"false",
        "D_controllerchan":"1",
        "D_controllerstyle":"modulationonly",
        "D_controllerzmax":"0.300",
        "D_controllerzmin":"0.050",
        "D_cursorsprites":"true",
        "D_displace":"false",
        "D_displace:xfactor":"0.000",
        "D_displace:yfactor":"0.000",
        "D_edge":"true",
        "D_edge:mode":"0.320",
        "D_edge:multiplier":"1.000",
        "D_filled":"false",
        "D_fragment":"false",
        "D_huefillfinal":"18.000",
        "D_huefillinitial":"18.000",
        "D_huefilltime":"2.008",
        "D_huefinal":"216.000",
        "D_hueinitial":"288.000",
        "D_huerotate":"false",
        "D_huetime":"1.004",
        "D_hvpos":"0.500",
        "D_inputport":"",
        "D_iterate":"false",
        "D_kaleid1":"true",
        "D_kaleid1:angles":"0.611",
        "D_kaleid1:inputrotation":"0.400",
        "D_kaleid1:rotation":"0.200",
        "D_kaleid1:zoom":"0.310",
        "D_kaleid2":"false",
        "D_kaleid2:angles":"0.000",
        "D_kaleid2:inputrotation":"0.000",
        "D_kaleid2:rotation":"0.000",
        "D_kaleid2:zoom":"0.000",
        "D_lifetime":"10.000",
        "D_luminance":"0.500",
        "D_midibehaviour":"default",
        "D_mirror":"false",
        "D_mirrortype":"none",
        "D_movedir":"leftright",
        "D_noisevertex":"0.000",
        "D_nsprites":"2044",
        "D_pitchfactor":"1.000",
        "D_pitchmax":"80",
        "D_pitchmin":"45",
        "D_pitchoffset":"0.000",
        "D_posterize":"true",
        "D_posterize:posterize":"0.190",
        "D_quad":"false",
        "D_rotangdir":"random",
        "D_rotanginit":"0.000",
        "D_rotangspeed":"5.520",
        "D_rotauto":"false",
        "D_saturation":"1.000",
        "D_shape":"square",
        "D_sizefinal":"10.000",
        "D_sizeinitial":"1.588",
        "D_sizetime":"6.562",
        "D_smoothxyz":"0",
        "D_speed":"0.000",
        "D_synth":"P_06_C_08",
        "D_thickness":"2.008",
        "D_timefret1q":"1.000",
        "D_timefret1y":"0.150",
        "D_timefret2q":"0.500",
        "D_timefret2y":"0.500",
        "D_timefret3q":"0.250",
        "D_timefret3y":"0.800",
        "D_timefret4q":"0.125",
        "D_timefret4y":"1.000",
        "D_trails":"true",
        "D_trails:feedback":"0.000",
        "D_twisted":"true",
        "D_twisted:radius":"0.310",
        "D_twisted:twirl":"0.500",
        "D_velocitymax":"127",
        "D_velocitymin":"48",
        "D_xcontroller":"3",
        "D_ycontroller":"2",
        "D_zcontroller":"1",
        "D_zmin":"0.100"
    }
}
