{
    "params":{
        "A_alphafinal":"0.000",
        "A_alphainitial":"1.000",
        "A_alphatime":"3.987",
        "A_aspect":"1.000",
        "A_blur":"false",
        "A_blur:blurxdistance":"0.100",
        "A_blur:blurydistance":"0.080",
        "A_blur:gaussian":"0.170",
        "A_blur:quality":"0.280",
        "A_bounce":"false",
        "A_controllerchan":"1",
        "A_controllerstyle":"modulationonly",
        "A_controllerzmax":"0.300",
        "A_controllerzmin":"0.050",
        "A_cursorsprites":"true",
        "A_displace":"false",
        "A_displace:xfactor":"0.760",
        "A_displace:yfactor":"0.240",
        "A_edge":"false",
        "A_edge:mode":"0.920",
        "A_edge:multiplier":"0.240",
        "A_filled":"false",
        "A_fragment":"false",
        "A_huefillfinal":"360.000",
        "A_huefillinitial":"360.000",
        "A_huefilltime":"5.000",
        "A_huefinal":"108.000",
        "A_hueinitial":"252.000",
        "A_huerotate":"false",
        "A_huetime":"2.003",
        "A_hvpos":"0.500",
        "A_inputport":"",
        "A_iterate":"false",
        "A_kaleid1":"true",
        "A_kaleid1:angles":"0.800",
        "A_kaleid1:inputrotation":"0.500",
        "A_kaleid1:rotation":"0.300",
        "A_kaleid1:zoom":"0.680",
        "A_kaleid2":"true",
        "A_kaleid2:angles":"0.840",
        "A_kaleid2:inputrotation":"0.500",
        "A_kaleid2:rotation":"0.100",
        "A_kaleid2:zoom":"1.000",
        "A_lifetime":"9.996",
        "A_luminance":"0.500",
        "A_midibehaviour":"default",
        "A_mirror":"false",
        "A_mirrortype":"none",
        "A_movedir":"random90",
        "A_noisevertex":"0.000",
        "A_nsprites":"87",
        "A_pitchfactor":"1.000",
        "A_pitchmax":"71",
        "A_pitchmin":"47",
        "A_pitchoffset":"0.000",
        "A_posterize":"false",
        "A_posterize:posterize":"0.190",
        "A_quad":"false",
        "A_rotangdir":"left",
        "A_rotanginit":"0.000",
        "A_rotangspeed":"0.000",
        "A_rotauto":"false",
        "A_saturation":"1.000",
        "A_shape":"triangle",
        "A_sizefinal":"5.000",
        "A_sizeinitial":"4.453",
        "A_sizetime":"6.076",
        "A_smoothxyz":"0",
        "A_speed":"0.160",
        "A_synth":"P_02_C_08",
        "A_thickness":"1.903",
        "A_timefret1q":"1.000",
        "A_timefret1y":"0.300",
        "A_timefret2q":"0.500",
        "A_timefret2y":"0.600",
        "A_timefret3q":"0.250",
        "A_timefret3y":"0.900",
        "A_timefret4q":"0.125",
        "A_timefret4y":"1.000",
        "A_trails":"true",
        "A_trails:feedback":"0.750",
        "A_twisted":"false",
        "A_twisted:radius":"0.310",
        "A_twisted:twirl":"0.500",
        "A_velocitymax":"127",
        "A_velocitymin":"32",
        "A_xcontroller":"1",
        "A_ycontroller":"1",
        "A_zcontroller":"1",
        "A_zmin":"0.100",
        "B_alphafinal":"0.000",
        "B_alphainitial":"1.000",
        "B_alphatime":"3.987",
        "B_aspect":"1.000",
        "B_blur":"false",
        "B_blur:blurxdistance":"0.100",
        "B_blur:blurydistance":"0.080",
        "B_blur:gaussian":"0.170",
        "B_blur:quality":"0.280",
        "B_bounce":"false",
        "B_controllerchan":"1",
        "B_controllerstyle":"modulationonly",
        "B_controllerzmax":"0.300",
        "B_controllerzmin":"0.050",
        "B_cursorsprites":"true",
        "B_displace":"false",
        "B_displace:xfactor":"0.760",
        "B_displace:yfactor":"0.240",
        "B_edge":"false",
        "B_edge:mode":"0.920",
        "B_edge:multiplier":"0.240",
        "B_filled":"false",
        "B_fragment":"false",
        "B_huefillfinal":"0.000",
        "B_huefillinitial":"288.000",
        "B_huefilltime":"5.000",
        "B_huefinal":"118.800",
        "B_hueinitial":"0.000",
        "B_huerotate":"false",
        "B_huetime":"4.001",
        "B_hvpos":"0.500",
        "B_inputport":"",
        "B_iterate":"false",
        "B_kaleid1":"true",
        "B_kaleid1:angles":"0.800",
        "B_kaleid1:inputrotation":"0.500",
        "B_kaleid1:rotation":"0.300",
        "B_kaleid1:zoom":"0.680",
        "B_kaleid2":"true",
        "B_kaleid2:angles":"0.840",
        "B_kaleid2:inputrotation":"0.500",
        "B_kaleid2:rotation":"0.100",
        "B_kaleid2:zoom":"1.000",
        "B_lifetime":"9.996",
        "B_luminance":"0.400",
        "B_midibehaviour":"default",
        "B_mirror":"false",
        "B_mirrortype":"none",
        "B_movedir":"random90",
        "B_noisevertex":"0.000",
        "B_nsprites":"87",
        "B_pitchfactor":"1.000",
        "B_pitchmax":"78",
        "B_pitchmin":"43",
        "B_pitchoffset":"0.000",
        "B_posterize":"false",
        "B_posterize:posterize":"0.190",
        "B_quad":"false",
        "B_rotangdir":"random",
        "B_rotanginit":"90.000",
        "B_rotangspeed":"0.000",
        "B_rotauto":"false",
        "B_saturation":"1.000",
        "B_shape":"triangle",
        "B_sizefinal":"5.000",
        "B_sizeinitial":"4.453",
        "B_sizetime":"7.075",
        "B_smoothxyz":"0",
        "B_speed":"0.160",
        "B_synth":"P_12_C_01",
        "B_thickness":"1.903",
        "B_timefret1q":"1.000",
        "B_timefret1y":"0.300",
        "B_timefret2q":"0.500",
        "B_timefret2y":"0.600",
        "B_timefret3q":"0.250",
        "B_timefret3y":"0.900",
        "B_timefret4q":"0.125",
        "B_timefret4y":"1.000",
        "B_trails":"true",
        "B_trails:feedback":"0.750",
        "B_twisted":"false",
        "B_twisted:radius":"0.310",
        "B_twisted:twirl":"0.500",
        "B_velocitymax":"127",
        "B_velocitymin":"21",
        "B_xcontroller":"1",
        "B_ycontroller":"1",
        "B_zcontroller":"1",
        "B_zmin":"0.100",
        "C_alphafinal":"0.000",
        "C_alphainitial":"1.000",
        "C_alphatime":"3.987",
        "C_aspect":"1.000",
        "C_blur":"false",
        "C_blur:blurxdistance":"0.100",
        "C_blur:blurydistance":"0.080",
        "C_blur:gaussian":"0.170",
        "C_blur:quality":"0.280",
        "C_bounce":"false",
        "C_controllerchan":"1",
        "C_controllerstyle":"modulationonly",
        "C_controllerzmax":"0.300",
        "C_controllerzmin":"0.050",
        "C_cursorsprites":"true",
        "C_displace":"false",
        "C_displace:xfactor":"0.760",
        "C_displace:yfactor":"0.240",
        "C_edge":"false",
        "C_edge:mode":"0.920",
        "C_edge:multiplier":"0.240",
        "C_filled":"false",
        "C_fragment":"false",
        "C_huefillfinal":"72.000",
        "C_huefillinitial":"144.000",
        "C_huefilltime":"5.000",
        "C_huefinal":"0.000",
        "C_hueinitial":"36.000",
        "C_huerotate":"false",
        "C_huetime":"2.003",
        "C_hvpos":"0.500",
        "C_inputport":"",
        "C_iterate":"false",
        "C_kaleid1":"true",
        "C_kaleid1:angles":"0.800",
        "C_kaleid1:inputrotation":"0.500",
        "C_kaleid1:rotation":"0.300",
        "C_kaleid1:zoom":"0.680",
        "C_kaleid2":"true",
        "C_kaleid2:angles":"0.840",
        "C_kaleid2:inputrotation":"0.500",
        "C_kaleid2:rotation":"0.100",
        "C_kaleid2:zoom":"1.000",
        "C_lifetime":"8.997",
        "C_luminance":"0.500",
        "C_midibehaviour":"default",
        "C_mirror":"false",
        "C_mirrortype":"none",
        "C_movedir":"random90",
        "C_noisevertex":"0.000",
        "C_nsprites":"87",
        "C_pitchfactor":"1.000",
        "C_pitchmax":"81",
        "C_pitchmin":"35",
        "C_pitchoffset":"0.000",
        "C_posterize":"false",
        "C_posterize:posterize":"0.190",
        "C_quad":"false",
        "C_rotangdir":"left",
        "C_rotanginit":"0.000",
        "C_rotangspeed":"0.000",
        "C_rotauto":"false",
        "C_saturation":"1.000",
        "C_shape":"triangle",
        "C_sizefinal":"5.000",
        "C_sizeinitial":"4.453",
        "C_sizetime":"6.076",
        "C_smoothxyz":"0",
        "C_speed":"0.160",
        "C_synth":"P_12_C_08",
        "C_thickness":"1.903",
        "C_timefret1q":"1.000",
        "C_timefret1y":"0.300",
        "C_timefret2q":"0.500",
        "C_timefret2y":"0.600",
        "C_timefret3q":"0.250",
        "C_timefret3y":"0.900",
        "C_timefret4q":"0.125",
        "C_timefret4y":"1.000",
        "C_trails":"true",
        "C_trails:feedback":"0.750",
        "C_twisted":"false",
        "C_twisted:radius":"0.310",
        "C_twisted:twirl":"0.500",
        "C_velocitymax":"127",
        "C_velocitymin":"47",
        "C_xcontroller":"1",
        "C_ycontroller":"1",
        "C_zcontroller":"1",
        "C_zmin":"0.100",
        "D_alphafinal":"0.000",
        "D_alphainitial":"1.000",
        "D_alphatime":"3.987",
        "D_aspect":"1.000",
        "D_blur":"false",
        "D_blur:blurxdistance":"0.100",
        "D_blur:blurydistance":"0.080",
        "D_blur:gaussian":"0.170",
        "D_blur:quality":"0.280",
        "D_bounce":"false",
        "D_controllerchan":"1",
        "D_controllerstyle":"modulationonly",
        "D_controllerzmax":"0.300",
        "D_controllerzmin":"0.050",
        "D_cursorsprites":"true",
        "D_displace":"false",
        "D_displace:xfactor":"0.760",
        "D_displace:yfactor":"0.240",
        "D_edge":"false",
        "D_edge:mode":"0.920",
        "D_edge:multiplier":"0.240",
        "D_filled":"false",
        "D_fragment":"false",
        "D_huefillfinal":"158.400",
        "D_huefillinitial":"223.200",
        "D_huefilltime":"2.008",
        "D_huefinal":"288.000",
        "D_hueinitial":"180.360",
        "D_huerotate":"false",
        "D_huetime":"2.003",
        "D_hvpos":"0.500",
        "D_inputport":"",
        "D_iterate":"false",
        "D_kaleid1":"true",
        "D_kaleid1:angles":"0.800",
        "D_kaleid1:inputrotation":"0.500",
        "D_kaleid1:rotation":"0.300",
        "D_kaleid1:zoom":"0.680",
        "D_kaleid2":"true",
        "D_kaleid2:angles":"0.840",
        "D_kaleid2:inputrotation":"0.500",
        "D_kaleid2:rotation":"0.100",
        "D_kaleid2:zoom":"1.000",
        "D_lifetime":"10.000",
        "D_luminance":"0.500",
        "D_midibehaviour":"default",
        "D_mirror":"false",
        "D_mirrortype":"none",
        "D_movedir":"random90",
        "D_noisevertex":"0.000",
        "D_nsprites":"87",
        "D_pitchfactor":"1.000",
        "D_pitchmax":"84",
        "D_pitchmin":"60",
        "D_pitchoffset":"0.000",
        "D_posterize":"false",
        "D_posterize:posterize":"0.190",
        "D_quad":"false",
        "D_rotangdir":"right",
        "D_rotanginit":"90.000",
        "D_rotangspeed":"0.000",
        "D_rotauto":"false",
        "D_saturation":"1.000",
        "D_shape":"triangle",
        "D_sizefinal":"5.000",
        "D_sizeinitial":"4.453",
        "D_sizetime":"5.077",
        "D_smoothxyz":"0",
        "D_speed":"0.160",
        "D_synth":"P_11_C_04",
        "D_thickness":"1.903",
        "D_timefret1q":"1.000",
        "D_timefret1y":"0.300",
        "D_timefret2q":"0.500",
        "D_timefret2y":"0.600",
        "D_timefret3q":"0.250",
        "D_timefret3y":"0.900",
        "D_timefret4q":"0.125",
        "D_timefret4y":"1.000",
        "D_trails":"true",
        "D_trails:feedback":"0.750",
        "D_twisted":"false",
        "D_twisted:radius":"0.310",
        "D_twisted:twirl":"0.500",
        "D_velocitymax":"127",
        "D_velocitymin":"25",
        "D_xcontroller":"1",
        "D_ycontroller":"1",
        "D_zcontroller":"1",
        "D_zmin":"0.100"
    }
}
