{
    "params":{
        "patchA":{
            "enabled":false,
            "value":"Basic_Chaos_A"
        },
        "patchB":{
            "enabled":false,
            "value":"Basic_Chaos_B"
        },
        "patchC":{
            "enabled":false,
            "value":"Basic_Chaos_C"
        },
        "patchD":{
            "enabled":false,
            "value":"Basic_Chaos_D"
        },
        "sliders":{
            "enabled":true,
            "value":""
        }
    },
    "parent":""
}
