{
	"destination": [ ".", "A", "B", "C", "D" ],
	"logic_sound": [ "default", "midigrid" ],
	"logic_visual": [ "default", "maze", "maze4", "maze33" ],
	"quant": [ "none", "frets", "fixed", "pressure" ],
	"vol": [ "fixed", "pressure" ],
  "sliderModify": [ "scale", "replace" ],
  "shape": [ "nothing", "line", "triangle", "square", "arc", "circle" ],
  "movedir": [ "cursor", "left", "right", "up", "down", "random", "random90", "updown", "leftright" ],
  "rotangdir": [ "right", "left", "random" ],
  "mirror": [ "none", "vertical", "horizontal", "four" ],
  "justification": [ "center", "left", "right", "top", "bottom", "topleft", "topright", "bottomleft", "bottomright" ],
  "controllerstyle": [ "modulationonly", "allcontrollers", "pitchYZ", "nothing" ],
  "placement": [ "random", "linear", "cursor" ],
  "spritesource": [ "cursor", "midi", "none" ],
  "midibehaviour": [
    "scalecapture",
    "none",
    "sprite"
  ],
  "scale": [
    "external",
    "newage",
    "arabian",
    "ionian",
    "dorian",
    "phrygian",
    "lydian",
    "mixolydian",
    "aeolian",
    "locrian",
    "octaves",
    "harminor",
    "melminor",
    "chromatic"
  ],
  "inputport": [
    "",
    "microKEY2 Air"
  ],
  "synth": [
    "",
    "DummyWave"
  ],
  "regionport": [
    "01. Internal MIDI",
    "02. Internal MIDI",
    "03. Internal MIDI",
    "04. Internal MIDI",
    "05. Internal MIDI",
    "06. Internal MIDI",
    "07. Internal MIDI",
    "08. Internal MIDI",
    "09. Internal MIDI",
    "10. Internal MIDI",
    "11. Internal MIDI",
    "12. Internal MIDI"
  ]
}
