{
    "params":{
        "A_alphafinal":"0.000",
        "A_alphainitial":"1.000",
        "A_alphatime":"2.590",
        "A_aspect":"1.000",
        "A_blur":"true",
        "A_blur:blurxdistance":"0.100",
        "A_blur:blurydistance":"0.080",
        "A_blur:gaussian":"0.170",
        "A_blur:quality":"0.280",
        "A_bounce":"false",
        "A_controllerchan":"1",
        "A_controllerstyle":"modulationonly",
        "A_controllerzmax":"0.300",
        "A_controllerzmin":"0.050",
        "A_cursorsprites":"true",
        "A_displace":"true",
        "A_displace:xfactor":"0.760",
        "A_displace:yfactor":"0.240",
        "A_edge":"false",
        "A_edge:mode":"0.920",
        "A_edge:multiplier":"0.240",
        "A_filled":"false",
        "A_fragment":"false",
        "A_huefillfinal":"270.000",
        "A_huefillinitial":"255.600",
        "A_huefilltime":"2.802",
        "A_huefinal":"332.640",
        "A_hueinitial":"219.600",
        "A_huerotate":"false",
        "A_huetime":"3.002",
        "A_hvpos":"0.500",
        "A_inputport":"",
        "A_iterate":"false",
        "A_kaleid1":"false",
        "A_kaleid1:angles":"0.300",
        "A_kaleid1:inputrotation":"0.500",
        "A_kaleid1:rotation":"0.000",
        "A_kaleid1:zoom":"0.580",
        "A_kaleid2":"false",
        "A_kaleid2:angles":"0.640",
        "A_kaleid2:inputrotation":"0.500",
        "A_kaleid2:rotation":"0.000",
        "A_kaleid2:zoom":"1.000",
        "A_lifetime":"10.000",
        "A_luminance":"0.500",
        "A_midibehaviour":"default",
        "A_mirror":"false",
        "A_mirrortype":"none",
        "A_movedir":"random",
        "A_noisevertex":"0.000",
        "A_nsprites":"249",
        "A_pitchfactor":"1.000",
        "A_pitchmax":"77",
        "A_pitchmin":"33",
        "A_pitchoffset":"0.000",
        "A_posterize":"false",
        "A_posterize:posterize":"0.190",
        "A_quad":"false",
        "A_rotangdir":"left",
        "A_rotanginit":"0.000",
        "A_rotangspeed":"120.000",
        "A_rotauto":"false",
        "A_saturation":"1.000",
        "A_shape":"circle",
        "A_sizefinal":"6.200",
        "A_sizeinitial":"4.399",
        "A_sizetime":"1.783",
        "A_smoothxyz":"10",
        "A_speed":"0.160",
        "A_synth":"P_03_C_01",
        "A_thickness":"7.897",
        "A_timefret1q":"1.000",
        "A_timefret1y":"0.300",
        "A_timefret2q":"0.500",
        "A_timefret2y":"0.600",
        "A_timefret3q":"0.250",
        "A_timefret3y":"0.900",
        "A_timefret4q":"0.125",
        "A_timefret4y":"1.000",
        "A_trails":"false",
        "A_trails:feedback":"0.750",
        "A_twisted":"false",
        "A_twisted:radius":"0.310",
        "A_twisted:twirl":"0.500",
        "A_velocitymax":"127",
        "A_velocitymin":"45",
        "A_xcontroller":"1",
        "A_ycontroller":"1",
        "A_zcontroller":"1",
        "A_zmin":"0.100",
        "B_alphafinal":"0.000",
        "B_alphainitial":"1.000",
        "B_alphatime":"2.590",
        "B_aspect":"1.000",
        "B_blur":"true",
        "B_blur:blurxdistance":"0.100",
        "B_blur:blurydistance":"0.080",
        "B_blur:gaussian":"0.170",
        "B_blur:quality":"0.280",
        "B_bounce":"false",
        "B_controllerchan":"1",
        "B_controllerstyle":"modulationonly",
        "B_controllerzmax":"0.300",
        "B_controllerzmin":"0.050",
        "B_cursorsprites":"true",
        "B_displace":"true",
        "B_displace:xfactor":"0.760",
        "B_displace:yfactor":"0.240",
        "B_edge":"false",
        "B_edge:mode":"0.920",
        "B_edge:multiplier":"0.240",
        "B_filled":"false",
        "B_fragment":"false",
        "B_huefillfinal":"234.000",
        "B_huefillinitial":"198.000",
        "B_huefilltime":"2.907",
        "B_huefinal":"162.000",
        "B_hueinitial":"198.000",
        "B_huerotate":"false",
        "B_huetime":"3.002",
        "B_hvpos":"0.500",
        "B_inputport":"",
        "B_iterate":"false",
        "B_kaleid1":"false",
        "B_kaleid1:angles":"0.300",
        "B_kaleid1:inputrotation":"0.500",
        "B_kaleid1:rotation":"0.000",
        "B_kaleid1:zoom":"0.580",
        "B_kaleid2":"false",
        "B_kaleid2:angles":"0.640",
        "B_kaleid2:inputrotation":"0.500",
        "B_kaleid2:rotation":"0.000",
        "B_kaleid2:zoom":"1.000",
        "B_lifetime":"10.000",
        "B_luminance":"0.600",
        "B_midibehaviour":"default",
        "B_mirror":"false",
        "B_mirrortype":"none",
        "B_movedir":"random",
        "B_noisevertex":"0.000",
        "B_nsprites":"249",
        "B_pitchfactor":"1.000",
        "B_pitchmax":"67",
        "B_pitchmin":"40",
        "B_pitchoffset":"0.000",
        "B_posterize":"false",
        "B_posterize:posterize":"0.190",
        "B_quad":"false",
        "B_rotangdir":"left",
        "B_rotanginit":"90.000",
        "B_rotangspeed":"72.000",
        "B_rotauto":"false",
        "B_saturation":"1.000",
        "B_shape":"circle",
        "B_sizefinal":"9.000",
        "B_sizeinitial":"4.997",
        "B_sizetime":"3.052",
        "B_smoothxyz":"10",
        "B_speed":"0.060",
        "B_synth":"P_06_C_01",
        "B_thickness":"7.555",
        "B_timefret1q":"1.000",
        "B_timefret1y":"0.300",
        "B_timefret2q":"0.500",
        "B_timefret2y":"0.600",
        "B_timefret3q":"0.250",
        "B_timefret3y":"0.900",
        "B_timefret4q":"0.125",
        "B_timefret4y":"1.000",
        "B_trails":"false",
        "B_trails:feedback":"0.750",
        "B_twisted":"false",
        "B_twisted:radius":"0.310",
        "B_twisted:twirl":"0.500",
        "B_velocitymax":"127",
        "B_velocitymin":"46",
        "B_xcontroller":"1",
        "B_ycontroller":"1",
        "B_zcontroller":"1",
        "B_zmin":"0.100",
        "C_alphafinal":"0.000",
        "C_alphainitial":"1.000",
        "C_alphatime":"2.590",
        "C_aspect":"1.000",
        "C_blur":"true",
        "C_blur:blurxdistance":"0.100",
        "C_blur:blurydistance":"0.080",
        "C_blur:gaussian":"0.170",
        "C_blur:quality":"0.280",
        "C_bounce":"false",
        "C_controllerchan":"1",
        "C_controllerstyle":"modulationonly",
        "C_controllerzmax":"0.300",
        "C_controllerzmin":"0.050",
        "C_cursorsprites":"true",
        "C_displace":"true",
        "C_displace:xfactor":"0.760",
        "C_displace:yfactor":"0.240",
        "C_edge":"false",
        "C_edge:mode":"0.920",
        "C_edge:multiplier":"0.240",
        "C_filled":"false",
        "C_fragment":"false",
        "C_huefillfinal":"0.000",
        "C_huefillinitial":"32.400",
        "C_huefilltime":"3.002",
        "C_huefinal":"36.000",
        "C_hueinitial":"36.000",
        "C_huerotate":"false",
        "C_huetime":"3.002",
        "C_hvpos":"0.500",
        "C_inputport":"",
        "C_iterate":"false",
        "C_kaleid1":"false",
        "C_kaleid1:angles":"0.300",
        "C_kaleid1:inputrotation":"0.500",
        "C_kaleid1:rotation":"0.000",
        "C_kaleid1:zoom":"0.580",
        "C_kaleid2":"false",
        "C_kaleid2:angles":"0.640",
        "C_kaleid2:inputrotation":"0.500",
        "C_kaleid2:rotation":"0.000",
        "C_kaleid2:zoom":"1.000",
        "C_lifetime":"10.000",
        "C_luminance":"0.600",
        "C_midibehaviour":"default",
        "C_mirror":"false",
        "C_mirrortype":"none",
        "C_movedir":"random",
        "C_noisevertex":"0.900",
        "C_nsprites":"249",
        "C_pitchfactor":"1.000",
        "C_pitchmax":"77",
        "C_pitchmin":"37",
        "C_pitchoffset":"0.000",
        "C_posterize":"false",
        "C_posterize:posterize":"0.190",
        "C_quad":"false",
        "C_rotangdir":"right",
        "C_rotanginit":"0.000",
        "C_rotangspeed":"72.000",
        "C_rotauto":"false",
        "C_saturation":"1.000",
        "C_shape":"circle",
        "C_sizefinal":"9.010",
        "C_sizeinitial":"2.000",
        "C_sizetime":"5.077",
        "C_smoothxyz":"10",
        "C_speed":"0.060",
        "C_synth":"P_03_C_03",
        "C_thickness":"8.002",
        "C_timefret1q":"1.000",
        "C_timefret1y":"0.300",
        "C_timefret2q":"0.500",
        "C_timefret2y":"0.600",
        "C_timefret3q":"0.250",
        "C_timefret3y":"0.900",
        "C_timefret4q":"0.125",
        "C_timefret4y":"1.000",
        "C_trails":"false",
        "C_trails:feedback":"0.750",
        "C_twisted":"false",
        "C_twisted:radius":"0.310",
        "C_twisted:twirl":"0.500",
        "C_velocitymax":"127",
        "C_velocitymin":"66",
        "C_xcontroller":"1",
        "C_ycontroller":"1",
        "C_zcontroller":"1",
        "C_zmin":"0.067",
        "D_alphafinal":"0.000",
        "D_alphainitial":"1.000",
        "D_alphatime":"2.590",
        "D_aspect":"1.000",
        "D_blur":"true",
        "D_blur:blurxdistance":"0.100",
        "D_blur:blurydistance":"0.080",
        "D_blur:gaussian":"0.170",
        "D_blur:quality":"0.280",
        "D_bounce":"true",
        "D_controllerchan":"1",
        "D_controllerstyle":"modulationonly",
        "D_controllerzmax":"0.300",
        "D_controllerzmin":"0.050",
        "D_cursorsprites":"true",
        "D_displace":"true",
        "D_displace:xfactor":"0.760",
        "D_displace:yfactor":"0.240",
        "D_edge":"false",
        "D_edge:mode":"0.920",
        "D_edge:multiplier":"0.240",
        "D_filled":"false",
        "D_fragment":"false",
        "D_huefillfinal":"252.000",
        "D_huefillinitial":"360.000",
        "D_huefilltime":"2.108",
        "D_huefinal":"360.000",
        "D_hueinitial":"360.000",
        "D_huerotate":"false",
        "D_huetime":"3.002",
        "D_hvpos":"0.500",
        "D_inputport":"",
        "D_iterate":"false",
        "D_kaleid1":"false",
        "D_kaleid1:angles":"0.300",
        "D_kaleid1:inputrotation":"0.500",
        "D_kaleid1:rotation":"0.000",
        "D_kaleid1:zoom":"0.580",
        "D_kaleid2":"false",
        "D_kaleid2:angles":"0.640",
        "D_kaleid2:inputrotation":"0.500",
        "D_kaleid2:rotation":"0.000",
        "D_kaleid2:zoom":"1.000",
        "D_lifetime":"7.998",
        "D_luminance":"0.600",
        "D_midibehaviour":"default",
        "D_mirror":"false",
        "D_mirrortype":"none",
        "D_movedir":"random",
        "D_noisevertex":"0.000",
        "D_nsprites":"249",
        "D_pitchfactor":"1.000",
        "D_pitchmax":"77",
        "D_pitchmin":"30",
        "D_pitchoffset":"0.000",
        "D_posterize":"false",
        "D_posterize:posterize":"0.190",
        "D_quad":"false",
        "D_rotangdir":"right",
        "D_rotanginit":"90.000",
        "D_rotangspeed":"72.000",
        "D_rotauto":"false",
        "D_saturation":"1.000",
        "D_shape":"circle",
        "D_sizefinal":"9.000",
        "D_sizeinitial":"6.396",
        "D_sizetime":"6.355",
        "D_smoothxyz":"10",
        "D_speed":"0.100",
        "D_synth":"P_04_C_08",
        "D_thickness":"8.002",
        "D_timefret1q":"1.000",
        "D_timefret1y":"0.300",
        "D_timefret2q":"0.500",
        "D_timefret2y":"0.600",
        "D_timefret3q":"0.250",
        "D_timefret3y":"0.900",
        "D_timefret4q":"0.125",
        "D_timefret4y":"1.000",
        "D_trails":"false",
        "D_trails:feedback":"0.750",
        "D_twisted":"false",
        "D_twisted:radius":"0.310",
        "D_twisted:twirl":"0.500",
        "D_velocitymax":"127",
        "D_velocitymin":"81",
        "D_xcontroller":"1",
        "D_ycontroller":"1",
        "D_zcontroller":"1",
        "D_zmin":"0.100"
    }
}
