{
  "host": "127.0.0.1",
  "port": 7000,
  "effects": {
    "twisted": {
      "on": {
        "addr": "/composition/layers/{layernum}/clips/{clipnum}/video/effects/twisted/bypassed",
        "arg": 0
      },
      "off": {
        "addr": "/composition/layers/{layernum}/clips/{clipnum}/video/effects/twisted/bypassed",
        "arg": 1
      },
      "params": {
        "twirl": "/composition/layers/{layernum}/clips/{clipnum}/video/effects/twisted/effect/twirl",
        "radius": "/composition/layers/{layernum}/clips/{clipnum}/video/effects/twisted/effect/radius"
      }
    },
    "huerotate": {
      "on": {
        "addr": "/composition/layers/{layernum}/clips/{clipnum}/video/effects/huerotate/bypassed",
        "arg": 0
      },
      "off": {
        "addr": "/composition/layers/{layernum}/clips/{clipnum}/video/effects/huerotate/bypassed",
        "arg": 1
      }
    },
    "kaleid1": {
      "on": {
        "addr": "/composition/layers/{layernum}/clips/{clipnum}/video/effects/kaleidoscope/bypassed",
        "arg": 0
      },
      "off": {
        "addr": "/composition/layers/{layernum}/clips/{clipnum}/video/effects/kaleidoscope/bypassed",
        "arg": 1
      },
      "params": {
        "angles": "/composition/layers/{layernum}/clips/{clipnum}/video/effects/kaleidoscope/effect/angles",
        "rotation": "/composition/layers/{layernum}/clips/{clipnum}/video/effects/kaleidoscope/effect/rotation",
        "zoom": "/composition/layers/{layernum}/clips/{clipnum}/video/effects/kaleidoscope/effect/zoom",
        "inputrotation": "/composition/layers/{layernum}/clips/{clipnum}/video/effects/kaleidoscope/effect/inputrotation"
      }
    },
    "blur": {
      "on": {
        "addr": "/composition/layers/{layernum}/clips/{clipnum}/video/effects/blur/bypassed",
        "arg": 0
      },
      "off": {
        "addr": "/composition/layers/{layernum}/clips/{clipnum}/video/effects/blur/bypassed",
        "arg": 1
      },
      "params": {
        "blurxdistance": "/composition/layers/{layernum}/clips/{clipnum}/video/effects/blur/effect/blurxdistance",
        "blurydistance": "/composition/layers/{layernum}/clips/{clipnum}/video/effects/blur/effect/blurydistance",
        "quality": "/composition/layers/{layernum}/clips/{clipnum}/video/effects/blur/effect/quality",
        "gaussian": "/composition/layers/{layernum}/clips/{clipnum}/video/effects/blur/effect/gaussian"
      }
    },
    "quad": {
      "on": {
        "addr": "/composition/layers/{layernum}/clips/{clipnum}/video/effects/mirrorquad/bypassed",
        "arg": 0
      },
      "off": {
        "addr": "/composition/layers/{layernum}/clips/{clipnum}/video/effects/mirrorquad/bypassed",
        "arg": 1
      }
    },
    "fragment": {
      "on": {
        "addr": "/composition/layers/{layernum}/clips/{clipnum}/video/effects/fragment/bypassed",
        "arg": 0
      },
      "off": {
        "addr": "/composition/layers/{layernum}/clips/{clipnum}/video/effects/fragment/bypassed",
        "arg": 1
      }
    },
    "posterize": {
      "on": {
        "addr": "/composition/layers/{layernum}/clips/{clipnum}/video/effects/posterize/bypassed",
        "arg": 0
      },
      "off": {
        "addr": "/composition/layers/{layernum}/clips/{clipnum}/video/effects/posterize/bypassed",
        "arg": 1
      },
      "params": {
        "posterize": "/composition/layers/{layernum}/clips/{clipnum}/video/effects/posterize/effect/posterize"
      }
    },
    "displace": {
      "on": {
        "addr": "/composition/layers/{layernum}/clips/{clipnum}/video/effects/displace/bypassed",
        "arg": 0
      },
      "off": {
        "addr": "/composition/layers/{layernum}/clips/{clipnum}/video/effects/displace/bypassed",
        "arg": 1
      },
      "params": {
        "xfactor": "/composition/layers/{layernum}/clips/{clipnum}/video/effects/displace/effect/xfactor",
        "yfactor": "/composition/layers/{layernum}/clips/{clipnum}/video/effects/displace/effect/yfactor"
      }
    },
    "iterate": {
      "on": {
        "addr": "/composition/layers/{layernum}/clips/{clipnum}/video/effects/iterate/bypassed",
        "arg": 0
      },
      "off": {
        "addr": "/composition/layers/{layernum}/clips/{clipnum}/video/effects/iterate/bypassed",
        "arg": 1
      }
    },
    "edge": {
      "on": {
        "addr": "/composition/layers/{layernum}/clips/{clipnum}/video/effects/edgedetection/bypassed",
        "arg": 0
      },
      "off": {
        "addr": "/composition/layers/{layernum}/clips/{clipnum}/video/effects/edgedetection/bypassed",
        "arg": 1
      },
      "params": {
        "mode": "/composition/layers/{layernum}/clips/{clipnum}/video/effects/edgedetection/effect/mode",
        "multiplier": "/composition/layers/{layernum}/clips/{clipnum}/video/effects/edgedetection/effect/multiplier"
      }
    },
    "kaleid2": {
      "on": {
        "addr": "/composition/layers/{layernum}/clips/{clipnum}/video/effects/kaleidoscope2/bypassed",
        "arg": 0
      },
      "off": {
        "addr": "/composition/layers/{layernum}/clips/{clipnum}/video/effects/kaleidoscope2/bypassed",
        "arg": 1
      },
      "params": {
        "angles": "/composition/layers/{layernum}/clips/{clipnum}/video/effects/kaleidoscope2/effect/angles",
        "rotation": "/composition/layers/{layernum}/clips/{clipnum}/video/effects/kaleidoscope2/effect/rotation",
        "zoom": "/composition/layers/{layernum}/clips/{clipnum}/video/effects/kaleidoscope2/effect/zoom",
        "inputrotation": "/composition/layers/{layernum}/clips/{clipnum}/video/effects/kaleidoscope2/effect/inputrotation"
      }
    },
    "mirror": {
      "on": {
        "addr": "/composition/layers/{layernum}/clips/{clipnum}/video/effects/mirror/bypassed",
        "arg": 0
      },
      "off": {
        "addr": "/composition/layers/{layernum}/clips/{clipnum}/video/effects/mirror/bypassed",
        "arg": 1
      }
    },
    "trails": {
      "on": {
        "addr": "/composition/layers/{layernum}/clips/{clipnum}/video/effects/trails/bypassed",
        "arg": 0
      },
      "off": {
        "addr": "/composition/layers/{layernum}/clips/{clipnum}/video/effects/trails/bypassed",
        "arg": 1
      },
      "params": {
        "feedback": "/composition/layers/{layernum}/clips/{clipnum}/video/effects/trails/effect/feedback"
      }
    }
  }
}
