{
    "params":{
        "slider1modify":"replace",
        "slider1param":"huefillinitial",
        "slider2modify":"replace",
        "slider2param":"huefillfinal",
        "slider3modify":"replace",
        "slider3param":"huefilltime",
        "slider4modify":"replace",
        "slider4param":"hueinitial",
        "slider5modify":"replace",
        "slider5param":"huefinal",
        "slider6modify":"replace",
        "slider6param":"huetime",
        "slider7modify":"replace",
        "slider7param":"thickness",
        "slider8modify":"replace",
        "slider8param":"movedir"
    }
}
