{
    "params":{
        "A_alphafinal":"0.000",
        "A_alphainitial":"0.553",
        "A_alphatime":"1.447",
        "A_aspect":"1.000",
        "A_blur":"false",
        "A_blur:blurxdistance":"0.200",
        "A_blur:blurydistance":"0.200",
        "A_blur:gaussian":"0.270",
        "A_blur:quality":"0.680",
        "A_bounce":"false",
        "A_controllerchan":"1",
        "A_controllerstyle":"modulationonly",
        "A_controllerzmax":"0.300",
        "A_controllerzmin":"0.154",
        "A_cursorsprites":"true",
        "A_displace":"false",
        "A_displace:xfactor":"0.760",
        "A_displace:yfactor":"0.240",
        "A_edge":"true",
        "A_edge:mode":"0.920",
        "A_edge:multiplier":"0.240",
        "A_filled":"true",
        "A_fragment":"true",
        "A_huefillfinal":"59.121",
        "A_huefillinitial":"15.181",
        "A_huefilltime":"5.000",
        "A_huefinal":"0.000",
        "A_hueinitial":"0.417",
        "A_huerotate":"false",
        "A_huetime":"4.001",
        "A_hvpos":"0.500",
        "A_inputport":"",
        "A_iterate":"false",
        "A_kaleid1":"false",
        "A_kaleid1:angles":"0.300",
        "A_kaleid1:inputrotation":"0.500",
        "A_kaleid1:rotation":"0.000",
        "A_kaleid1:zoom":"0.580",
        "A_kaleid2":"false",
        "A_kaleid2:angles":"0.640",
        "A_kaleid2:inputrotation":"0.500",
        "A_kaleid2:rotation":"0.000",
        "A_kaleid2:zoom":"1.000",
        "A_lifetime":"6.000",
        "A_luminance":"0.500",
        "A_midibehaviour":"default",
        "A_mirror":"false",
        "A_mirrortype":"none",
        "A_movedir":"right",
        "A_noisevertex":"0.700",
        "A_nsprites":"144",
        "A_pitchfactor":"1.000",
        "A_pitchmax":"67",
        "A_pitchmin":"40",
        "A_pitchoffset":"0.000",
        "A_posterize":"false",
        "A_posterize:posterize":"0.800",
        "A_quad":"false",
        "A_rotangdir":"left",
        "A_rotanginit":"0.000",
        "A_rotangspeed":"0.000",
        "A_rotauto":"false",
        "A_saturation":"1.000",
        "A_shape":"square",
        "A_sizefinal":"4.890",
        "A_sizeinitial":"0.990",
        "A_sizetime":"3.007",
        "A_smoothxyz":"3",
        "A_speed":"0.214",
        "A_synth":"P_04_C_03",
        "A_thickness":"1.903",
        "A_timefret1q":"1.000",
        "A_timefret1y":"0.300",
        "A_timefret2q":"0.500",
        "A_timefret2y":"0.600",
        "A_timefret3q":"0.250",
        "A_timefret3y":"0.900",
        "A_timefret4q":"0.125",
        "A_timefret4y":"1.000",
        "A_trails":"true",
        "A_trails:feedback":"0.750",
        "A_twisted":"false",
        "A_twisted:radius":"0.310",
        "A_twisted:twirl":"0.500",
        "A_velocitymax":"127",
        "A_velocitymin":"13",
        "A_xcontroller":"1",
        "A_ycontroller":"1",
        "A_zcontroller":"1",
        "A_zmin":"0.100",
        "B_alphafinal":"0.000",
        "B_alphainitial":"0.553",
        "B_alphatime":"1.447",
        "B_aspect":"1.000",
        "B_blur":"false",
        "B_blur:blurxdistance":"0.200",
        "B_blur:blurydistance":"0.200",
        "B_blur:gaussian":"0.270",
        "B_blur:quality":"0.680",
        "B_bounce":"false",
        "B_controllerchan":"1",
        "B_controllerstyle":"modulationonly",
        "B_controllerzmax":"0.300",
        "B_controllerzmin":"0.050",
        "B_cursorsprites":"true",
        "B_displace":"false",
        "B_displace:xfactor":"0.760",
        "B_displace:yfactor":"0.240",
        "B_edge":"true",
        "B_edge:mode":"0.920",
        "B_edge:multiplier":"0.240",
        "B_filled":"true",
        "B_fragment":"true",
        "B_huefillfinal":"33.328",
        "B_huefillinitial":"40.849",
        "B_huefilltime":"0.010",
        "B_huefinal":"0.000",
        "B_hueinitial":"0.417",
        "B_huerotate":"false",
        "B_huetime":"4.001",
        "B_hvpos":"0.500",
        "B_inputport":"",
        "B_iterate":"false",
        "B_kaleid1":"false",
        "B_kaleid1:angles":"0.300",
        "B_kaleid1:inputrotation":"0.500",
        "B_kaleid1:rotation":"0.000",
        "B_kaleid1:zoom":"0.580",
        "B_kaleid2":"false",
        "B_kaleid2:angles":"0.640",
        "B_kaleid2:inputrotation":"0.500",
        "B_kaleid2:rotation":"0.000",
        "B_kaleid2:zoom":"1.000",
        "B_lifetime":"6.000",
        "B_luminance":"0.500",
        "B_midibehaviour":"default",
        "B_mirror":"false",
        "B_mirrortype":"none",
        "B_movedir":"down",
        "B_noisevertex":"0.700",
        "B_nsprites":"144",
        "B_pitchfactor":"1.000",
        "B_pitchmax":"78",
        "B_pitchmin":"54",
        "B_pitchoffset":"0.000",
        "B_posterize":"false",
        "B_posterize:posterize":"0.800",
        "B_quad":"false",
        "B_rotangdir":"left",
        "B_rotanginit":"0.000",
        "B_rotangspeed":"0.000",
        "B_rotauto":"false",
        "B_saturation":"1.000",
        "B_shape":"square",
        "B_sizefinal":"4.890",
        "B_sizeinitial":"0.990",
        "B_sizetime":"3.007",
        "B_smoothxyz":"3",
        "B_speed":"0.214",
        "B_synth":"P_02_C_03",
        "B_thickness":"1.903",
        "B_timefret1q":"1.000",
        "B_timefret1y":"0.300",
        "B_timefret2q":"0.500",
        "B_timefret2y":"0.600",
        "B_timefret3q":"0.250",
        "B_timefret3y":"0.900",
        "B_timefret4q":"0.125",
        "B_timefret4y":"1.000",
        "B_trails":"true",
        "B_trails:feedback":"0.750",
        "B_twisted":"false",
        "B_twisted:radius":"0.310",
        "B_twisted:twirl":"0.500",
        "B_velocitymax":"127",
        "B_velocitymin":"0",
        "B_xcontroller":"1",
        "B_ycontroller":"1",
        "B_zcontroller":"1",
        "B_zmin":"0.100",
        "C_alphafinal":"0.000",
        "C_alphainitial":"0.553",
        "C_alphatime":"1.447",
        "C_aspect":"1.000",
        "C_blur":"false",
        "C_blur:blurxdistance":"0.200",
        "C_blur:blurydistance":"0.200",
        "C_blur:gaussian":"0.270",
        "C_blur:quality":"0.680",
        "C_bounce":"false",
        "C_controllerchan":"1",
        "C_controllerstyle":"modulationonly",
        "C_controllerzmax":"0.300",
        "C_controllerzmin":"0.050",
        "C_cursorsprites":"true",
        "C_displace":"false",
        "C_displace:xfactor":"0.760",
        "C_displace:yfactor":"0.240",
        "C_edge":"true",
        "C_edge:mode":"0.920",
        "C_edge:multiplier":"0.240",
        "C_filled":"true",
        "C_fragment":"true",
        "C_huefillfinal":"318.821",
        "C_huefillinitial":"284.034",
        "C_huefilltime":"0.010",
        "C_huefinal":"0.000",
        "C_hueinitial":"0.417",
        "C_huerotate":"false",
        "C_huetime":"4.001",
        "C_hvpos":"0.500",
        "C_inputport":"",
        "C_iterate":"false",
        "C_kaleid1":"false",
        "C_kaleid1:angles":"0.300",
        "C_kaleid1:inputrotation":"0.500",
        "C_kaleid1:rotation":"0.000",
        "C_kaleid1:zoom":"0.580",
        "C_kaleid2":"false",
        "C_kaleid2:angles":"0.640",
        "C_kaleid2:inputrotation":"0.500",
        "C_kaleid2:rotation":"0.000",
        "C_kaleid2:zoom":"1.000",
        "C_lifetime":"10.000",
        "C_luminance":"0.500",
        "C_midibehaviour":"default",
        "C_mirror":"false",
        "C_mirrortype":"none",
        "C_movedir":"cursor",
        "C_noisevertex":"0.700",
        "C_nsprites":"144",
        "C_pitchfactor":"1.000",
        "C_pitchmax":"71",
        "C_pitchmin":"36",
        "C_pitchoffset":"0.000",
        "C_posterize":"false",
        "C_posterize:posterize":"0.800",
        "C_quad":"false",
        "C_rotangdir":"random",
        "C_rotanginit":"0.000",
        "C_rotangspeed":"0.000",
        "C_rotauto":"false",
        "C_saturation":"1.000",
        "C_shape":"square",
        "C_sizefinal":"4.890",
        "C_sizeinitial":"0.990",
        "C_sizetime":"3.007",
        "C_smoothxyz":"3",
        "C_speed":"0.214",
        "C_synth":"P_08_C_06",
        "C_thickness":"1.999",
        "C_timefret1q":"1.000",
        "C_timefret1y":"0.300",
        "C_timefret2q":"0.500",
        "C_timefret2y":"0.600",
        "C_timefret3q":"0.250",
        "C_timefret3y":"0.900",
        "C_timefret4q":"0.125",
        "C_timefret4y":"1.000",
        "C_trails":"true",
        "C_trails:feedback":"0.750",
        "C_twisted":"false",
        "C_twisted:radius":"0.310",
        "C_twisted:twirl":"0.500",
        "C_velocitymax":"127",
        "C_velocitymin":"38",
        "C_xcontroller":"1",
        "C_ycontroller":"1",
        "C_zcontroller":"1",
        "C_zmin":"0.067",
        "D_alphafinal":"0.000",
        "D_alphainitial":"0.553",
        "D_alphatime":"1.447",
        "D_aspect":"1.000",
        "D_blur":"false",
        "D_blur:blurxdistance":"0.200",
        "D_blur:blurydistance":"0.200",
        "D_blur:gaussian":"0.270",
        "D_blur:quality":"0.680",
        "D_bounce":"false",
        "D_controllerchan":"1",
        "D_controllerstyle":"modulationonly",
        "D_controllerzmax":"0.300",
        "D_controllerzmin":"0.050",
        "D_cursorsprites":"true",
        "D_displace":"false",
        "D_displace:xfactor":"0.760",
        "D_displace:yfactor":"0.240",
        "D_edge":"true",
        "D_edge:mode":"0.920",
        "D_edge:multiplier":"0.240",
        "D_filled":"true",
        "D_fragment":"true",
        "D_huefillfinal":"360.000",
        "D_huefillinitial":"360.000",
        "D_huefilltime":"0.010",
        "D_huefinal":"17.032",
        "D_hueinitial":"20.441",
        "D_huerotate":"false",
        "D_huetime":"4.001",
        "D_hvpos":"0.500",
        "D_inputport":"",
        "D_iterate":"false",
        "D_kaleid1":"false",
        "D_kaleid1:angles":"0.300",
        "D_kaleid1:inputrotation":"0.500",
        "D_kaleid1:rotation":"0.000",
        "D_kaleid1:zoom":"0.580",
        "D_kaleid2":"false",
        "D_kaleid2:angles":"0.640",
        "D_kaleid2:inputrotation":"0.500",
        "D_kaleid2:rotation":"0.000",
        "D_kaleid2:zoom":"1.000",
        "D_lifetime":"10.000",
        "D_luminance":"0.500",
        "D_midibehaviour":"default",
        "D_mirror":"false",
        "D_mirrortype":"none",
        "D_movedir":"left",
        "D_noisevertex":"0.700",
        "D_nsprites":"144",
        "D_pitchfactor":"1.000",
        "D_pitchmax":"84",
        "D_pitchmin":"60",
        "D_pitchoffset":"0.000",
        "D_posterize":"false",
        "D_posterize:posterize":"0.800",
        "D_quad":"false",
        "D_rotangdir":"right",
        "D_rotanginit":"45.000",
        "D_rotangspeed":"0.000",
        "D_rotauto":"false",
        "D_saturation":"1.000",
        "D_shape":"square",
        "D_sizefinal":"4.890",
        "D_sizeinitial":"0.990",
        "D_sizetime":"3.007",
        "D_smoothxyz":"3",
        "D_speed":"0.214",
        "D_synth":"P_09_C_07",
        "D_thickness":"2.560",
        "D_timefret1q":"1.000",
        "D_timefret1y":"0.300",
        "D_timefret2q":"0.500",
        "D_timefret2y":"0.600",
        "D_timefret3q":"0.250",
        "D_timefret3y":"0.900",
        "D_timefret4q":"0.125",
        "D_timefret4y":"1.000",
        "D_trails":"true",
        "D_trails:feedback":"0.750",
        "D_twisted":"false",
        "D_twisted:radius":"0.310",
        "D_twisted:twirl":"0.500",
        "D_velocitymax":"127",
        "D_velocitymin":"52",
        "D_xcontroller":"1",
        "D_ycontroller":"1",
        "D_zcontroller":"1",
        "D_zmin":"0.100"
    }
}
