{
    "params":{
        "A_alphafinal":"0.000",
        "A_alphainitial":"0.800",
        "A_alphatime":"3.491",
        "A_aspect":"1.000",
        "A_blur":"true",
        "A_blur:blurxdistance":"0.300",
        "A_blur:blurydistance":"0.300",
        "A_blur:gaussian":"0.600",
        "A_blur:quality":"0.600",
        "A_bounce":"false",
        "A_controllerchan":"1",
        "A_controllerstyle":"modulationonly",
        "A_controllerzmax":"0.300",
        "A_controllerzmin":"0.050",
        "A_cursorsprites":"true",
        "A_displace":"false",
        "A_displace:xfactor":"0.000",
        "A_displace:yfactor":"0.000",
        "A_edge":"true",
        "A_edge:mode":"1.000",
        "A_edge:multiplier":"0.800",
        "A_filled":"true",
        "A_fragment":"true",
        "A_huefillfinal":"180.000",
        "A_huefillinitial":"180.000",
        "A_huefilltime":"5.000",
        "A_huefinal":"180.000",
        "A_hueinitial":"180.000",
        "A_huerotate":"false",
        "A_huetime":"2.003",
        "A_hvpos":"0.500",
        "A_inputport":"",
        "A_iterate":"false",
        "A_kaleid1":"false",
        "A_kaleid1:angles":"0.700",
        "A_kaleid1:inputrotation":"0.200",
        "A_kaleid1:rotation":"0.000",
        "A_kaleid1:zoom":"1.000",
        "A_kaleid2":"false",
        "A_kaleid2:angles":"0.600",
        "A_kaleid2:inputrotation":"0.000",
        "A_kaleid2:rotation":"0.000",
        "A_kaleid2:zoom":"0.500",
        "A_lifetime":"10.000",
        "A_luminance":"0.600",
        "A_midibehaviour":"default",
        "A_mirror":"false",
        "A_mirrortype":"none",
        "A_movedir":"random",
        "A_noisevertex":"0.000",
        "A_nsprites":"282",
        "A_pitchfactor":"1.000",
        "A_pitchmax":"80",
        "A_pitchmin":"36",
        "A_pitchoffset":"0.000",
        "A_posterize":"false",
        "A_posterize:posterize":"0.190",
        "A_quad":"false",
        "A_rotangdir":"left",
        "A_rotanginit":"0.000",
        "A_rotangspeed":"0.000",
        "A_rotauto":"false",
        "A_saturation":"1.000",
        "A_shape":"circle",
        "A_sizefinal":"0.000",
        "A_sizeinitial":"2.300",
        "A_sizetime":"0.711",
        "A_smoothxyz":"4",
        "A_speed":"0.211",
        "A_synth":"P_07_C_03",
        "A_thickness":"4.900",
        "A_timefret1q":"1.000",
        "A_timefret1y":"0.300",
        "A_timefret2q":"0.500",
        "A_timefret2y":"0.600",
        "A_timefret3q":"0.250",
        "A_timefret3y":"0.900",
        "A_timefret4q":"0.125",
        "A_timefret4y":"1.000",
        "A_trails":"false",
        "A_trails:feedback":"0.750",
        "A_twisted":"false",
        "A_twisted:radius":"0.310",
        "A_twisted:twirl":"0.500",
        "A_velocitymax":"94",
        "A_velocitymin":"56",
        "A_xcontroller":"1",
        "A_ycontroller":"1",
        "A_zcontroller":"1",
        "A_zmin":"0.100",
        "B_alphafinal":"0.000",
        "B_alphainitial":"1.000",
        "B_alphatime":"3.007",
        "B_aspect":"1.000",
        "B_blur":"true",
        "B_blur:blurxdistance":"0.400",
        "B_blur:blurydistance":"0.380",
        "B_blur:gaussian":"0.660",
        "B_blur:quality":"0.280",
        "B_bounce":"false",
        "B_controllerchan":"1",
        "B_controllerstyle":"modulationonly",
        "B_controllerzmax":"0.300",
        "B_controllerzmin":"0.050",
        "B_cursorsprites":"true",
        "B_displace":"false",
        "B_displace:xfactor":"0.760",
        "B_displace:yfactor":"0.240",
        "B_edge":"true",
        "B_edge:mode":"1.000",
        "B_edge:multiplier":"0.940",
        "B_filled":"true",
        "B_fragment":"true",
        "B_huefillfinal":"180.000",
        "B_huefillinitial":"180.000",
        "B_huefilltime":"5.000",
        "B_huefinal":"61.200",
        "B_hueinitial":"0.000",
        "B_huerotate":"false",
        "B_huetime":"2.003",
        "B_hvpos":"0.500",
        "B_inputport":"",
        "B_iterate":"false",
        "B_kaleid1":"false",
        "B_kaleid1:angles":"0.300",
        "B_kaleid1:inputrotation":"0.500",
        "B_kaleid1:rotation":"0.000",
        "B_kaleid1:zoom":"0.580",
        "B_kaleid2":"false",
        "B_kaleid2:angles":"0.640",
        "B_kaleid2:inputrotation":"0.500",
        "B_kaleid2:rotation":"0.000",
        "B_kaleid2:zoom":"1.000",
        "B_lifetime":"10.000",
        "B_luminance":"0.500",
        "B_midibehaviour":"default",
        "B_mirror":"false",
        "B_mirrortype":"none",
        "B_movedir":"random90",
        "B_noisevertex":"0.000",
        "B_nsprites":"1045",
        "B_pitchfactor":"1.000",
        "B_pitchmax":"80",
        "B_pitchmin":"44",
        "B_pitchoffset":"0.000",
        "B_posterize":"false",
        "B_posterize:posterize":"0.190",
        "B_quad":"false",
        "B_rotangdir":"right",
        "B_rotanginit":"0.000",
        "B_rotangspeed":"0.000",
        "B_rotauto":"false",
        "B_saturation":"1.000",
        "B_shape":"circle",
        "B_sizefinal":"0.000",
        "B_sizeinitial":"2.300",
        "B_sizetime":"1.967",
        "B_smoothxyz":"6",
        "B_speed":"0.070",
        "B_synth":"P_01_C_03",
        "B_thickness":"10.000",
        "B_timefret1q":"1.000",
        "B_timefret1y":"0.150",
        "B_timefret2q":"0.500",
        "B_timefret2y":"0.500",
        "B_timefret3q":"0.250",
        "B_timefret3y":"0.800",
        "B_timefret4q":"0.125",
        "B_timefret4y":"1.000",
        "B_trails":"true",
        "B_trails:feedback":"0.750",
        "B_twisted":"false",
        "B_twisted:radius":"0.310",
        "B_twisted:twirl":"0.500",
        "B_velocitymax":"127",
        "B_velocitymin":"36",
        "B_xcontroller":"3",
        "B_ycontroller":"2",
        "B_zcontroller":"1",
        "B_zmin":"0.100",
        "C_alphafinal":"0.000",
        "C_alphainitial":"1.000",
        "C_alphatime":"3.007",
        "C_aspect":"1.000",
        "C_blur":"true",
        "C_blur:blurxdistance":"0.400",
        "C_blur:blurydistance":"0.380",
        "C_blur:gaussian":"0.660",
        "C_blur:quality":"0.280",
        "C_bounce":"false",
        "C_controllerchan":"1",
        "C_controllerstyle":"modulationonly",
        "C_controllerzmax":"0.300",
        "C_controllerzmin":"0.050",
        "C_cursorsprites":"true",
        "C_displace":"false",
        "C_displace:xfactor":"0.760",
        "C_displace:yfactor":"0.240",
        "C_edge":"true",
        "C_edge:mode":"1.000",
        "C_edge:multiplier":"0.940",
        "C_filled":"true",
        "C_fragment":"true",
        "C_huefillfinal":"288.000",
        "C_huefillinitial":"288.000",
        "C_huefilltime":"1.009",
        "C_huefinal":"273.600",
        "C_hueinitial":"273.600",
        "C_huerotate":"false",
        "C_huetime":"5.000",
        "C_hvpos":"0.500",
        "C_inputport":"",
        "C_iterate":"false",
        "C_kaleid1":"false",
        "C_kaleid1:angles":"0.300",
        "C_kaleid1:inputrotation":"0.500",
        "C_kaleid1:rotation":"0.000",
        "C_kaleid1:zoom":"0.580",
        "C_kaleid2":"false",
        "C_kaleid2:angles":"0.640",
        "C_kaleid2:inputrotation":"0.500",
        "C_kaleid2:rotation":"0.000",
        "C_kaleid2:zoom":"1.000",
        "C_lifetime":"10.000",
        "C_luminance":"0.500",
        "C_midibehaviour":"default",
        "C_mirror":"false",
        "C_mirrortype":"none",
        "C_movedir":"random90",
        "C_noisevertex":"0.000",
        "C_nsprites":"1045",
        "C_pitchfactor":"1.000",
        "C_pitchmax":"72",
        "C_pitchmin":"54",
        "C_pitchoffset":"0.000",
        "C_posterize":"false",
        "C_posterize:posterize":"0.190",
        "C_quad":"false",
        "C_rotangdir":"left",
        "C_rotanginit":"0.000",
        "C_rotangspeed":"0.000",
        "C_rotauto":"false",
        "C_saturation":"1.000",
        "C_shape":"circle",
        "C_sizefinal":"0.000",
        "C_sizeinitial":"2.300",
        "C_sizetime":"1.967",
        "C_smoothxyz":"6",
        "C_speed":"0.070",
        "C_synth":"P_11_C_03",
        "C_thickness":"10.000",
        "C_timefret1q":"1.000",
        "C_timefret1y":"0.300",
        "C_timefret2q":"0.500",
        "C_timefret2y":"0.600",
        "C_timefret3q":"0.250",
        "C_timefret3y":"0.900",
        "C_timefret4q":"0.125",
        "C_timefret4y":"1.000",
        "C_trails":"true",
        "C_trails:feedback":"0.750",
        "C_twisted":"false",
        "C_twisted:radius":"0.310",
        "C_twisted:twirl":"0.500",
        "C_velocitymax":"127",
        "C_velocitymin":"0",
        "C_xcontroller":"1",
        "C_ycontroller":"1",
        "C_zcontroller":"1",
        "C_zmin":"0.100",
        "D_alphafinal":"0.000",
        "D_alphainitial":"0.710",
        "D_alphatime":"1.307",
        "D_aspect":"1.000",
        "D_blur":"true",
        "D_blur:blurxdistance":"0.300",
        "D_blur:blurydistance":"0.300",
        "D_blur:gaussian":"0.600",
        "D_blur:quality":"0.600",
        "D_bounce":"false",
        "D_controllerchan":"1",
        "D_controllerstyle":"modulationonly",
        "D_controllerzmax":"0.300",
        "D_controllerzmin":"0.050",
        "D_cursorsprites":"true",
        "D_displace":"false",
        "D_displace:xfactor":"0.000",
        "D_displace:yfactor":"0.000",
        "D_edge":"true",
        "D_edge:mode":"1.000",
        "D_edge:multiplier":"0.740",
        "D_filled":"true",
        "D_fragment":"true",
        "D_huefillfinal":"108.000",
        "D_huefillinitial":"108.000",
        "D_huefilltime":"2.008",
        "D_huefinal":"108.000",
        "D_hueinitial":"108.000",
        "D_huerotate":"false",
        "D_huetime":"2.003",
        "D_hvpos":"0.500",
        "D_inputport":"",
        "D_iterate":"false",
        "D_kaleid1":"true",
        "D_kaleid1:angles":"0.700",
        "D_kaleid1:inputrotation":"0.200",
        "D_kaleid1:rotation":"0.000",
        "D_kaleid1:zoom":"1.000",
        "D_kaleid2":"false",
        "D_kaleid2:angles":"0.600",
        "D_kaleid2:inputrotation":"0.100",
        "D_kaleid2:rotation":"0.100",
        "D_kaleid2:zoom":"0.500",
        "D_lifetime":"6.000",
        "D_luminance":"0.500",
        "D_midibehaviour":"default",
        "D_mirror":"false",
        "D_mirrortype":"none",
        "D_movedir":"random",
        "D_noisevertex":"0.000",
        "D_nsprites":"282",
        "D_pitchfactor":"1.000",
        "D_pitchmax":"76",
        "D_pitchmin":"28",
        "D_pitchoffset":"0.000",
        "D_posterize":"false",
        "D_posterize:posterize":"0.190",
        "D_quad":"false",
        "D_rotangdir":"right",
        "D_rotanginit":"90.000",
        "D_rotangspeed":"0.000",
        "D_rotauto":"false",
        "D_saturation":"1.000",
        "D_shape":"square",
        "D_sizefinal":"0.000",
        "D_sizeinitial":"2.300",
        "D_sizetime":"0.711",
        "D_smoothxyz":"4",
        "D_speed":"0.211",
        "D_synth":"P_12_C_03",
        "D_thickness":"10.000",
        "D_timefret1q":"1.000",
        "D_timefret1y":"0.300",
        "D_timefret2q":"0.500",
        "D_timefret2y":"0.600",
        "D_timefret3q":"0.250",
        "D_timefret3y":"0.900",
        "D_timefret4q":"0.125",
        "D_timefret4y":"1.000",
        "D_trails":"false",
        "D_trails:feedback":"0.750",
        "D_twisted":"false",
        "D_twisted:radius":"0.310",
        "D_twisted:twirl":"0.500",
        "D_velocitymax":"101",
        "D_velocitymin":"25",
        "D_xcontroller":"1",
        "D_ycontroller":"1",
        "D_zcontroller":"1",
        "D_zmin":"0.100"
    }
}
