{
    "params":{
        "arpeggio":"false",
        "controllerchan":"1",
        "controllerstyle":"modulationonly",
        "controllerzmax":"0.300",
        "controllerzmin":"0.050",
        "doquantize":"false",
        "fullrange":"false",
        "inputport":"",
        "pitchmax":"80",
        "pitchmin":"33",
        "quantfactor":"1.000",
        "quantfixed":"false",
        "quanttype":"fixed",
        "scale":"newage",
        "synth":"",
        "timefret1q":"1.000",
        "timefret1y":"0.150",
        "timefret2q":"0.500",
        "timefret2y":"0.500",
        "timefret3q":"0.250",
        "timefret3y":"0.800",
        "timefret4q":"0.125",
        "timefret4y":"1.000",
        "tonicchange":"30000",
        "voltype":"fixed",
        "xcontroller":"3",
        "ycontroller":"2",
        "zcontroller":"1"
    }
}
