{
    "params":{
        "1-blur":"false",
        "1-blur:blurxdistance":"0.100",
        "1-blur:blurydistance":"0.080",
        "1-blur:gaussian":"0.170",
        "1-blur:quality":"0.280",
        "1-displace":"false",
        "1-displace:threshold":"0.000",
        "1-displace:xfactor":"0.760",
        "1-displace:yfactor":"0.240",
        "1-edgedetection":"false",
        "1-edgedetection:mode":"0.920",
        "1-edgedetection:multiplier":"0.240",
        "1-fragment":"false",
        "1-fragment:distance":"0.330",
        "1-fragment:fragments":"0.300",
        "1-fragment:fragrotationx":"0.500",
        "1-fragment:fragrotationy":"0.500",
        "1-fragment:fragrotationz":"0.500",
        "1-fragment:fragscale":"1.000",
        "1-fragment:rotation":"0.000",
        "1-huerotate":"false",
        "1-huerotate:huerotate":"0.000",
        "1-huerotate:huescale":"1.000",
        "1-huerotate:satscale":"0.500",
        "1-kaleidoscope":"false",
        "1-kaleidoscope:angles":"0.300",
        "1-kaleidoscope:inputrotation":"0.500",
        "1-kaleidoscope:opacity":"1.000",
        "1-kaleidoscope:rotation":"0.000",
        "1-kaleidoscope:zoom":"0.580",
        "1-mirror":"false",
        "1-mirror:flipx":"0",
        "1-mirror:flipy":"0",
        "1-mirror:in/out":"1.000",
        "1-mirror:x":"0.500",
        "1-mirror:y":"0.500",
        "1-mirrorquad":"false",
        "1-mirrorquad:flipx":"0",
        "1-mirrorquad:flipy":"0",
        "1-posterize":"false",
        "1-posterize:posterize":"0.190",
        "1-trails":"false",
        "1-trails:feedback":"0.550",
        "1-twisted":"false",
        "1-twisted:radius":"0.310",
        "1-twisted:twirl":"0.500",
        "2-blur":"false",
        "2-blur:blurxdistance":"0.100",
        "2-blur:blurydistance":"0.080",
        "2-blur:gaussian":"0.170",
        "2-blur:quality":"0.280",
        "2-displace":"false",
        "2-displace:threshold":"0.000",
        "2-displace:xfactor":"0.760",
        "2-displace:yfactor":"0.240",
        "2-edgedetection":"false",
        "2-edgedetection:mode":"0.920",
        "2-edgedetection:multiplier":"0.240",
        "2-fragment":"false",
        "2-fragment:distance":"0.330",
        "2-fragment:fragments":"0.300",
        "2-fragment:fragrotationx":"0.500",
        "2-fragment:fragrotationy":"0.500",
        "2-fragment:fragrotationz":"0.500",
        "2-fragment:fragscale":"1.000",
        "2-fragment:rotation":"0.000",
        "2-huerotate":"false",
        "2-huerotate:huerotate":"0.000",
        "2-huerotate:huescale":"1.000",
        "2-huerotate:satscale":"0.500",
        "2-kaleidoscope":"false",
        "2-kaleidoscope:angles":"0.640",
        "2-kaleidoscope:inputrotation":"0.500",
        "2-kaleidoscope:opacity":"1.000",
        "2-kaleidoscope:rotation":"0.000",
        "2-kaleidoscope:zoom":"1.000",
        "2-mirror":"false",
        "2-mirror:flipx":"0",
        "2-mirror:flipy":"0",
        "2-mirror:in/out":"1.000",
        "2-mirror:x":"0.500",
        "2-mirror:y":"0.500",
        "2-mirrorquad":"false",
        "2-mirrorquad:flipx":"0",
        "2-mirrorquad:flipy":"0",
        "2-posterize":"false",
        "2-posterize:posterize":"0.190",
        "2-trails":"false",
        "2-trails:feedback":"0.550",
        "2-twisted":"false",
        "2-twisted:radius":"0.310",
        "2-twisted:twirl":"0.500",
        "alphafinal":"0.000",
        "alphainitial":"1.000",
        "alphatime":"6.285",
        "aspect":"0.500",
        "bounce":"false",
        "controllerchan":"1",
        "controllerstyle":"modulationonly",
        "controllerzmax":"0.300",
        "controllerzmin":"0.050",
        "enable:sound":"true",
        "enable:visual":"true",
        "filled":"true",
        "gravity":"0",
        "hue1final":"180.000",
        "hue1initial":"360.000",
        "hue1time":"5.000",
        "hue2final":"144.000",
        "hue2initial":"72.000",
        "hue2time":"5.000",
        "inputport":"",
        "justification":"center",
        "lifetime":"9.996",
        "logic_sound":"true",
        "logic_visual":"true",
        "loop:length":"100",
        "luminance":"0.500",
        "midibehaviour":"default",
        "midifile":"jsbach",
        "mirrortype":"none",
        "movedir":"leftright",
        "noisevertexx":"0.000",
        "noisevertexy":"0.000",
        "nsprites":"1044",
        "pitchfactor":"1.000",
        "pitchmax":"80",
        "pitchmin":"33",
        "pitchoffset":"0.000",
        "placement":"cursor",
        "quant":"frets",
        "rotangdir":"left",
        "rotanginit":"0.000",
        "rotangspeed":"0.000",
        "rotauto":"false",
        "saturation":"1.000",
        "scale":"newage",
        "shape":"line",
        "sizefinal":"1.000",
        "sizeinitial":"3.007",
        "sizetime":"5.077",
        "smoothxyz":"3",
        "speed":"0.090",
        "spritesource":"cursor",
        "synth":"P_01_C_04",
        "thickness":"8.896",
        "timefret1q":"1.000",
        "timefret1y":"0.150",
        "timefret2q":"0.500",
        "timefret2y":"0.500",
        "timefret3q":"0.250",
        "timefret3y":"0.800",
        "timefret4q":"0.125",
        "timefret4y":"1.000",
        "velocitymax":"127",
        "velocitymin":"45",
        "vol":"pressure",
        "xcontroller":"3",
        "ycontroller":"2",
        "zcontroller":"1",
        "zmin":"0.004"
    }
}
