{
  "autowindow": 80,
  "backbottom": 1281,
  "backtop": 1529,
  "shifty": -38,
  "blob_filter": 1,
  "blob_maxsize": 10000,
  "blob_minsize": 200,
  "blob_param1": 100,
  "bottom": 479,
  "confidence": 200,
  "debug": 0,
  "front": 0,
  "left": 0,
  "right": 639,
  "showfps": 0,
  "showmask": 0,
  "showrawdepth": 0,
  "showregionhits": 1,
  "showregionmap": 0,
  "showregionrects": 1,
  "tilt": 0,
  "top": 0,
  "usemask": 1,
  "regions": [
    { "name": "A", "first_sid": 14000, "x": 209, "y": 80, "width": 230, "height": 103},
    { "name": "B", "first_sid": 13000, "x": 337, "y": 195, "width": 274, "height": 99},
    { "name": "C", "first_sid": 11000, "x": 205, "y": 308, "width": 243, "height": 121},
    { "name": "D", "first_sid": 12000, "x": 36, "y": 197, "width": 277, "height": 99},
    { "name": "LL1", "first_sid": 43000, "x": 532, "y": 307, "width": 51, "height": 34},
    { "name": "LL2", "first_sid": 42000, "x": 462, "y": 308, "width": 52, "height": 32},
    { "name": "LL3", "first_sid": 41000, "x": 463, "y": 356, "width": 54, "height": 33},
    { "name": "UL1", "first_sid": 53000, "x": 452, "y": 109, "width": 51, "height": 29},
    { "name": "UL2", "first_sid": 52000, "x": 522, "y": 151, "width": 48, "height": 30},
    { "name": "UL3", "first_sid": 51000, "x": 455, "y": 152, "width": 50, "height": 29},
    { "name": "UR1", "first_sid": 33000, "x": 145, "y": 112, "width": 50, "height": 27},
    { "name": "UR2", "first_sid": 32000, "x": 141, "y": 154, "width": 52, "height": 29},
    { "name": "UR3", "first_sid": 31000, "x": 76, "y": 154, "width": 50, "height": 31},
    { "name": "LR1", "first_sid": 23000, "x": 137, "y": 310, "width": 54, "height": 35},
    { "name": "LR2", "first_sid": 22000, "x": 67, "y": 311, "width": 53, "height": 35},
    { "name": "LR3", "first_sid": 21000, "x": 135, "y": 359, "width": 55, "height": 34}
  ]

}
