{
  "OLDguiresize": "-800 0 800 1280",
  "OLDmmtt": "kinect",
  "UL1": "Beat Boxing_Squares",
  "UL2": "Too Many_Triangles",
  "UL3": "Playful_Plucks",

  "LL1": "Dancing_With Lines",
  "LL2": "Infinite_Layers",
  "LL3": "Endless_Twirls",

  "UR1": "Colored_Echoes",
  "UR2": "Vocal_Linescape",
  "UR3": "Fluorescent_Borealis",

  "LR1": "Geographic_Travels",
  "LR2": "Ghostly_Shapes",
  "LR3": "Spiral Moire_Universe",

  "autostart": "all",
  "OLDtransposeauto": "true",
  "presetsdir": "presets_fnf",
  "debug": "",
  "this line should not end with a comma": 0
}
