{ "synths" : [
	{"name": "default", "port":"01. Internal MIDI", "channel":1},
	{"name": "P_01_C_01", "port":"01. Internal MIDI", "channel":1},
	{"name": "P_01_C_02", "port":"01. Internal MIDI", "channel":2},
	{"name": "P_01_C_03", "port":"01. Internal MIDI", "channel":3},
	{"name": "P_01_C_04", "port":"01. Internal MIDI", "channel":4},
	{"name": "P_01_C_05", "port":"01. Internal MIDI", "channel":5},
	{"name": "P_01_C_06", "port":"01. Internal MIDI", "channel":6},
	{"name": "P_01_C_07", "port":"01. Internal MIDI", "channel":7},
	{"name": "P_01_C_08", "port":"01. Internal MIDI", "channel":8},
	{"name": "P_02_C_01", "port":"02. Internal MIDI", "channel":1},
	{"name": "P_02_C_02", "port":"02. Internal MIDI", "channel":2},
	{"name": "P_02_C_03", "port":"02. Internal MIDI", "channel":3},
	{"name": "P_02_C_04", "port":"02. Internal MIDI", "channel":4},
	{"name": "P_02_C_05", "port":"02. Internal MIDI", "channel":5},
	{"name": "P_02_C_06", "port":"02. Internal MIDI", "channel":6},
	{"name": "P_02_C_07", "port":"02. Internal MIDI", "channel":7},
	{"name": "P_02_C_08", "port":"02. Internal MIDI", "channel":8},
	{"name": "P_03_C_01", "port":"03. Internal MIDI", "channel":1},
	{"name": "P_03_C_02", "port":"03. Internal MIDI", "channel":2},
	{"name": "P_03_C_03", "port":"03. Internal MIDI", "channel":3},
	{"name": "P_03_C_04", "port":"03. Internal MIDI", "channel":4},
	{"name": "P_03_C_05", "port":"03. Internal MIDI", "channel":5},
	{"name": "P_03_C_06", "port":"03. Internal MIDI", "channel":6},
	{"name": "P_03_C_07", "port":"03. Internal MIDI", "channel":7},
	{"name": "P_03_C_08", "port":"03. Internal MIDI", "channel":8},
	{"name": "P_04_C_01", "port":"04. Internal MIDI", "channel":1},
	{"name": "P_04_C_02", "port":"04. Internal MIDI", "channel":2},
	{"name": "P_04_C_03", "port":"04. Internal MIDI", "channel":3},
	{"name": "P_04_C_04", "port":"04. Internal MIDI", "channel":4},
	{"name": "P_04_C_05", "port":"04. Internal MIDI", "channel":5},
	{"name": "P_04_C_06", "port":"04. Internal MIDI", "channel":6},
	{"name": "P_04_C_07", "port":"04. Internal MIDI", "channel":7},
	{"name": "P_04_C_08", "port":"04. Internal MIDI", "channel":8},
	{"name": "P_05_C_01", "port":"05. Internal MIDI", "channel":1},
	{"name": "P_05_C_02", "port":"05. Internal MIDI", "channel":2},
	{"name": "P_05_C_03", "port":"05. Internal MIDI", "channel":3},
	{"name": "P_05_C_04", "port":"05. Internal MIDI", "channel":4},
	{"name": "P_05_C_05", "port":"05. Internal MIDI", "channel":5},
	{"name": "P_05_C_06", "port":"05. Internal MIDI", "channel":6},
	{"name": "P_05_C_07", "port":"05. Internal MIDI", "channel":7},
	{"name": "P_05_C_08", "port":"05. Internal MIDI", "channel":8},
	{"name": "P_06_C_01", "port":"06. Internal MIDI", "channel":1},
	{"name": "P_06_C_02", "port":"06. Internal MIDI", "channel":2},
	{"name": "P_06_C_03", "port":"06. Internal MIDI", "channel":3},
	{"name": "P_06_C_04", "port":"06. Internal MIDI", "channel":4},
	{"name": "P_06_C_05", "port":"06. Internal MIDI", "channel":5},
	{"name": "P_06_C_06", "port":"06. Internal MIDI", "channel":6},
	{"name": "P_06_C_07", "port":"06. Internal MIDI", "channel":7},
	{"name": "P_06_C_08", "port":"06. Internal MIDI", "channel":8}
]
}
