{
    "params": {
        "C-effect.1-blur":"false",
        "C-effect.1-blur:blurxdistance":"0.768000",
        "C-effect.1-blur:blurydistance":"0.258000",
        "C-effect.1-blur:gaussian":"0.760000",
        "C-effect.1-blur:quality":"0.650000",
        "C-effect.1-displace":"true",
        "C-effect.1-displace:threshold":"0.212000",
        "C-effect.1-displace:xfactor":"0.036000",
        "C-effect.1-displace:yfactor":"0.773000",
        "C-effect.1-edgedetection":"false",
        "C-effect.1-edgedetection:mode":"0.532000",
        "C-effect.1-edgedetection:multiplier":"0.969000",
        "C-effect.1-fragment":"false",
        "C-effect.1-fragment:distance":"0.563000",
        "C-effect.1-fragment:fragments":"0.386000",
        "C-effect.1-fragment:fragrotationx":"0.729000",
        "C-effect.1-fragment:fragrotationy":"0.480000",
        "C-effect.1-fragment:fragrotationz":"0.163000",
        "C-effect.1-fragment:fragscale":"1.000000",
        "C-effect.1-fragment:rotation":"0.972000",
        "C-effect.1-goo":"false",
        "C-effect.1-goo:maxdistortionx":"1.000000",
        "C-effect.1-goo:maxdistortiony":"1.000000",
        "C-effect.1-goo:maxdistortionz":"1.000000",
        "C-effect.1-goo:resolution":"16",
        "C-effect.1-goo:shade":"1.000000",
        "C-effect.1-goo:speed":"0.150000",
        "C-effect.1-huerotate":"false",
        "C-effect.1-huerotate:huerotate":"0.225000",
        "C-effect.1-huerotate:huescale":"0.582000",
        "C-effect.1-huerotate:satscale":"0.195000",
        "C-effect.1-kaleidoscope":"false",
        "C-effect.1-kaleidoscope:angles":"0.570000",
        "C-effect.1-kaleidoscope:inputrotation":"0.769000",
        "C-effect.1-kaleidoscope:opacity":"1.000000",
        "C-effect.1-kaleidoscope:rotation":"0.739000",
        "C-effect.1-kaleidoscope:zoom":"0.161000",
        "C-effect.1-mirror":"false",
        "C-effect.1-mirror:flipx":"1",
        "C-effect.1-mirror:flipy":"1",
        "C-effect.1-mirror:in/out":"0.822000",
        "C-effect.1-mirror:x":"0.500000",
        "C-effect.1-mirror:y":"0.500000",
        "C-effect.1-mirrorquad":"false",
        "C-effect.1-mirrorquad:flipx":"1",
        "C-effect.1-mirrorquad:flipy":"0",
        "C-effect.1-posterize":"false",
        "C-effect.1-posterize:posterize":"0.475000",
        "C-effect.1-trails":"false",
        "C-effect.1-trails:feedback":"0.529000",
        "C-effect.1-twisted":"false",
        "C-effect.1-twisted:radius":"0.960000",
        "C-effect.1-twisted:twirl":"0.531000",
        "C-effect.2-blur":"false",
        "C-effect.2-blur:blurxdistance":"0.649000",
        "C-effect.2-blur:blurydistance":"0.848000",
        "C-effect.2-blur:gaussian":"0.002000",
        "C-effect.2-blur:quality":"0.661000",
        "C-effect.2-displace":"false",
        "C-effect.2-displace:threshold":"0.027000",
        "C-effect.2-displace:xfactor":"0.286000",
        "C-effect.2-displace:yfactor":"0.727000",
        "C-effect.2-edgedetection":"false",
        "C-effect.2-edgedetection:mode":"0.557000",
        "C-effect.2-edgedetection:multiplier":"0.479000",
        "C-effect.2-fragment":"false",
        "C-effect.2-fragment:distance":"0.058000",
        "C-effect.2-fragment:fragments":"0.902000",
        "C-effect.2-fragment:fragrotationx":"0.681000",
        "C-effect.2-fragment:fragrotationy":"0.132000",
        "C-effect.2-fragment:fragrotationz":"0.247000",
        "C-effect.2-fragment:fragscale":"1.000000",
        "C-effect.2-fragment:rotation":"0.476000",
        "C-effect.2-goo":"false",
        "C-effect.2-goo:maxdistortionx":"1.000000",
        "C-effect.2-goo:maxdistortiony":"1.000000",
        "C-effect.2-goo:maxdistortionz":"1.000000",
        "C-effect.2-goo:resolution":"16",
        "C-effect.2-goo:shade":"1.000000",
        "C-effect.2-goo:speed":"0.150000",
        "C-effect.2-huerotate":"false",
        "C-effect.2-huerotate:huerotate":"0.897000",
        "C-effect.2-huerotate:huescale":"0.131000",
        "C-effect.2-huerotate:satscale":"0.095000",
        "C-effect.2-kaleidoscope":"false",
        "C-effect.2-kaleidoscope:angles":"0.325000",
        "C-effect.2-kaleidoscope:inputrotation":"0.623000",
        "C-effect.2-kaleidoscope:opacity":"1.000000",
        "C-effect.2-kaleidoscope:rotation":"0.560000",
        "C-effect.2-kaleidoscope:zoom":"0.932000",
        "C-effect.2-mirror":"false",
        "C-effect.2-mirror:flipx":"1",
        "C-effect.2-mirror:flipy":"0",
        "C-effect.2-mirror:in/out":"0.041000",
        "C-effect.2-mirror:x":"0.500000",
        "C-effect.2-mirror:y":"0.500000",
        "C-effect.2-mirrorquad":"false",
        "C-effect.2-mirrorquad:flipx":"1",
        "C-effect.2-mirrorquad:flipy":"0",
        "C-effect.2-posterize":"false",
        "C-effect.2-posterize:posterize":"0.350000",
        "C-effect.2-trails":"false",
        "C-effect.2-trails:feedback":"0.692000",
        "C-effect.2-twisted":"false",
        "C-effect.2-twisted:radius":"0.283000",
        "C-effect.2-twisted:twirl":"0.044000",
        "C-misc.generatesound":"true",
        "C-misc.generatevisual":"true",
        "C-misc.logic_sound":"true",
        "C-misc.logic_visual":"true",
        "C-misc.midibehaviour":"default",
        "C-misc.pitchfactor":"1.000000",
        "C-misc.pitchoffset":"0.000000",
        "C-misc.quantstyle":"frets",
        "C-misc.scale":"newage",
        "C-misc.volstyle":"pressure",
        "C-sound.chromatic":"false",
        "C-sound.controllerstyle":"modulationonly",
        "C-sound.midifile":"jsbach",
        "C-sound.pitchmax":"87",
        "C-sound.pitchmin":"37",
        "C-sound.synth":"P_05_C_07",
        "C-sound.velocitymax":"127",
        "C-sound.velocitymin":"39",
        "C-sound.xcontroller":"3",
        "C-sound.ycontroller":"2",
        "C-sound.zcontroller":"1",
        "C-visual.alphafinal":"0.040000",
        "C-visual.alphainitial":"0.970000",
        "C-visual.alphatime":"2.090000",
        "C-visual.aspect":"0.500000",
        "C-visual.bounce":"false",
        "C-visual.cursorsprites":"true",
        "C-visual.filled":"false",
        "C-visual.gravity":"0",
        "C-visual.hue1final":"288.000000",
        "C-visual.hue1initial":"180.360001",
        "C-visual.hue1time":"2.003000",
        "C-visual.hue2final":"288.000000",
        "C-visual.hue2initial":"180.360001",
        "C-visual.hue2time":"2.003000",
        "C-visual.inputbackground":"false",
        "C-visual.justification":"center",
        "C-visual.lifetime":"10.000000",
        "C-visual.luminance":"0.500000",
        "C-visual.mirrortype":"none",
        "C-visual.movedir":"cursor",
        "C-visual.noisevertex":"0.000000",
        "C-visual.noisevertexx":"0.000000",
        "C-visual.noisevertexy":"0.000000",
        "C-visual.nsprites":"50",
        "C-visual.placement":"cursor",
        "C-visual.rotangdir":"right",
        "C-visual.rotanginit":"45.000000",
        "C-visual.rotangspeed":"72.000000",
        "C-visual.rotauto":"true",
        "C-visual.saturation":"1.000000",
        "C-visual.shape":"line",
        "C-visual.sizefinal":"10.000000",
        "C-visual.sizeinitial":"0.501000",
        "C-visual.sizetime":"1.090000",
        "C-visual.smoothxyz":"3",
        "C-visual.speed":"0.700000",
        "C-visual.spritesource":"cursor",
        "C-visual.spritestyle":"hue",
        "C-visual.thickness":"10.000000",
        "C-visual.zmin":"0.004000",
        "D-effect.1-blur":"true",
        "D-effect.1-blur:blurxdistance":"0.100000",
        "D-effect.1-blur:blurydistance":"0.100000",
        "D-effect.1-blur:gaussian":"0.170000",
        "D-effect.1-blur:quality":"0.280000",
        "D-effect.1-displace":"false",
        "D-effect.1-displace:threshold":"0.000000",
        "D-effect.1-displace:xfactor":"0.760000",
        "D-effect.1-displace:yfactor":"0.240000",
        "D-effect.1-edgedetection":"false",
        "D-effect.1-edgedetection:mode":"0.920000",
        "D-effect.1-edgedetection:multiplier":"0.240000",
        "D-effect.1-fragment":"true",
        "D-effect.1-fragment:distance":"0.330000",
        "D-effect.1-fragment:fragments":"0.300000",
        "D-effect.1-fragment:fragrotationx":"0.500000",
        "D-effect.1-fragment:fragrotationy":"0.500000",
        "D-effect.1-fragment:fragrotationz":"0.500000",
        "D-effect.1-fragment:fragscale":"1.000000",
        "D-effect.1-fragment:rotation":"0.000000",
        "D-effect.1-goo":"false",
        "D-effect.1-goo:maxdistortionx":"1.000000",
        "D-effect.1-goo:maxdistortiony":"1.000000",
        "D-effect.1-goo:maxdistortionz":"1.000000",
        "D-effect.1-goo:resolution":"16",
        "D-effect.1-goo:shade":"1.000000",
        "D-effect.1-goo:speed":"0.150000",
        "D-effect.1-huerotate":"false",
        "D-effect.1-huerotate:huerotate":"0.000000",
        "D-effect.1-huerotate:huescale":"1.000000",
        "D-effect.1-huerotate:satscale":"0.500000",
        "D-effect.1-kaleidoscope":"false",
        "D-effect.1-kaleidoscope:angles":"0.300000",
        "D-effect.1-kaleidoscope:inputrotation":"0.500000",
        "D-effect.1-kaleidoscope:opacity":"1.000000",
        "D-effect.1-kaleidoscope:rotation":"0.000000",
        "D-effect.1-kaleidoscope:zoom":"0.580000",
        "D-effect.1-mirror":"false",
        "D-effect.1-mirror:flipx":"0",
        "D-effect.1-mirror:flipy":"0",
        "D-effect.1-mirror:in/out":"1.000000",
        "D-effect.1-mirror:x":"0.500000",
        "D-effect.1-mirror:y":"0.500000",
        "D-effect.1-mirrorquad":"false",
        "D-effect.1-mirrorquad:flipx":"0",
        "D-effect.1-mirrorquad:flipy":"0",
        "D-effect.1-posterize":"false",
        "D-effect.1-posterize:posterize":"0.190000",
        "D-effect.1-trails":"false",
        "D-effect.1-trails:feedback":"0.550000",
        "D-effect.1-twisted":"false",
        "D-effect.1-twisted:radius":"0.310000",
        "D-effect.1-twisted:twirl":"0.500000",
        "D-effect.2-blur":"false",
        "D-effect.2-blur:blurxdistance":"0.100000",
        "D-effect.2-blur:blurydistance":"0.080000",
        "D-effect.2-blur:gaussian":"0.170000",
        "D-effect.2-blur:quality":"0.280000",
        "D-effect.2-displace":"false",
        "D-effect.2-displace:threshold":"0.000000",
        "D-effect.2-displace:xfactor":"0.760000",
        "D-effect.2-displace:yfactor":"0.240000",
        "D-effect.2-edgedetection":"false",
        "D-effect.2-edgedetection:mode":"0.920000",
        "D-effect.2-edgedetection:multiplier":"0.240000",
        "D-effect.2-fragment":"false",
        "D-effect.2-fragment:distance":"0.330000",
        "D-effect.2-fragment:fragments":"0.300000",
        "D-effect.2-fragment:fragrotationx":"0.500000",
        "D-effect.2-fragment:fragrotationy":"0.500000",
        "D-effect.2-fragment:fragrotationz":"0.500000",
        "D-effect.2-fragment:fragscale":"1.000000",
        "D-effect.2-fragment:rotation":"0.000000",
        "D-effect.2-goo":"false",
        "D-effect.2-goo:maxdistortionx":"1.000000",
        "D-effect.2-goo:maxdistortiony":"1.000000",
        "D-effect.2-goo:maxdistortionz":"1.000000",
        "D-effect.2-goo:resolution":"16",
        "D-effect.2-goo:shade":"1.000000",
        "D-effect.2-goo:speed":"0.150000",
        "D-effect.2-huerotate":"false",
        "D-effect.2-huerotate:huerotate":"0.000000",
        "D-effect.2-huerotate:huescale":"1.000000",
        "D-effect.2-huerotate:satscale":"0.500000",
        "D-effect.2-kaleidoscope":"false",
        "D-effect.2-kaleidoscope:angles":"0.640000",
        "D-effect.2-kaleidoscope:inputrotation":"0.500000",
        "D-effect.2-kaleidoscope:opacity":"1.000000",
        "D-effect.2-kaleidoscope:rotation":"0.000000",
        "D-effect.2-kaleidoscope:zoom":"1.000000",
        "D-effect.2-mirror":"false",
        "D-effect.2-mirror:flipx":"0",
        "D-effect.2-mirror:flipy":"0",
        "D-effect.2-mirror:in/out":"1.000000",
        "D-effect.2-mirror:x":"0.500000",
        "D-effect.2-mirror:y":"0.500000",
        "D-effect.2-mirrorquad":"false",
        "D-effect.2-mirrorquad:flipx":"0",
        "D-effect.2-mirrorquad:flipy":"0",
        "D-effect.2-posterize":"false",
        "D-effect.2-posterize:posterize":"0.190000",
        "D-effect.2-trails":"false",
        "D-effect.2-trails:feedback":"0.550000",
        "D-effect.2-twisted":"false",
        "D-effect.2-twisted:radius":"0.310000",
        "D-effect.2-twisted:twirl":"0.500000",
        "D-misc.generatesound":"true",
        "D-misc.generatevisual":"true",
        "D-misc.logic_sound":"true",
        "D-misc.logic_visual":"true",
        "D-misc.midibehaviour":"default",
        "D-misc.pitchfactor":"1.000000",
        "D-misc.pitchoffset":"0.000000",
        "D-misc.quantstyle":"frets",
        "D-misc.scale":"newage",
        "D-misc.volstyle":"pressure",
        "D-sound.chromatic":"false",
        "D-sound.controllerstyle":"modulationonly",
        "D-sound.midifile":"jsbach",
        "D-sound.pitchmax":"80",
        "D-sound.pitchmin":"33",
        "D-sound.synth":"P_05_C_04",
        "D-sound.velocitymax":"127",
        "D-sound.velocitymin":"40",
        "D-sound.xcontroller":"3",
        "D-sound.ycontroller":"2",
        "D-sound.zcontroller":"1",
        "D-visual.alphafinal":"0.000000",
        "D-visual.alphainitial":"0.800000",
        "D-visual.alphatime":"1.493000",
        "D-visual.aspect":"0.500000",
        "D-visual.bounce":"false",
        "D-visual.cursorsprites":"true",
        "D-visual.filled":"true",
        "D-visual.gravity":"0",
        "D-visual.hue1final":"180.000000",
        "D-visual.hue1initial":"180.000000",
        "D-visual.hue1time":"5.000000",
        "D-visual.hue2final":"180.000000",
        "D-visual.hue2initial":"180.000000",
        "D-visual.hue2time":"5.000000",
        "D-visual.inputbackground":"false",
        "D-visual.justification":"center",
        "D-visual.lifetime":"10.000000",
        "D-visual.luminance":"0.500000",
        "D-visual.mirrortype":"none",
        "D-visual.movedir":"cursor",
        "D-visual.noisevertex":"0.000000",
        "D-visual.noisevertexx":"0.000000",
        "D-visual.noisevertexy":"0.000000",
        "D-visual.nsprites":"183",
        "D-visual.placement":"cursor",
        "D-visual.rotangdir":"left",
        "D-visual.rotanginit":"0.000000",
        "D-visual.rotangspeed":"0.000000",
        "D-visual.rotauto":"true",
        "D-visual.saturation":"1.000000",
        "D-visual.shape":"circle",
        "D-visual.sizefinal":"6.000000",
        "D-visual.sizeinitial":"0.403000",
        "D-visual.sizetime":"1.209000",
        "D-visual.smoothxyz":"3",
        "D-visual.speed":"0.210000",
        "D-visual.spritesource":"cursor",
        "D-visual.spritestyle":"hue",
        "D-visual.thickness":"4.900000",
        "D-visual.zmin":"0.004000",
        "A-effect.1-blur":"true",
        "A-effect.1-blur:blurxdistance":"0.100000",
        "A-effect.1-blur:blurydistance":"0.100000",
        "A-effect.1-blur:gaussian":"0.170000",
        "A-effect.1-blur:quality":"0.280000",
        "A-effect.1-displace":"false",
        "A-effect.1-displace:threshold":"0.000000",
        "A-effect.1-displace:xfactor":"0.760000",
        "A-effect.1-displace:yfactor":"0.240000",
        "A-effect.1-edgedetection":"false",
        "A-effect.1-edgedetection:mode":"0.920000",
        "A-effect.1-edgedetection:multiplier":"0.240000",
        "A-effect.1-fragment":"true",
        "A-effect.1-fragment:distance":"0.330000",
        "A-effect.1-fragment:fragments":"0.300000",
        "A-effect.1-fragment:fragrotationx":"0.500000",
        "A-effect.1-fragment:fragrotationy":"0.500000",
        "A-effect.1-fragment:fragrotationz":"0.500000",
        "A-effect.1-fragment:fragscale":"1.000000",
        "A-effect.1-fragment:rotation":"0.000000",
        "A-effect.1-goo":"false",
        "A-effect.1-goo:maxdistortionx":"1.000000",
        "A-effect.1-goo:maxdistortiony":"1.000000",
        "A-effect.1-goo:maxdistortionz":"1.000000",
        "A-effect.1-goo:resolution":"16",
        "A-effect.1-goo:shade":"1.000000",
        "A-effect.1-goo:speed":"0.150000",
        "A-effect.1-huerotate":"false",
        "A-effect.1-huerotate:huerotate":"0.000000",
        "A-effect.1-huerotate:huescale":"1.000000",
        "A-effect.1-huerotate:satscale":"0.500000",
        "A-effect.1-kaleidoscope":"false",
        "A-effect.1-kaleidoscope:angles":"0.300000",
        "A-effect.1-kaleidoscope:inputrotation":"0.500000",
        "A-effect.1-kaleidoscope:opacity":"1.000000",
        "A-effect.1-kaleidoscope:rotation":"0.000000",
        "A-effect.1-kaleidoscope:zoom":"0.580000",
        "A-effect.1-mirror":"false",
        "A-effect.1-mirror:flipx":"0",
        "A-effect.1-mirror:flipy":"0",
        "A-effect.1-mirror:in/out":"1.000000",
        "A-effect.1-mirror:x":"0.500000",
        "A-effect.1-mirror:y":"0.500000",
        "A-effect.1-mirrorquad":"false",
        "A-effect.1-mirrorquad:flipx":"0",
        "A-effect.1-mirrorquad:flipy":"0",
        "A-effect.1-posterize":"false",
        "A-effect.1-posterize:posterize":"0.190000",
        "A-effect.1-trails":"false",
        "A-effect.1-trails:feedback":"0.550000",
        "A-effect.1-twisted":"false",
        "A-effect.1-twisted:radius":"0.310000",
        "A-effect.1-twisted:twirl":"0.500000",
        "A-effect.2-blur":"false",
        "A-effect.2-blur:blurxdistance":"0.100000",
        "A-effect.2-blur:blurydistance":"0.080000",
        "A-effect.2-blur:gaussian":"0.170000",
        "A-effect.2-blur:quality":"0.280000",
        "A-effect.2-displace":"false",
        "A-effect.2-displace:threshold":"0.000000",
        "A-effect.2-displace:xfactor":"0.760000",
        "A-effect.2-displace:yfactor":"0.240000",
        "A-effect.2-edgedetection":"false",
        "A-effect.2-edgedetection:mode":"0.920000",
        "A-effect.2-edgedetection:multiplier":"0.240000",
        "A-effect.2-fragment":"false",
        "A-effect.2-fragment:distance":"0.330000",
        "A-effect.2-fragment:fragments":"0.300000",
        "A-effect.2-fragment:fragrotationx":"0.500000",
        "A-effect.2-fragment:fragrotationy":"0.500000",
        "A-effect.2-fragment:fragrotationz":"0.500000",
        "A-effect.2-fragment:fragscale":"1.000000",
        "A-effect.2-fragment:rotation":"0.000000",
        "A-effect.2-goo":"false",
        "A-effect.2-goo:maxdistortionx":"1.000000",
        "A-effect.2-goo:maxdistortiony":"1.000000",
        "A-effect.2-goo:maxdistortionz":"1.000000",
        "A-effect.2-goo:resolution":"16",
        "A-effect.2-goo:shade":"1.000000",
        "A-effect.2-goo:speed":"0.150000",
        "A-effect.2-huerotate":"false",
        "A-effect.2-huerotate:huerotate":"0.000000",
        "A-effect.2-huerotate:huescale":"1.000000",
        "A-effect.2-huerotate:satscale":"0.500000",
        "A-effect.2-kaleidoscope":"false",
        "A-effect.2-kaleidoscope:angles":"0.640000",
        "A-effect.2-kaleidoscope:inputrotation":"0.500000",
        "A-effect.2-kaleidoscope:opacity":"1.000000",
        "A-effect.2-kaleidoscope:rotation":"0.000000",
        "A-effect.2-kaleidoscope:zoom":"1.000000",
        "A-effect.2-mirror":"false",
        "A-effect.2-mirror:flipx":"0",
        "A-effect.2-mirror:flipy":"0",
        "A-effect.2-mirror:in/out":"1.000000",
        "A-effect.2-mirror:x":"0.500000",
        "A-effect.2-mirror:y":"0.500000",
        "A-effect.2-mirrorquad":"false",
        "A-effect.2-mirrorquad:flipx":"0",
        "A-effect.2-mirrorquad:flipy":"0",
        "A-effect.2-posterize":"false",
        "A-effect.2-posterize:posterize":"0.190000",
        "A-effect.2-trails":"false",
        "A-effect.2-trails:feedback":"0.550000",
        "A-effect.2-twisted":"false",
        "A-effect.2-twisted:radius":"0.310000",
        "A-effect.2-twisted:twirl":"0.500000",
        "A-misc.generatesound":"true",
        "A-misc.generatevisual":"true",
        "A-misc.logic_sound":"true",
        "A-misc.logic_visual":"true",
        "A-misc.midibehaviour":"default",
        "A-misc.pitchfactor":"1.000000",
        "A-misc.pitchoffset":"0.000000",
        "A-misc.quantstyle":"frets",
        "A-misc.scale":"newage",
        "A-misc.volstyle":"pressure",
        "A-sound.chromatic":"false",
        "A-sound.controllerstyle":"modulationonly",
        "A-sound.midifile":"jsbach",
        "A-sound.pitchmax":"91",
        "A-sound.pitchmin":"43",
        "A-sound.synth":"P_04_C_06",
        "A-sound.velocitymax":"127",
        "A-sound.velocitymin":"46",
        "A-sound.xcontroller":"3",
        "A-sound.ycontroller":"2",
        "A-sound.zcontroller":"1",
        "A-visual.alphafinal":"0.000000",
        "A-visual.alphainitial":"1.000000",
        "A-visual.alphatime":"7.502000",
        "A-visual.aspect":"0.500000",
        "A-visual.bounce":"true",
        "A-visual.cursorsprites":"false",
        "A-visual.filled":"true",
        "A-visual.gravity":"0",
        "A-visual.hue1final":"324.000000",
        "A-visual.hue1initial":"360.000000",
        "A-visual.hue1time":"2.008000",
        "A-visual.hue2final":"36.000000",
        "A-visual.hue2initial":"72.000000",
        "A-visual.hue2time":"3.906000",
        "A-visual.inputbackground":"false",
        "A-visual.justification":"center",
        "A-visual.lifetime":"6.999000",
        "A-visual.luminance":"0.500000",
        "A-visual.mirrortype":"none",
        "A-visual.movedir":"leftright",
        "A-visual.noisevertex":"0.000000",
        "A-visual.noisevertexx":"0.000000",
        "A-visual.noisevertexy":"0.000000",
        "A-visual.nsprites":"1039",
        "A-visual.placement":"cursor",
        "A-visual.rotangdir":"right",
        "A-visual.rotanginit":"90.000000",
        "A-visual.rotangspeed":"0.000000",
        "A-visual.rotauto":"false",
        "A-visual.saturation":"1.000000",
        "A-visual.shape":"line",
        "A-visual.sizefinal":"1.000000",
        "A-visual.sizeinitial":"2.500000",
        "A-visual.sizetime":"5.605000",
        "A-visual.smoothxyz":"3",
        "A-visual.speed":"0.300000",
        "A-visual.spritesource":"cursor",
        "A-visual.spritestyle":"hue",
        "A-visual.thickness":"7.902000",
        "A-visual.zmin":"0.004000",
        "B-effect.1-blur":"true",
        "B-effect.1-blur:blurxdistance":"0.100000",
        "B-effect.1-blur:blurydistance":"0.100000",
        "B-effect.1-blur:gaussian":"0.170000",
        "B-effect.1-blur:quality":"0.280000",
        "B-effect.1-displace":"false",
        "B-effect.1-displace:threshold":"0.000000",
        "B-effect.1-displace:xfactor":"0.760000",
        "B-effect.1-displace:yfactor":"0.240000",
        "B-effect.1-edgedetection":"false",
        "B-effect.1-edgedetection:mode":"0.920000",
        "B-effect.1-edgedetection:multiplier":"0.240000",
        "B-effect.1-fragment":"true",
        "B-effect.1-fragment:distance":"0.330000",
        "B-effect.1-fragment:fragments":"0.300000",
        "B-effect.1-fragment:fragrotationx":"0.500000",
        "B-effect.1-fragment:fragrotationy":"0.500000",
        "B-effect.1-fragment:fragrotationz":"0.500000",
        "B-effect.1-fragment:fragscale":"1.000000",
        "B-effect.1-fragment:rotation":"0.000000",
        "B-effect.1-goo":"false",
        "B-effect.1-goo:maxdistortionx":"1.000000",
        "B-effect.1-goo:maxdistortiony":"1.000000",
        "B-effect.1-goo:maxdistortionz":"1.000000",
        "B-effect.1-goo:resolution":"16",
        "B-effect.1-goo:shade":"1.000000",
        "B-effect.1-goo:speed":"0.150000",
        "B-effect.1-huerotate":"false",
        "B-effect.1-huerotate:huerotate":"0.000000",
        "B-effect.1-huerotate:huescale":"1.000000",
        "B-effect.1-huerotate:satscale":"0.500000",
        "B-effect.1-kaleidoscope":"false",
        "B-effect.1-kaleidoscope:angles":"0.300000",
        "B-effect.1-kaleidoscope:inputrotation":"0.500000",
        "B-effect.1-kaleidoscope:opacity":"1.000000",
        "B-effect.1-kaleidoscope:rotation":"0.000000",
        "B-effect.1-kaleidoscope:zoom":"0.580000",
        "B-effect.1-mirror":"false",
        "B-effect.1-mirror:flipx":"0",
        "B-effect.1-mirror:flipy":"0",
        "B-effect.1-mirror:in/out":"1.000000",
        "B-effect.1-mirror:x":"0.500000",
        "B-effect.1-mirror:y":"0.500000",
        "B-effect.1-mirrorquad":"false",
        "B-effect.1-mirrorquad:flipx":"0",
        "B-effect.1-mirrorquad:flipy":"0",
        "B-effect.1-posterize":"false",
        "B-effect.1-posterize:posterize":"0.190000",
        "B-effect.1-trails":"false",
        "B-effect.1-trails:feedback":"0.550000",
        "B-effect.1-twisted":"false",
        "B-effect.1-twisted:radius":"0.310000",
        "B-effect.1-twisted:twirl":"0.500000",
        "B-effect.2-blur":"false",
        "B-effect.2-blur:blurxdistance":"0.100000",
        "B-effect.2-blur:blurydistance":"0.080000",
        "B-effect.2-blur:gaussian":"0.170000",
        "B-effect.2-blur:quality":"0.280000",
        "B-effect.2-displace":"false",
        "B-effect.2-displace:threshold":"0.000000",
        "B-effect.2-displace:xfactor":"0.760000",
        "B-effect.2-displace:yfactor":"0.240000",
        "B-effect.2-edgedetection":"false",
        "B-effect.2-edgedetection:mode":"0.920000",
        "B-effect.2-edgedetection:multiplier":"0.240000",
        "B-effect.2-fragment":"false",
        "B-effect.2-fragment:distance":"0.330000",
        "B-effect.2-fragment:fragments":"0.300000",
        "B-effect.2-fragment:fragrotationx":"0.500000",
        "B-effect.2-fragment:fragrotationy":"0.500000",
        "B-effect.2-fragment:fragrotationz":"0.500000",
        "B-effect.2-fragment:fragscale":"1.000000",
        "B-effect.2-fragment:rotation":"0.000000",
        "B-effect.2-goo":"false",
        "B-effect.2-goo:maxdistortionx":"1.000000",
        "B-effect.2-goo:maxdistortiony":"1.000000",
        "B-effect.2-goo:maxdistortionz":"1.000000",
        "B-effect.2-goo:resolution":"16",
        "B-effect.2-goo:shade":"1.000000",
        "B-effect.2-goo:speed":"0.150000",
        "B-effect.2-huerotate":"false",
        "B-effect.2-huerotate:huerotate":"0.000000",
        "B-effect.2-huerotate:huescale":"1.000000",
        "B-effect.2-huerotate:satscale":"0.500000",
        "B-effect.2-kaleidoscope":"false",
        "B-effect.2-kaleidoscope:angles":"0.640000",
        "B-effect.2-kaleidoscope:inputrotation":"0.500000",
        "B-effect.2-kaleidoscope:opacity":"1.000000",
        "B-effect.2-kaleidoscope:rotation":"0.000000",
        "B-effect.2-kaleidoscope:zoom":"1.000000",
        "B-effect.2-mirror":"false",
        "B-effect.2-mirror:flipx":"0",
        "B-effect.2-mirror:flipy":"0",
        "B-effect.2-mirror:in/out":"1.000000",
        "B-effect.2-mirror:x":"0.500000",
        "B-effect.2-mirror:y":"0.500000",
        "B-effect.2-mirrorquad":"false",
        "B-effect.2-mirrorquad:flipx":"0",
        "B-effect.2-mirrorquad:flipy":"0",
        "B-effect.2-posterize":"false",
        "B-effect.2-posterize:posterize":"0.190000",
        "B-effect.2-trails":"false",
        "B-effect.2-trails:feedback":"0.550000",
        "B-effect.2-twisted":"false",
        "B-effect.2-twisted:radius":"0.310000",
        "B-effect.2-twisted:twirl":"0.500000",
        "B-misc.generatesound":"true",
        "B-misc.generatevisual":"true",
        "B-misc.logic_sound":"true",
        "B-misc.logic_visual":"true",
        "B-misc.midibehaviour":"default",
        "B-misc.pitchfactor":"1.000000",
        "B-misc.pitchoffset":"0.000000",
        "B-misc.quantstyle":"frets",
        "B-misc.scale":"newage",
        "B-misc.volstyle":"pressure",
        "B-sound.chromatic":"false",
        "B-sound.controllerstyle":"modulationonly",
        "B-sound.midifile":"jsbach",
        "B-sound.pitchmax":"86",
        "B-sound.pitchmin":"38",
        "B-sound.synth":"P_01_C_01",
        "B-sound.velocitymax":"126",
        "B-sound.velocitymin":"48",
        "B-sound.xcontroller":"3",
        "B-sound.ycontroller":"2",
        "B-sound.zcontroller":"1",
        "B-visual.alphafinal":"0.000000",
        "B-visual.alphainitial":"1.000000",
        "B-visual.alphatime":"4.287000",
        "B-visual.aspect":"0.500000",
        "B-visual.bounce":"false",
        "B-visual.cursorsprites":"true",
        "B-visual.filled":"false",
        "B-visual.gravity":"0",
        "B-visual.hue1final":"288.000000",
        "B-visual.hue1initial":"180.360001",
        "B-visual.hue1time":"2.003000",
        "B-visual.hue2final":"288.000000",
        "B-visual.hue2initial":"180.360001",
        "B-visual.hue2time":"2.003000",
        "B-visual.inputbackground":"false",
        "B-visual.justification":"center",
        "B-visual.lifetime":"10.000000",
        "B-visual.luminance":"0.500000",
        "B-visual.mirrortype":"none",
        "B-visual.movedir":"random",
        "B-visual.noisevertex":"0.000000",
        "B-visual.noisevertexx":"0.000000",
        "B-visual.noisevertexy":"0.000000",
        "B-visual.nsprites":"1146",
        "B-visual.placement":"cursor",
        "B-visual.rotangdir":"right",
        "B-visual.rotanginit":"90.000000",
        "B-visual.rotangspeed":"0.000000",
        "B-visual.rotauto":"false",
        "B-visual.saturation":"1.000000",
        "B-visual.shape":"line",
        "B-visual.sizefinal":"10.000000",
        "B-visual.sizeinitial":"2.000000",
        "B-visual.sizetime":"2.080000",
        "B-visual.smoothxyz":"3",
        "B-visual.speed":"0.110000",
        "B-visual.spritesource":"cursor",
        "B-visual.spritestyle":"hue",
        "B-visual.thickness":"2.560000",
        "B-visual.zmin":"0.004000"
    }
}