{
    "params": {
        "A-sound._controllerzmax":"0.600000",
        "A-sound._controllerzmin":"0.001000",
        "A-sound._deltaytrig":"1.000000",
        "A-sound._deltaztrig":"0.05",
        "A-sound._inputport":"",
        "A-sound._timefret1q":"1.000000",
        "A-sound._timefret1y":"0.300000",
        "A-sound._timefret2q":"0.500000",
        "A-sound._timefret2y":"0.600000",
        "A-sound._timefret3q":"0.250000",
        "A-sound._timefret3y":"0.900000",
        "A-sound._timefret4q":"0.125000",
        "A-sound._timefret4y":"1.000000",
        "B-sound._controllerzmax":"0.600000",
        "B-sound._controllerzmin":"0.001000",
        "B-sound._deltaytrig":"1.000000",
        "B-sound._deltaztrig":"0.05",
        "B-sound._inputport":"",
        "B-sound._timefret1q":"1.000000",
        "B-sound._timefret1y":"0.300000",
        "B-sound._timefret2q":"0.500000",
        "B-sound._timefret2y":"0.600000",
        "B-sound._timefret3q":"0.250000",
        "B-sound._timefret3y":"0.900000",
        "B-sound._timefret4q":"0.125000",
        "B-sound._timefret4y":"1.000000",
        "C-sound._controllerzmax":"0.600000",
        "C-sound._controllerzmin":"0.001000",
        "C-sound._deltaytrig":"1.000000",
        "C-sound._deltaztrig":"0.05",
        "C-sound._inputport":"",
        "C-sound._timefret1q":"1.000000",
        "C-sound._timefret1y":"0.300000",
        "C-sound._timefret2q":"0.500000",
        "C-sound._timefret2y":"0.600000",
        "C-sound._timefret3q":"0.250000",
        "C-sound._timefret3y":"0.900000",
        "C-sound._timefret4q":"0.125000",
        "C-sound._timefret4y":"1.000000",
        "D-sound._controllerzmax":"0.600000",
        "D-sound._controllerzmin":"0.001000",
        "D-sound._deltaytrig":"1.000000",
        "D-sound._deltaztrig":"0.05",
        "D-sound._inputport":"",
        "D-sound._timefret1q":"1.000000",
        "D-sound._timefret1y":"0.300000",
        "D-sound._timefret2q":"0.500000",
        "D-sound._timefret2y":"0.600000",
        "D-sound._timefret3q":"0.250000",
        "D-sound._timefret3y":"0.900000",
        "D-sound._timefret4q":"0.125000",
        "D-sound._timefret4y":"1.000000"
    }
}
