{
    "params":{
        "A-effect.1-blur":"false",
        "A-effect.1-blur:blurxdistance":"0.100",
        "A-effect.1-blur:blurydistance":"0.080",
        "A-effect.1-blur:gaussian":"0.170",
        "A-effect.1-blur:quality":"0.280",
        "A-effect.1-displace":"false",
        "A-effect.1-displace:threshold":"0.397",
        "A-effect.1-displace:xfactor":"0.760",
        "A-effect.1-displace:yfactor":"0.240",
        "A-effect.1-edgedetection":"false",
        "A-effect.1-edgedetection:mode":"0.920",
        "A-effect.1-edgedetection:multiplier":"0.240",
        "A-effect.1-fragment":"false",
        "A-effect.1-fragment:distance":"0.798",
        "A-effect.1-fragment:fragments":"0.750",
        "A-effect.1-fragment:fragrotationx":"0.565",
        "A-effect.1-fragment:fragrotationy":"0.869",
        "A-effect.1-fragment:fragrotationz":"0.929",
        "A-effect.1-fragment:fragscale":"1.000",
        "A-effect.1-fragment:rotation":"0.866",
        "A-effect.1-huerotate":"false",
        "A-effect.1-huerotate:huerotate":"0.921",
        "A-effect.1-huerotate:huescale":"0.232",
        "A-effect.1-huerotate:satscale":"0.015",
        "A-effect.1-kaleidoscope":"false",
        "A-effect.1-kaleidoscope:angles":"0.300",
        "A-effect.1-kaleidoscope:inputrotation":"0.500",
        "A-effect.1-kaleidoscope:opacity":"1.000",
        "A-effect.1-kaleidoscope:rotation":"0.000",
        "A-effect.1-kaleidoscope:zoom":"0.580",
        "A-effect.1-mirror":"false",
        "A-effect.1-mirror:flipx":"1",
        "A-effect.1-mirror:flipy":"0",
        "A-effect.1-mirror:in/out":"0.681",
        "A-effect.1-mirror:x":"0.500",
        "A-effect.1-mirror:y":"0.500",
        "A-effect.1-mirrorquad":"false",
        "A-effect.1-mirrorquad:flipx":"1",
        "A-effect.1-mirrorquad:flipy":"0",
        "A-effect.1-posterize":"false",
        "A-effect.1-posterize:posterize":"0.190",
        "A-effect.1-trails":"false",
        "A-effect.1-trails:feedback":"0.550",
        "A-effect.1-twisted":"false",
        "A-effect.1-twisted:radius":"0.310",
        "A-effect.1-twisted:twirl":"0.500",
        "A-effect.2-blur":"false",
        "A-effect.2-blur:blurxdistance":"0.100",
        "A-effect.2-blur:blurydistance":"0.080",
        "A-effect.2-blur:gaussian":"0.170",
        "A-effect.2-blur:quality":"0.280",
        "A-effect.2-displace":"false",
        "A-effect.2-displace:threshold":"0.288",
        "A-effect.2-displace:xfactor":"0.760",
        "A-effect.2-displace:yfactor":"0.240",
        "A-effect.2-edgedetection":"false",
        "A-effect.2-edgedetection:mode":"0.920",
        "A-effect.2-edgedetection:multiplier":"0.240",
        "A-effect.2-fragment":"false",
        "A-effect.2-fragment:distance":"0.785",
        "A-effect.2-fragment:fragments":"0.431",
        "A-effect.2-fragment:fragrotationx":"0.790",
        "A-effect.2-fragment:fragrotationy":"0.277",
        "A-effect.2-fragment:fragrotationz":"0.813",
        "A-effect.2-fragment:fragscale":"1.000",
        "A-effect.2-fragment:rotation":"0.994",
        "A-effect.2-huerotate":"false",
        "A-effect.2-huerotate:huerotate":"0.762",
        "A-effect.2-huerotate:huescale":"0.319",
        "A-effect.2-huerotate:satscale":"0.073",
        "A-effect.2-kaleidoscope":"false",
        "A-effect.2-kaleidoscope:angles":"0.640",
        "A-effect.2-kaleidoscope:inputrotation":"0.500",
        "A-effect.2-kaleidoscope:opacity":"1.000",
        "A-effect.2-kaleidoscope:rotation":"0.000",
        "A-effect.2-kaleidoscope:zoom":"1.000",
        "A-effect.2-mirror":"false",
        "A-effect.2-mirror:flipx":"0",
        "A-effect.2-mirror:flipy":"0",
        "A-effect.2-mirror:in/out":"0.234",
        "A-effect.2-mirror:x":"0.500",
        "A-effect.2-mirror:y":"0.500",
        "A-effect.2-mirrorquad":"false",
        "A-effect.2-mirrorquad:flipx":"1",
        "A-effect.2-mirrorquad:flipy":"0",
        "A-effect.2-posterize":"false",
        "A-effect.2-posterize:posterize":"0.190",
        "A-effect.2-trails":"false",
        "A-effect.2-trails:feedback":"0.550",
        "A-effect.2-twisted":"false",
        "A-effect.2-twisted:radius":"0.310",
        "A-effect.2-twisted:twirl":"0.500",
        "A-visual.alphafinal":"0.000",
        "A-visual.alphainitial":"0.600",
        "A-visual.alphatime":"3.288",
        "A-visual.aspect":"0.500",
        "A-visual.bounce":"false",
        "A-sound.controllerstyle":"modulationonly",
        "A-visual.filled":"true",
        "A-visual.gravity":"0",
        "A-visual.hue1final":"288.000",
        "A-visual.hue1initial":"144.000",
        "A-visual.hue1time":"2.003",
        "A-visual.hue2final":"0.000",
        "A-visual.hue2initial":"216.360",
        "A-visual.hue2time":"2.003",
        "A-visual.justification":"center",
        "A-visual.lifetime":"10.000",
        "A-visual.luminance":"0.500",
        "A-sound.midifile":"jsbach",
        "A-visual.mirrortype":"none",
        "A-visual.movedir":"leftright",
        "A-visual.noisevertexx":"0.000",
        "A-visual.noisevertexy":"0.000",
        "A-visual.nsprites":"147",
        "A-sound.pitchmax":"72",
        "A-sound.pitchmin":"25",
        "A-visual.placement":"cursor",
        "A-visual.rotangdir":"right",
        "A-visual.rotanginit":"45.000",
        "A-visual.rotangspeed":"0.000",
        "A-visual.rotauto":"false",
        "A-visual.saturation":"1.000",
        "A-visual.shape":"square",
        "A-visual.sizefinal":"0.000",
        "A-visual.sizeinitial":"2.008",
        "A-visual.sizetime":"1.280",
        "A-visual.smoothxyz":"3",
        "A-visual.speed":"0.000",
        "A-visual.spritesource":"cursor",
        "A-sound.synth":"P_10_C_06",
        "A-visual.thickness":"3.007",
        "A-sound.velocitymax":"127",
        "A-sound.velocitymin":"48",
        "A-sound.xcontroller":"1",
        "A-sound.ycontroller":"1",
        "A-sound.zcontroller":"1",
        "A-visual.zmin":"0.004",
        "B-effect.1-blur":"false",
        "B-effect.1-blur:blurxdistance":"0.100",
        "B-effect.1-blur:blurydistance":"0.080",
        "B-effect.1-blur:gaussian":"0.170",
        "B-effect.1-blur:quality":"0.280",
        "B-effect.1-displace":"false",
        "B-effect.1-displace:threshold":"0.212",
        "B-effect.1-displace:xfactor":"0.760",
        "B-effect.1-displace:yfactor":"0.240",
        "B-effect.1-edgedetection":"false",
        "B-effect.1-edgedetection:mode":"0.920",
        "B-effect.1-edgedetection:multiplier":"0.240",
        "B-effect.1-fragment":"false",
        "B-effect.1-fragment:distance":"0.563",
        "B-effect.1-fragment:fragments":"0.386",
        "B-effect.1-fragment:fragrotationx":"0.729",
        "B-effect.1-fragment:fragrotationy":"0.480",
        "B-effect.1-fragment:fragrotationz":"0.163",
        "B-effect.1-fragment:fragscale":"1.000",
        "B-effect.1-fragment:rotation":"0.972",
        "B-effect.1-huerotate":"false",
        "B-effect.1-huerotate:huerotate":"0.225",
        "B-effect.1-huerotate:huescale":"0.582",
        "B-effect.1-huerotate:satscale":"0.195",
        "B-effect.1-kaleidoscope":"false",
        "B-effect.1-kaleidoscope:angles":"0.300",
        "B-effect.1-kaleidoscope:inputrotation":"0.500",
        "B-effect.1-kaleidoscope:opacity":"1.000",
        "B-effect.1-kaleidoscope:rotation":"0.000",
        "B-effect.1-kaleidoscope:zoom":"0.580",
        "B-effect.1-mirror":"false",
        "B-effect.1-mirror:flipx":"1",
        "B-effect.1-mirror:flipy":"1",
        "B-effect.1-mirror:in/out":"0.822",
        "B-effect.1-mirror:x":"0.500",
        "B-effect.1-mirror:y":"0.500",
        "B-effect.1-mirrorquad":"false",
        "B-effect.1-mirrorquad:flipx":"1",
        "B-effect.1-mirrorquad:flipy":"0",
        "B-effect.1-posterize":"false",
        "B-effect.1-posterize:posterize":"0.190",
        "B-effect.1-trails":"false",
        "B-effect.1-trails:feedback":"0.550",
        "B-effect.1-twisted":"false",
        "B-effect.1-twisted:radius":"0.310",
        "B-effect.1-twisted:twirl":"0.500",
        "B-effect.2-blur":"false",
        "B-effect.2-blur:blurxdistance":"0.100",
        "B-effect.2-blur:blurydistance":"0.080",
        "B-effect.2-blur:gaussian":"0.170",
        "B-effect.2-blur:quality":"0.280",
        "B-effect.2-displace":"false",
        "B-effect.2-displace:threshold":"0.027",
        "B-effect.2-displace:xfactor":"0.760",
        "B-effect.2-displace:yfactor":"0.240",
        "B-effect.2-edgedetection":"false",
        "B-effect.2-edgedetection:mode":"0.920",
        "B-effect.2-edgedetection:multiplier":"0.240",
        "B-effect.2-fragment":"false",
        "B-effect.2-fragment:distance":"0.058",
        "B-effect.2-fragment:fragments":"0.902",
        "B-effect.2-fragment:fragrotationx":"0.681",
        "B-effect.2-fragment:fragrotationy":"0.132",
        "B-effect.2-fragment:fragrotationz":"0.247",
        "B-effect.2-fragment:fragscale":"1.000",
        "B-effect.2-fragment:rotation":"0.476",
        "B-effect.2-huerotate":"false",
        "B-effect.2-huerotate:huerotate":"0.897",
        "B-effect.2-huerotate:huescale":"0.131",
        "B-effect.2-huerotate:satscale":"0.095",
        "B-effect.2-kaleidoscope":"false",
        "B-effect.2-kaleidoscope:angles":"0.640",
        "B-effect.2-kaleidoscope:inputrotation":"0.500",
        "B-effect.2-kaleidoscope:opacity":"1.000",
        "B-effect.2-kaleidoscope:rotation":"0.000",
        "B-effect.2-kaleidoscope:zoom":"1.000",
        "B-effect.2-mirror":"false",
        "B-effect.2-mirror:flipx":"1",
        "B-effect.2-mirror:flipy":"0",
        "B-effect.2-mirror:in/out":"0.041",
        "B-effect.2-mirror:x":"0.500",
        "B-effect.2-mirror:y":"0.500",
        "B-effect.2-mirrorquad":"false",
        "B-effect.2-mirrorquad:flipx":"1",
        "B-effect.2-mirrorquad:flipy":"0",
        "B-effect.2-posterize":"false",
        "B-effect.2-posterize:posterize":"0.190",
        "B-effect.2-trails":"false",
        "B-effect.2-trails:feedback":"0.550",
        "B-effect.2-twisted":"false",
        "B-effect.2-twisted:radius":"0.310",
        "B-effect.2-twisted:twirl":"0.500",
        "B-visual.alphafinal":"0.100",
        "B-visual.alphainitial":"0.510",
        "B-visual.alphatime":"4.997",
        "B-visual.aspect":"0.500",
        "B-visual.bounce":"false",
        "B-sound.controllerstyle":"modulationonly",
        "B-visual.filled":"true",
        "B-visual.gravity":"0",
        "B-visual.hue1final":"0.000",
        "B-visual.hue1initial":"360.000",
        "B-visual.hue1time":"5.000",
        "B-visual.hue2final":"0.000",
        "B-visual.hue2initial":"360.000",
        "B-visual.hue2time":"5.000",
        "B-visual.justification":"center",
        "B-visual.lifetime":"8.000",
        "B-visual.luminance":"0.500",
        "B-sound.midifile":"jsbach",
        "B-visual.mirrortype":"none",
        "B-visual.movedir":"cursor",
        "B-visual.noisevertexx":"0.000",
        "B-visual.noisevertexy":"0.000",
        "B-visual.nsprites":"100",
        "B-sound.pitchmax":"72",
        "B-sound.pitchmin":"25",
        "B-visual.placement":"cursor",
        "B-visual.rotangdir":"random",
        "B-visual.rotanginit":"0.000",
        "B-visual.rotangspeed":"0.000",
        "B-visual.rotauto":"false",
        "B-visual.saturation":"1.000",
        "B-visual.shape":"square",
        "B-visual.sizefinal":"0.000",
        "B-visual.sizeinitial":"2.498",
        "B-visual.sizetime":"1.500",
        "B-visual.smoothxyz":"3",
        "B-visual.speed":"0.000",
        "B-visual.spritesource":"cursor",
        "B-sound.synth":"P_10_C_06",
        "B-visual.thickness":"3.000",
        "B-sound.velocitymax":"126",
        "B-sound.velocitymin":"48",
        "B-sound.xcontroller":"1",
        "B-sound.ycontroller":"1",
        "B-sound.zcontroller":"1",
        "B-visual.zmin":"0.004",
        "C-effect.1-blur":"false",
        "C-effect.1-blur:blurxdistance":"0.100",
        "C-effect.1-blur:blurydistance":"0.080",
        "C-effect.1-blur:gaussian":"0.170",
        "C-effect.1-blur:quality":"0.280",
        "C-effect.1-displace":"false",
        "C-effect.1-displace:threshold":"0.221",
        "C-effect.1-displace:xfactor":"0.760",
        "C-effect.1-displace:yfactor":"0.240",
        "C-effect.1-edgedetection":"false",
        "C-effect.1-edgedetection:mode":"0.920",
        "C-effect.1-edgedetection:multiplier":"0.240",
        "C-effect.1-fragment":"false",
        "C-effect.1-fragment:distance":"0.839",
        "C-effect.1-fragment:fragments":"0.876",
        "C-effect.1-fragment:fragrotationx":"0.078",
        "C-effect.1-fragment:fragrotationy":"0.377",
        "C-effect.1-fragment:fragrotationz":"0.848",
        "C-effect.1-fragment:fragscale":"0.253",
        "C-effect.1-fragment:rotation":"0.588",
        "C-effect.1-huerotate":"false",
        "C-effect.1-huerotate:huerotate":"0.787",
        "C-effect.1-huerotate:huescale":"0.849",
        "C-effect.1-huerotate:satscale":"0.445",
        "C-effect.1-kaleidoscope":"false",
        "C-effect.1-kaleidoscope:angles":"0.300",
        "C-effect.1-kaleidoscope:inputrotation":"0.500",
        "C-effect.1-kaleidoscope:opacity":"1.000",
        "C-effect.1-kaleidoscope:rotation":"0.000",
        "C-effect.1-kaleidoscope:zoom":"0.580",
        "C-effect.1-mirror":"false",
        "C-effect.1-mirror:flipx":"0",
        "C-effect.1-mirror:flipy":"0",
        "C-effect.1-mirror:in/out":"0.233",
        "C-effect.1-mirror:x":"0.500",
        "C-effect.1-mirror:y":"0.500",
        "C-effect.1-mirrorquad":"false",
        "C-effect.1-mirrorquad:flipx":"0",
        "C-effect.1-mirrorquad:flipy":"0",
        "C-effect.1-posterize":"false",
        "C-effect.1-posterize:posterize":"0.190",
        "C-effect.1-trails":"false",
        "C-effect.1-trails:feedback":"0.550",
        "C-effect.1-twisted":"false",
        "C-effect.1-twisted:radius":"0.310",
        "C-effect.1-twisted:twirl":"0.500",
        "C-effect.2-blur":"false",
        "C-effect.2-blur:blurxdistance":"0.100",
        "C-effect.2-blur:blurydistance":"0.080",
        "C-effect.2-blur:gaussian":"0.170",
        "C-effect.2-blur:quality":"0.280",
        "C-effect.2-displace":"false",
        "C-effect.2-displace:threshold":"0.220",
        "C-effect.2-displace:xfactor":"0.760",
        "C-effect.2-displace:yfactor":"0.240",
        "C-effect.2-edgedetection":"false",
        "C-effect.2-edgedetection:mode":"0.920",
        "C-effect.2-edgedetection:multiplier":"0.240",
        "C-effect.2-fragment":"false",
        "C-effect.2-fragment:distance":"0.528",
        "C-effect.2-fragment:fragments":"0.892",
        "C-effect.2-fragment:fragrotationx":"0.041",
        "C-effect.2-fragment:fragrotationy":"0.702",
        "C-effect.2-fragment:fragrotationz":"0.102",
        "C-effect.2-fragment:fragscale":"0.870",
        "C-effect.2-fragment:rotation":"0.225",
        "C-effect.2-huerotate":"false",
        "C-effect.2-huerotate:huerotate":"0.680",
        "C-effect.2-huerotate:huescale":"0.166",
        "C-effect.2-huerotate:satscale":"0.081",
        "C-effect.2-kaleidoscope":"false",
        "C-effect.2-kaleidoscope:angles":"0.640",
        "C-effect.2-kaleidoscope:inputrotation":"0.500",
        "C-effect.2-kaleidoscope:opacity":"1.000",
        "C-effect.2-kaleidoscope:rotation":"0.000",
        "C-effect.2-kaleidoscope:zoom":"1.000",
        "C-effect.2-mirror":"false",
        "C-effect.2-mirror:flipx":"0",
        "C-effect.2-mirror:flipy":"0",
        "C-effect.2-mirror:in/out":"0.426",
        "C-effect.2-mirror:x":"0.500",
        "C-effect.2-mirror:y":"0.500",
        "C-effect.2-mirrorquad":"false",
        "C-effect.2-mirrorquad:flipx":"1",
        "C-effect.2-mirrorquad:flipy":"1",
        "C-effect.2-posterize":"false",
        "C-effect.2-posterize:posterize":"0.190",
        "C-effect.2-trails":"false",
        "C-effect.2-trails:feedback":"0.550",
        "C-effect.2-twisted":"false",
        "C-effect.2-twisted:radius":"0.310",
        "C-effect.2-twisted:twirl":"0.500",
        "C-visual.alphafinal":"0.000",
        "C-visual.alphainitial":"0.500",
        "C-visual.alphatime":"8.501",
        "C-visual.aspect":"0.579",
        "C-visual.bounce":"true",
        "C-sound.controllerstyle":"modulationonly",
        "C-visual.filled":"true",
        "C-visual.gravity":"0",
        "C-visual.hue1final":"108.000",
        "C-visual.hue1initial":"108.000",
        "C-visual.hue1time":"2.008",
        "C-visual.hue2final":"108.000",
        "C-visual.hue2initial":"108.000",
        "C-visual.hue2time":"2.008",
        "C-visual.justification":"center",
        "C-visual.lifetime":"6.000",
        "C-visual.luminance":"0.500",
        "C-sound.midifile":"jsbach",
        "C-visual.mirrortype":"none",
        "C-visual.movedir":"cursor",
        "C-visual.noisevertexx":"0.000",
        "C-visual.noisevertexy":"0.000",
        "C-visual.nsprites":"1134",
        "C-sound.pitchmax":"72",
        "C-sound.pitchmin":"25",
        "C-visual.placement":"cursor",
        "C-visual.rotangdir":"left",
        "C-visual.rotanginit":"0.000",
        "C-visual.rotangspeed":"0.000",
        "C-visual.rotauto":"false",
        "C-visual.saturation":"1.000",
        "C-visual.shape":"square",
        "C-visual.sizefinal":"0.000",
        "C-visual.sizeinitial":"1.301",
        "C-visual.sizetime":"0.809",
        "C-visual.smoothxyz":"3",
        "C-visual.speed":"0.000",
        "C-visual.spritesource":"cursor",
        "C-sound.synth":"P_10_C_07",
        "C-visual.thickness":"10.000",
        "C-sound.velocitymax":"127",
        "C-sound.velocitymin":"45",
        "C-sound.xcontroller":"1",
        "C-sound.ycontroller":"1",
        "C-sound.zcontroller":"1",
        "C-visual.zmin":"0.004",
        "D-effect.1-blur":"false",
        "D-effect.1-blur:blurxdistance":"0.100",
        "D-effect.1-blur:blurydistance":"0.080",
        "D-effect.1-blur:gaussian":"0.170",
        "D-effect.1-blur:quality":"0.280",
        "D-effect.1-displace":"false",
        "D-effect.1-displace:threshold":"0.397",
        "D-effect.1-displace:xfactor":"0.760",
        "D-effect.1-displace:yfactor":"0.240",
        "D-effect.1-edgedetection":"false",
        "D-effect.1-edgedetection:mode":"0.920",
        "D-effect.1-edgedetection:multiplier":"0.240",
        "D-effect.1-fragment":"false",
        "D-effect.1-fragment:distance":"0.798",
        "D-effect.1-fragment:fragments":"0.750",
        "D-effect.1-fragment:fragrotationx":"0.565",
        "D-effect.1-fragment:fragrotationy":"0.869",
        "D-effect.1-fragment:fragrotationz":"0.929",
        "D-effect.1-fragment:fragscale":"1.000",
        "D-effect.1-fragment:rotation":"0.866",
        "D-effect.1-huerotate":"false",
        "D-effect.1-huerotate:huerotate":"0.921",
        "D-effect.1-huerotate:huescale":"0.232",
        "D-effect.1-huerotate:satscale":"0.015",
        "D-effect.1-kaleidoscope":"false",
        "D-effect.1-kaleidoscope:angles":"0.300",
        "D-effect.1-kaleidoscope:inputrotation":"0.500",
        "D-effect.1-kaleidoscope:opacity":"1.000",
        "D-effect.1-kaleidoscope:rotation":"0.000",
        "D-effect.1-kaleidoscope:zoom":"0.580",
        "D-effect.1-mirror":"false",
        "D-effect.1-mirror:flipx":"1",
        "D-effect.1-mirror:flipy":"0",
        "D-effect.1-mirror:in/out":"0.681",
        "D-effect.1-mirror:x":"0.500",
        "D-effect.1-mirror:y":"0.500",
        "D-effect.1-mirrorquad":"false",
        "D-effect.1-mirrorquad:flipx":"1",
        "D-effect.1-mirrorquad:flipy":"0",
        "D-effect.1-posterize":"false",
        "D-effect.1-posterize:posterize":"0.190",
        "D-effect.1-trails":"false",
        "D-effect.1-trails:feedback":"0.550",
        "D-effect.1-twisted":"false",
        "D-effect.1-twisted:radius":"0.310",
        "D-effect.1-twisted:twirl":"0.500",
        "D-effect.2-blur":"false",
        "D-effect.2-blur:blurxdistance":"0.100",
        "D-effect.2-blur:blurydistance":"0.080",
        "D-effect.2-blur:gaussian":"0.170",
        "D-effect.2-blur:quality":"0.280",
        "D-effect.2-displace":"false",
        "D-effect.2-displace:threshold":"0.288",
        "D-effect.2-displace:xfactor":"0.760",
        "D-effect.2-displace:yfactor":"0.240",
        "D-effect.2-edgedetection":"false",
        "D-effect.2-edgedetection:mode":"0.920",
        "D-effect.2-edgedetection:multiplier":"0.240",
        "D-effect.2-fragment":"false",
        "D-effect.2-fragment:distance":"0.785",
        "D-effect.2-fragment:fragments":"0.431",
        "D-effect.2-fragment:fragrotationx":"0.790",
        "D-effect.2-fragment:fragrotationy":"0.277",
        "D-effect.2-fragment:fragrotationz":"0.813",
        "D-effect.2-fragment:fragscale":"1.000",
        "D-effect.2-fragment:rotation":"0.994",
        "D-effect.2-huerotate":"false",
        "D-effect.2-huerotate:huerotate":"0.762",
        "D-effect.2-huerotate:huescale":"0.319",
        "D-effect.2-huerotate:satscale":"0.073",
        "D-effect.2-kaleidoscope":"false",
        "D-effect.2-kaleidoscope:angles":"0.640",
        "D-effect.2-kaleidoscope:inputrotation":"0.500",
        "D-effect.2-kaleidoscope:opacity":"1.000",
        "D-effect.2-kaleidoscope:rotation":"0.000",
        "D-effect.2-kaleidoscope:zoom":"1.000",
        "D-effect.2-mirror":"false",
        "D-effect.2-mirror:flipx":"0",
        "D-effect.2-mirror:flipy":"0",
        "D-effect.2-mirror:in/out":"0.234",
        "D-effect.2-mirror:x":"0.500",
        "D-effect.2-mirror:y":"0.500",
        "D-effect.2-mirrorquad":"false",
        "D-effect.2-mirrorquad:flipx":"1",
        "D-effect.2-mirrorquad:flipy":"0",
        "D-effect.2-posterize":"false",
        "D-effect.2-posterize:posterize":"0.190",
        "D-effect.2-trails":"false",
        "D-effect.2-trails:feedback":"0.550",
        "D-effect.2-twisted":"false",
        "D-effect.2-twisted:radius":"0.310",
        "D-effect.2-twisted:twirl":"0.500",
        "D-visual.alphafinal":"0.000",
        "D-visual.alphainitial":"0.760",
        "D-visual.alphatime":"1.395",
        "D-visual.aspect":"0.692",
        "D-visual.bounce":"false",
        "D-sound.controllerstyle":"modulationonly",
        "D-visual.filled":"true",
        "D-visual.gravity":"0",
        "D-visual.hue1final":"36.000",
        "D-visual.hue1initial":"36.000",
        "D-visual.hue1time":"5.000",
        "D-visual.hue2final":"36.000",
        "D-visual.hue2initial":"36.000",
        "D-visual.hue2time":"5.000",
        "D-visual.justification":"center",
        "D-visual.lifetime":"10.000",
        "D-visual.luminance":"0.500",
        "D-sound.midifile":"jsbach",
        "D-visual.mirrortype":"none",
        "D-visual.movedir":"updown",
        "D-visual.noisevertexx":"0.000",
        "D-visual.noisevertexy":"0.000",
        "D-visual.nsprites":"84",
        "D-sound.pitchmax":"72",
        "D-sound.pitchmin":"25",
        "D-visual.placement":"cursor",
        "D-visual.rotangdir":"right",
        "D-visual.rotanginit":"45.000",
        "D-visual.rotangspeed":"0.000",
        "D-visual.rotauto":"false",
        "D-visual.saturation":"1.000",
        "D-visual.shape":"square",
        "D-visual.sizefinal":"0.900",
        "D-visual.sizeinitial":"0.601",
        "D-visual.sizetime":"2.180",
        "D-visual.smoothxyz":"3",
        "D-visual.speed":"0.210",
        "D-visual.spritesource":"cursor",
        "D-sound.synth":"P_10_C_07",
        "D-visual.thickness":"10.000",
        "D-sound.velocitymax":"127",
        "D-sound.velocitymin":"45",
        "D-sound.xcontroller":"1",
        "D-sound.ycontroller":"1",
        "D-sound.zcontroller":"1",
        "D-visual.zmin":"0.004"
    }
}
