{
    "params":{
        "A-effect.1-blur":"false",
        "A-effect.1-blur:blurxdistance":"0.791",
        "A-effect.1-blur:blurydistance":"0.774",
        "A-effect.1-blur:gaussian":"0.890",
        "A-effect.1-blur:quality":"0.274",
        "A-effect.1-displace":"false",
        "A-effect.1-displace:threshold":"0.397",
        "A-effect.1-displace:xfactor":"0.443",
        "A-effect.1-displace:yfactor":"0.004",
        "A-effect.1-edgedetection":"false",
        "A-effect.1-edgedetection:mode":"0.660",
        "A-effect.1-edgedetection:multiplier":"0.625",
        "A-effect.1-fragment":"false",
        "A-effect.1-fragment:distance":"0.798",
        "A-effect.1-fragment:fragments":"0.750",
        "A-effect.1-fragment:fragrotationx":"0.565",
        "A-effect.1-fragment:fragrotationy":"0.869",
        "A-effect.1-fragment:fragrotationz":"0.929",
        "A-effect.1-fragment:fragscale":"1.000",
        "A-effect.1-fragment:rotation":"0.866",
        "A-effect.1-huerotate":"false",
        "A-effect.1-huerotate:huerotate":"0.921",
        "A-effect.1-huerotate:huescale":"0.232",
        "A-effect.1-huerotate:satscale":"0.015",
        "A-effect.1-kaleidoscope":"true",
        "A-effect.1-kaleidoscope:angles":"0.214",
        "A-effect.1-kaleidoscope:inputrotation":"0.102",
        "A-effect.1-kaleidoscope:opacity":"1.000",
        "A-effect.1-kaleidoscope:rotation":"0.386",
        "A-effect.1-kaleidoscope:zoom":"0.646",
        "A-effect.1-mirror":"false",
        "A-effect.1-mirror:flipx":"1",
        "A-effect.1-mirror:flipy":"0",
        "A-effect.1-mirror:in/out":"0.681",
        "A-effect.1-mirror:x":"0.500",
        "A-effect.1-mirror:y":"0.500",
        "A-effect.1-mirrorquad":"false",
        "A-effect.1-mirrorquad:flipx":"1",
        "A-effect.1-mirrorquad:flipy":"0",
        "A-effect.1-posterize":"false",
        "A-effect.1-posterize:posterize":"0.139",
        "A-effect.1-trails":"false",
        "A-effect.1-trails:feedback":"0.550",
        "A-effect.1-twisted":"false",
        "A-effect.1-twisted:radius":"0.588",
        "A-effect.1-twisted:twirl":"0.408",
        "A-effect.2-blur":"false",
        "A-effect.2-blur:blurxdistance":"0.421",
        "A-effect.2-blur:blurydistance":"0.169",
        "A-effect.2-blur:gaussian":"0.726",
        "A-effect.2-blur:quality":"0.484",
        "A-effect.2-displace":"true",
        "A-effect.2-displace:threshold":"0.288",
        "A-effect.2-displace:xfactor":"0.075",
        "A-effect.2-displace:yfactor":"0.095",
        "A-effect.2-edgedetection":"false",
        "A-effect.2-edgedetection:mode":"0.065",
        "A-effect.2-edgedetection:multiplier":"0.811",
        "A-effect.2-fragment":"false",
        "A-effect.2-fragment:distance":"0.785",
        "A-effect.2-fragment:fragments":"0.431",
        "A-effect.2-fragment:fragrotationx":"0.790",
        "A-effect.2-fragment:fragrotationy":"0.277",
        "A-effect.2-fragment:fragrotationz":"0.813",
        "A-effect.2-fragment:fragscale":"1.000",
        "A-effect.2-fragment:rotation":"0.994",
        "A-effect.2-huerotate":"false",
        "A-effect.2-huerotate:huerotate":"0.762",
        "A-effect.2-huerotate:huescale":"0.319",
        "A-effect.2-huerotate:satscale":"0.073",
        "A-effect.2-kaleidoscope":"false",
        "A-effect.2-kaleidoscope:angles":"0.685",
        "A-effect.2-kaleidoscope:inputrotation":"0.059",
        "A-effect.2-kaleidoscope:opacity":"1.000",
        "A-effect.2-kaleidoscope:rotation":"0.780",
        "A-effect.2-kaleidoscope:zoom":"0.051",
        "A-effect.2-mirror":"false",
        "A-effect.2-mirror:flipx":"0",
        "A-effect.2-mirror:flipy":"0",
        "A-effect.2-mirror:in/out":"0.234",
        "A-effect.2-mirror:x":"0.500",
        "A-effect.2-mirror:y":"0.500",
        "A-effect.2-mirrorquad":"false",
        "A-effect.2-mirrorquad:flipx":"1",
        "A-effect.2-mirrorquad:flipy":"0",
        "A-effect.2-posterize":"false",
        "A-effect.2-posterize:posterize":"0.215",
        "A-effect.2-trails":"false",
        "A-effect.2-trails:feedback":"0.550",
        "A-effect.2-twisted":"false",
        "A-effect.2-twisted:radius":"0.500",
        "A-effect.2-twisted:twirl":"0.102",
        "A-visual.alphafinal":"0.000",
        "A-visual.alphainitial":"0.700",
        "A-visual.alphatime":"2.297",
        "A-visual.aspect":"0.500",
        "A-visual.bounce":"false",
        "A-sound.controllerstyle":"modulationonly",
        "A-visual.filled":"false",
        "A-visual.gravity":"0",
        "A-visual.hue1final":"360.000",
        "A-visual.hue1initial":"360.000",
        "A-visual.hue1time":"5.000",
        "A-visual.hue2final":"360.000",
        "A-visual.hue2initial":"360.000",
        "A-visual.hue2time":"5.000",
        "A-visual.justification":"center",
        "A-visual.lifetime":"10.000",
        "A-visual.luminance":"0.500",
        "A-sound.midifile":"jsbach",
        "A-visual.mirrortype":"four",
        "A-visual.movedir":"cursor",
        "A-visual.noisevertexx":"0.000",
        "A-visual.noisevertexy":"0.000",
        "A-visual.nsprites":"129",
        "A-sound.pitchmax":"80",
        "A-sound.pitchmin":"33",
        "A-visual.placement":"cursor",
        "A-visual.rotangdir":"left",
        "A-visual.rotanginit":"90.000",
        "A-visual.rotangspeed":"24.000",
        "A-visual.rotauto":"true",
        "A-visual.saturation":"1.000",
        "A-visual.shape":"circle",
        "A-visual.sizefinal":"0.000",
        "A-visual.sizeinitial":"4.997",
        "A-visual.sizetime":"7.103",
        "A-visual.smoothxyz":"10",
        "A-visual.speed":"0.010",
        "A-visual.spritesource":"cursor",
        "A-sound.synth":"P_06_C_06",
        "A-visual.thickness":"2.008",
        "A-sound.velocitymax":"127",
        "A-sound.velocitymin":"1",
        "A-sound.xcontroller":"3",
        "A-sound.ycontroller":"2",
        "A-sound.zcontroller":"1",
        "A-visual.zmin":"0.004",
        "B-effect.1-blur":"false",
        "B-effect.1-blur:blurxdistance":"0.791",
        "B-effect.1-blur:blurydistance":"0.774",
        "B-effect.1-blur:gaussian":"0.890",
        "B-effect.1-blur:quality":"0.274",
        "B-effect.1-displace":"false",
        "B-effect.1-displace:threshold":"0.397",
        "B-effect.1-displace:xfactor":"0.443",
        "B-effect.1-displace:yfactor":"0.004",
        "B-effect.1-edgedetection":"false",
        "B-effect.1-edgedetection:mode":"0.660",
        "B-effect.1-edgedetection:multiplier":"0.625",
        "B-effect.1-fragment":"false",
        "B-effect.1-fragment:distance":"0.798",
        "B-effect.1-fragment:fragments":"0.750",
        "B-effect.1-fragment:fragrotationx":"0.565",
        "B-effect.1-fragment:fragrotationy":"0.869",
        "B-effect.1-fragment:fragrotationz":"0.929",
        "B-effect.1-fragment:fragscale":"1.000",
        "B-effect.1-fragment:rotation":"0.866",
        "B-effect.1-huerotate":"false",
        "B-effect.1-huerotate:huerotate":"0.921",
        "B-effect.1-huerotate:huescale":"0.232",
        "B-effect.1-huerotate:satscale":"0.015",
        "B-effect.1-kaleidoscope":"true",
        "B-effect.1-kaleidoscope:angles":"0.214",
        "B-effect.1-kaleidoscope:inputrotation":"0.102",
        "B-effect.1-kaleidoscope:opacity":"1.000",
        "B-effect.1-kaleidoscope:rotation":"0.386",
        "B-effect.1-kaleidoscope:zoom":"0.646",
        "B-effect.1-mirror":"false",
        "B-effect.1-mirror:flipx":"1",
        "B-effect.1-mirror:flipy":"0",
        "B-effect.1-mirror:in/out":"0.681",
        "B-effect.1-mirror:x":"0.500",
        "B-effect.1-mirror:y":"0.500",
        "B-effect.1-mirrorquad":"false",
        "B-effect.1-mirrorquad:flipx":"1",
        "B-effect.1-mirrorquad:flipy":"0",
        "B-effect.1-posterize":"false",
        "B-effect.1-posterize:posterize":"0.139",
        "B-effect.1-trails":"false",
        "B-effect.1-trails:feedback":"0.550",
        "B-effect.1-twisted":"false",
        "B-effect.1-twisted:radius":"0.588",
        "B-effect.1-twisted:twirl":"0.408",
        "B-effect.2-blur":"false",
        "B-effect.2-blur:blurxdistance":"0.421",
        "B-effect.2-blur:blurydistance":"0.169",
        "B-effect.2-blur:gaussian":"0.726",
        "B-effect.2-blur:quality":"0.484",
        "B-effect.2-displace":"true",
        "B-effect.2-displace:threshold":"0.288",
        "B-effect.2-displace:xfactor":"0.075",
        "B-effect.2-displace:yfactor":"0.095",
        "B-effect.2-edgedetection":"false",
        "B-effect.2-edgedetection:mode":"0.065",
        "B-effect.2-edgedetection:multiplier":"0.811",
        "B-effect.2-fragment":"false",
        "B-effect.2-fragment:distance":"0.785",
        "B-effect.2-fragment:fragments":"0.431",
        "B-effect.2-fragment:fragrotationx":"0.790",
        "B-effect.2-fragment:fragrotationy":"0.277",
        "B-effect.2-fragment:fragrotationz":"0.813",
        "B-effect.2-fragment:fragscale":"1.000",
        "B-effect.2-fragment:rotation":"0.994",
        "B-effect.2-huerotate":"false",
        "B-effect.2-huerotate:huerotate":"0.762",
        "B-effect.2-huerotate:huescale":"0.319",
        "B-effect.2-huerotate:satscale":"0.073",
        "B-effect.2-kaleidoscope":"false",
        "B-effect.2-kaleidoscope:angles":"0.685",
        "B-effect.2-kaleidoscope:inputrotation":"0.059",
        "B-effect.2-kaleidoscope:opacity":"1.000",
        "B-effect.2-kaleidoscope:rotation":"0.780",
        "B-effect.2-kaleidoscope:zoom":"0.051",
        "B-effect.2-mirror":"false",
        "B-effect.2-mirror:flipx":"0",
        "B-effect.2-mirror:flipy":"0",
        "B-effect.2-mirror:in/out":"0.234",
        "B-effect.2-mirror:x":"0.500",
        "B-effect.2-mirror:y":"0.500",
        "B-effect.2-mirrorquad":"false",
        "B-effect.2-mirrorquad:flipx":"1",
        "B-effect.2-mirrorquad:flipy":"0",
        "B-effect.2-posterize":"false",
        "B-effect.2-posterize:posterize":"0.215",
        "B-effect.2-trails":"false",
        "B-effect.2-trails:feedback":"0.550",
        "B-effect.2-twisted":"false",
        "B-effect.2-twisted:radius":"0.500",
        "B-effect.2-twisted:twirl":"0.102",
        "B-visual.alphafinal":"0.000",
        "B-visual.alphainitial":"0.700",
        "B-visual.alphatime":"2.297",
        "B-visual.aspect":"0.500",
        "B-visual.bounce":"false",
        "B-sound.controllerstyle":"modulationonly",
        "B-visual.filled":"true",
        "B-visual.gravity":"0",
        "B-visual.hue1final":"360.000",
        "B-visual.hue1initial":"360.000",
        "B-visual.hue1time":"5.000",
        "B-visual.hue2final":"360.000",
        "B-visual.hue2initial":"360.000",
        "B-visual.hue2time":"5.000",
        "B-visual.justification":"center",
        "B-visual.lifetime":"10.000",
        "B-visual.luminance":"0.500",
        "B-sound.midifile":"jsbach",
        "B-visual.mirrortype":"four",
        "B-visual.movedir":"cursor",
        "B-visual.noisevertexx":"0.000",
        "B-visual.noisevertexy":"0.000",
        "B-visual.nsprites":"129",
        "B-sound.pitchmax":"80",
        "B-sound.pitchmin":"33",
        "B-visual.placement":"cursor",
        "B-visual.rotangdir":"left",
        "B-visual.rotanginit":"90.000",
        "B-visual.rotangspeed":"24.000",
        "B-visual.rotauto":"true",
        "B-visual.saturation":"1.000",
        "B-visual.shape":"line",
        "B-visual.sizefinal":"0.000",
        "B-visual.sizeinitial":"4.997",
        "B-visual.sizetime":"7.103",
        "B-visual.smoothxyz":"10",
        "B-visual.speed":"0.010",
        "B-visual.spritesource":"cursor",
        "B-sound.synth":"P_02_C_03",
        "B-visual.thickness":"2.008",
        "B-sound.velocitymax":"127",
        "B-sound.velocitymin":"1",
        "B-sound.xcontroller":"3",
        "B-sound.ycontroller":"2",
        "B-sound.zcontroller":"1",
        "B-visual.zmin":"0.004",
        "C-effect.1-blur":"false",
        "C-effect.1-blur:blurxdistance":"0.791",
        "C-effect.1-blur:blurydistance":"0.774",
        "C-effect.1-blur:gaussian":"0.890",
        "C-effect.1-blur:quality":"0.274",
        "C-effect.1-displace":"false",
        "C-effect.1-displace:threshold":"0.397",
        "C-effect.1-displace:xfactor":"0.443",
        "C-effect.1-displace:yfactor":"0.004",
        "C-effect.1-edgedetection":"false",
        "C-effect.1-edgedetection:mode":"0.660",
        "C-effect.1-edgedetection:multiplier":"0.625",
        "C-effect.1-fragment":"false",
        "C-effect.1-fragment:distance":"0.798",
        "C-effect.1-fragment:fragments":"0.750",
        "C-effect.1-fragment:fragrotationx":"0.565",
        "C-effect.1-fragment:fragrotationy":"0.869",
        "C-effect.1-fragment:fragrotationz":"0.929",
        "C-effect.1-fragment:fragscale":"1.000",
        "C-effect.1-fragment:rotation":"0.866",
        "C-effect.1-huerotate":"false",
        "C-effect.1-huerotate:huerotate":"0.921",
        "C-effect.1-huerotate:huescale":"0.232",
        "C-effect.1-huerotate:satscale":"0.015",
        "C-effect.1-kaleidoscope":"true",
        "C-effect.1-kaleidoscope:angles":"0.214",
        "C-effect.1-kaleidoscope:inputrotation":"0.102",
        "C-effect.1-kaleidoscope:opacity":"1.000",
        "C-effect.1-kaleidoscope:rotation":"0.386",
        "C-effect.1-kaleidoscope:zoom":"0.646",
        "C-effect.1-mirror":"false",
        "C-effect.1-mirror:flipx":"1",
        "C-effect.1-mirror:flipy":"0",
        "C-effect.1-mirror:in/out":"0.681",
        "C-effect.1-mirror:x":"0.500",
        "C-effect.1-mirror:y":"0.500",
        "C-effect.1-mirrorquad":"false",
        "C-effect.1-mirrorquad:flipx":"1",
        "C-effect.1-mirrorquad:flipy":"0",
        "C-effect.1-posterize":"false",
        "C-effect.1-posterize:posterize":"0.139",
        "C-effect.1-trails":"false",
        "C-effect.1-trails:feedback":"0.550",
        "C-effect.1-twisted":"false",
        "C-effect.1-twisted:radius":"0.588",
        "C-effect.1-twisted:twirl":"0.408",
        "C-effect.2-blur":"false",
        "C-effect.2-blur:blurxdistance":"0.421",
        "C-effect.2-blur:blurydistance":"0.169",
        "C-effect.2-blur:gaussian":"0.726",
        "C-effect.2-blur:quality":"0.484",
        "C-effect.2-displace":"true",
        "C-effect.2-displace:threshold":"0.288",
        "C-effect.2-displace:xfactor":"0.075",
        "C-effect.2-displace:yfactor":"0.095",
        "C-effect.2-edgedetection":"false",
        "C-effect.2-edgedetection:mode":"0.065",
        "C-effect.2-edgedetection:multiplier":"0.811",
        "C-effect.2-fragment":"false",
        "C-effect.2-fragment:distance":"0.785",
        "C-effect.2-fragment:fragments":"0.431",
        "C-effect.2-fragment:fragrotationx":"0.790",
        "C-effect.2-fragment:fragrotationy":"0.277",
        "C-effect.2-fragment:fragrotationz":"0.813",
        "C-effect.2-fragment:fragscale":"1.000",
        "C-effect.2-fragment:rotation":"0.994",
        "C-effect.2-huerotate":"false",
        "C-effect.2-huerotate:huerotate":"0.762",
        "C-effect.2-huerotate:huescale":"0.319",
        "C-effect.2-huerotate:satscale":"0.073",
        "C-effect.2-kaleidoscope":"false",
        "C-effect.2-kaleidoscope:angles":"0.685",
        "C-effect.2-kaleidoscope:inputrotation":"0.059",
        "C-effect.2-kaleidoscope:opacity":"1.000",
        "C-effect.2-kaleidoscope:rotation":"0.780",
        "C-effect.2-kaleidoscope:zoom":"0.051",
        "C-effect.2-mirror":"false",
        "C-effect.2-mirror:flipx":"0",
        "C-effect.2-mirror:flipy":"0",
        "C-effect.2-mirror:in/out":"0.234",
        "C-effect.2-mirror:x":"0.500",
        "C-effect.2-mirror:y":"0.500",
        "C-effect.2-mirrorquad":"false",
        "C-effect.2-mirrorquad:flipx":"1",
        "C-effect.2-mirrorquad:flipy":"0",
        "C-effect.2-posterize":"false",
        "C-effect.2-posterize:posterize":"0.215",
        "C-effect.2-trails":"false",
        "C-effect.2-trails:feedback":"0.550",
        "C-effect.2-twisted":"false",
        "C-effect.2-twisted:radius":"0.500",
        "C-effect.2-twisted:twirl":"0.102",
        "C-visual.alphafinal":"0.000",
        "C-visual.alphainitial":"0.700",
        "C-visual.alphatime":"2.297",
        "C-visual.aspect":"0.500",
        "C-visual.bounce":"false",
        "C-sound.controllerstyle":"modulationonly",
        "C-visual.filled":"false",
        "C-visual.gravity":"0",
        "C-visual.hue1final":"360.000",
        "C-visual.hue1initial":"360.000",
        "C-visual.hue1time":"5.000",
        "C-visual.hue2final":"360.000",
        "C-visual.hue2initial":"360.000",
        "C-visual.hue2time":"5.000",
        "C-visual.justification":"center",
        "C-visual.lifetime":"10.000",
        "C-visual.luminance":"0.500",
        "C-sound.midifile":"jsbach",
        "C-visual.mirrortype":"four",
        "C-visual.movedir":"cursor",
        "C-visual.noisevertexx":"0.000",
        "C-visual.noisevertexy":"0.000",
        "C-visual.nsprites":"129",
        "C-sound.pitchmax":"80",
        "C-sound.pitchmin":"33",
        "C-visual.placement":"cursor",
        "C-visual.rotangdir":"left",
        "C-visual.rotanginit":"90.000",
        "C-visual.rotangspeed":"24.000",
        "C-visual.rotauto":"true",
        "C-visual.saturation":"1.000",
        "C-visual.shape":"square",
        "C-visual.sizefinal":"0.000",
        "C-visual.sizeinitial":"4.997",
        "C-visual.sizetime":"7.103",
        "C-visual.smoothxyz":"10",
        "C-visual.speed":"0.010",
        "C-visual.spritesource":"cursor",
        "C-sound.synth":"P_02_C_03",
        "C-visual.thickness":"2.008",
        "C-sound.velocitymax":"127",
        "C-sound.velocitymin":"1",
        "C-sound.xcontroller":"3",
        "C-sound.ycontroller":"2",
        "C-sound.zcontroller":"1",
        "C-visual.zmin":"0.004",
        "D-effect.1-blur":"false",
        "D-effect.1-blur:blurxdistance":"0.791",
        "D-effect.1-blur:blurydistance":"0.774",
        "D-effect.1-blur:gaussian":"0.890",
        "D-effect.1-blur:quality":"0.274",
        "D-effect.1-displace":"false",
        "D-effect.1-displace:threshold":"0.397",
        "D-effect.1-displace:xfactor":"0.443",
        "D-effect.1-displace:yfactor":"0.004",
        "D-effect.1-edgedetection":"false",
        "D-effect.1-edgedetection:mode":"0.660",
        "D-effect.1-edgedetection:multiplier":"0.625",
        "D-effect.1-fragment":"false",
        "D-effect.1-fragment:distance":"0.798",
        "D-effect.1-fragment:fragments":"0.750",
        "D-effect.1-fragment:fragrotationx":"0.565",
        "D-effect.1-fragment:fragrotationy":"0.869",
        "D-effect.1-fragment:fragrotationz":"0.929",
        "D-effect.1-fragment:fragscale":"1.000",
        "D-effect.1-fragment:rotation":"0.866",
        "D-effect.1-huerotate":"false",
        "D-effect.1-huerotate:huerotate":"0.921",
        "D-effect.1-huerotate:huescale":"0.232",
        "D-effect.1-huerotate:satscale":"0.015",
        "D-effect.1-kaleidoscope":"true",
        "D-effect.1-kaleidoscope:angles":"0.214",
        "D-effect.1-kaleidoscope:inputrotation":"0.102",
        "D-effect.1-kaleidoscope:opacity":"1.000",
        "D-effect.1-kaleidoscope:rotation":"0.386",
        "D-effect.1-kaleidoscope:zoom":"0.646",
        "D-effect.1-mirror":"false",
        "D-effect.1-mirror:flipx":"1",
        "D-effect.1-mirror:flipy":"0",
        "D-effect.1-mirror:in/out":"0.681",
        "D-effect.1-mirror:x":"0.500",
        "D-effect.1-mirror:y":"0.500",
        "D-effect.1-mirrorquad":"false",
        "D-effect.1-mirrorquad:flipx":"1",
        "D-effect.1-mirrorquad:flipy":"0",
        "D-effect.1-posterize":"false",
        "D-effect.1-posterize:posterize":"0.139",
        "D-effect.1-trails":"false",
        "D-effect.1-trails:feedback":"0.550",
        "D-effect.1-twisted":"false",
        "D-effect.1-twisted:radius":"0.588",
        "D-effect.1-twisted:twirl":"0.408",
        "D-effect.2-blur":"false",
        "D-effect.2-blur:blurxdistance":"0.421",
        "D-effect.2-blur:blurydistance":"0.169",
        "D-effect.2-blur:gaussian":"0.726",
        "D-effect.2-blur:quality":"0.484",
        "D-effect.2-displace":"true",
        "D-effect.2-displace:threshold":"0.288",
        "D-effect.2-displace:xfactor":"0.075",
        "D-effect.2-displace:yfactor":"0.095",
        "D-effect.2-edgedetection":"false",
        "D-effect.2-edgedetection:mode":"0.065",
        "D-effect.2-edgedetection:multiplier":"0.811",
        "D-effect.2-fragment":"false",
        "D-effect.2-fragment:distance":"0.785",
        "D-effect.2-fragment:fragments":"0.431",
        "D-effect.2-fragment:fragrotationx":"0.790",
        "D-effect.2-fragment:fragrotationy":"0.277",
        "D-effect.2-fragment:fragrotationz":"0.813",
        "D-effect.2-fragment:fragscale":"1.000",
        "D-effect.2-fragment:rotation":"0.994",
        "D-effect.2-huerotate":"false",
        "D-effect.2-huerotate:huerotate":"0.762",
        "D-effect.2-huerotate:huescale":"0.319",
        "D-effect.2-huerotate:satscale":"0.073",
        "D-effect.2-kaleidoscope":"false",
        "D-effect.2-kaleidoscope:angles":"0.685",
        "D-effect.2-kaleidoscope:inputrotation":"0.059",
        "D-effect.2-kaleidoscope:opacity":"1.000",
        "D-effect.2-kaleidoscope:rotation":"0.780",
        "D-effect.2-kaleidoscope:zoom":"0.051",
        "D-effect.2-mirror":"false",
        "D-effect.2-mirror:flipx":"0",
        "D-effect.2-mirror:flipy":"0",
        "D-effect.2-mirror:in/out":"0.234",
        "D-effect.2-mirror:x":"0.500",
        "D-effect.2-mirror:y":"0.500",
        "D-effect.2-mirrorquad":"false",
        "D-effect.2-mirrorquad:flipx":"1",
        "D-effect.2-mirrorquad:flipy":"0",
        "D-effect.2-posterize":"false",
        "D-effect.2-posterize:posterize":"0.215",
        "D-effect.2-trails":"false",
        "D-effect.2-trails:feedback":"0.550",
        "D-effect.2-twisted":"false",
        "D-effect.2-twisted:radius":"0.500",
        "D-effect.2-twisted:twirl":"0.102",
        "D-visual.alphafinal":"0.000",
        "D-visual.alphainitial":"1.000",
        "D-visual.alphatime":"5.005",
        "D-visual.aspect":"0.500",
        "D-visual.bounce":"false",
        "D-sound.controllerstyle":"modulationonly",
        "D-visual.filled":"false",
        "D-visual.gravity":"0",
        "D-visual.hue1final":"0.000",
        "D-visual.hue1initial":"0.000",
        "D-visual.hue1time":"3.002",
        "D-visual.hue2final":"0.000",
        "D-visual.hue2initial":"0.000",
        "D-visual.hue2time":"5.000",
        "D-visual.justification":"center",
        "D-visual.lifetime":"10.000",
        "D-visual.luminance":"0.500",
        "D-sound.midifile":"jsbach",
        "D-visual.mirrortype":"four",
        "D-visual.movedir":"updown",
        "D-visual.noisevertexx":"0.000",
        "D-visual.noisevertexy":"0.000",
        "D-visual.nsprites":"1144",
        "D-sound.pitchmax":"80",
        "D-sound.pitchmin":"33",
        "D-visual.placement":"cursor",
        "D-visual.rotangdir":"random",
        "D-visual.rotanginit":"0.000",
        "D-visual.rotangspeed":"0.000",
        "D-visual.rotauto":"true",
        "D-visual.saturation":"1.000",
        "D-visual.shape":"square",
        "D-visual.sizefinal":"5.000",
        "D-visual.sizeinitial":"2.008",
        "D-visual.sizetime":"6.562",
        "D-visual.smoothxyz":"3",
        "D-visual.speed":"0.100",
        "D-visual.spritesource":"cursor",
        "D-sound.synth":"P_04_C_03",
        "D-visual.thickness":"0.904",
        "D-sound.velocitymax":"127",
        "D-sound.velocitymin":"48",
        "D-sound.xcontroller":"3",
        "D-sound.ycontroller":"2",
        "D-sound.zcontroller":"1",
        "D-visual.zmin":"0.010"
    }
}
