{
    "params": {
        "A-effect.1-blur":"true",
        "A-effect.1-blur:blurxdistance":"0.100000",
        "A-effect.1-blur:blurydistance":"0.080000",
        "A-effect.1-blur:gaussian":"0.170000",
        "A-effect.1-blur:quality":"0.280000",
        "A-effect.1-displace":"true",
        "A-effect.1-displace:threshold":"0.000000",
        "A-effect.1-displace:xfactor":"0.760000",
        "A-effect.1-displace:yfactor":"0.240000",
        "A-effect.1-edgedetection":"false",
        "A-effect.1-edgedetection:mode":"0.920000",
        "A-effect.1-edgedetection:multiplier":"0.240000",
        "A-effect.1-fragment":"false",
        "A-effect.1-fragment:distance":"0.330000",
        "A-effect.1-fragment:fragments":"0.300000",
        "A-effect.1-fragment:fragrotationx":"0.500000",
        "A-effect.1-fragment:fragrotationy":"0.500000",
        "A-effect.1-fragment:fragrotationz":"0.500000",
        "A-effect.1-fragment:fragscale":"1.000000",
        "A-effect.1-fragment:rotation":"0.000000",
        "A-effect.1-goo":"false",
        "A-effect.1-goo:maxdistortionx":"1.000000",
        "A-effect.1-goo:maxdistortiony":"1.000000",
        "A-effect.1-goo:maxdistortionz":"1.000000",
        "A-effect.1-goo:resolution":"16",
        "A-effect.1-goo:shade":"1.000000",
        "A-effect.1-goo:speed":"0.150000",
        "A-effect.1-huerotate":"false",
        "A-effect.1-huerotate:huerotate":"0.000000",
        "A-effect.1-huerotate:huescale":"1.000000",
        "A-effect.1-huerotate:satscale":"0.500000",
        "A-effect.1-kaleidoscope":"false",
        "A-effect.1-kaleidoscope:angles":"0.300000",
        "A-effect.1-kaleidoscope:inputrotation":"0.500000",
        "A-effect.1-kaleidoscope:opacity":"1.000000",
        "A-effect.1-kaleidoscope:rotation":"0.000000",
        "A-effect.1-kaleidoscope:zoom":"0.580000",
        "A-effect.1-mirror":"false",
        "A-effect.1-mirror:flipx":"0",
        "A-effect.1-mirror:flipy":"0",
        "A-effect.1-mirror:in/out":"1.000000",
        "A-effect.1-mirror:x":"0.500000",
        "A-effect.1-mirror:y":"0.500000",
        "A-effect.1-mirrorquad":"false",
        "A-effect.1-mirrorquad:flipx":"0",
        "A-effect.1-mirrorquad:flipy":"0",
        "A-effect.1-posterize":"false",
        "A-effect.1-posterize:posterize":"0.090000",
        "A-effect.1-trails":"true",
        "A-effect.1-trails:feedback":"0.550000",
        "A-effect.1-twisted":"false",
        "A-effect.1-twisted:radius":"0.310000",
        "A-effect.1-twisted:twirl":"0.500000",
        "A-effect.2-blur":"false",
        "A-effect.2-blur:blurxdistance":"0.100000",
        "A-effect.2-blur:blurydistance":"0.080000",
        "A-effect.2-blur:gaussian":"0.170000",
        "A-effect.2-blur:quality":"0.280000",
        "A-effect.2-displace":"false",
        "A-effect.2-displace:threshold":"0.000000",
        "A-effect.2-displace:xfactor":"0.760000",
        "A-effect.2-displace:yfactor":"0.240000",
        "A-effect.2-edgedetection":"false",
        "A-effect.2-edgedetection:mode":"0.920000",
        "A-effect.2-edgedetection:multiplier":"0.240000",
        "A-effect.2-fragment":"false",
        "A-effect.2-fragment:distance":"0.330000",
        "A-effect.2-fragment:fragments":"0.300000",
        "A-effect.2-fragment:fragrotationx":"0.500000",
        "A-effect.2-fragment:fragrotationy":"0.500000",
        "A-effect.2-fragment:fragrotationz":"0.500000",
        "A-effect.2-fragment:fragscale":"1.000000",
        "A-effect.2-fragment:rotation":"0.000000",
        "A-effect.2-goo":"false",
        "A-effect.2-goo:maxdistortionx":"1.000000",
        "A-effect.2-goo:maxdistortiony":"1.000000",
        "A-effect.2-goo:maxdistortionz":"1.000000",
        "A-effect.2-goo:resolution":"16",
        "A-effect.2-goo:shade":"1.000000",
        "A-effect.2-goo:speed":"0.150000",
        "A-effect.2-huerotate":"false",
        "A-effect.2-huerotate:huerotate":"0.000000",
        "A-effect.2-huerotate:huescale":"1.000000",
        "A-effect.2-huerotate:satscale":"0.500000",
        "A-effect.2-kaleidoscope":"false",
        "A-effect.2-kaleidoscope:angles":"0.300000",
        "A-effect.2-kaleidoscope:inputrotation":"0.500000",
        "A-effect.2-kaleidoscope:opacity":"1.000000",
        "A-effect.2-kaleidoscope:rotation":"0.000000",
        "A-effect.2-kaleidoscope:zoom":"0.580000",
        "A-effect.2-mirror":"false",
        "A-effect.2-mirror:flipx":"0",
        "A-effect.2-mirror:flipy":"0",
        "A-effect.2-mirror:in/out":"1.000000",
        "A-effect.2-mirror:x":"0.500000",
        "A-effect.2-mirror:y":"0.500000",
        "A-effect.2-mirrorquad":"false",
        "A-effect.2-mirrorquad:flipx":"0",
        "A-effect.2-mirrorquad:flipy":"0",
        "A-effect.2-posterize":"false",
        "A-effect.2-posterize:posterize":"0.090000",
        "A-effect.2-trails":"false",
        "A-effect.2-trails:feedback":"0.550000",
        "A-effect.2-twisted":"false",
        "A-effect.2-twisted:radius":"0.310000",
        "A-effect.2-twisted:twirl":"0.500000",
        "A-sound.chromatic":"false",
        "A-sound.controllerstyle":"modulationonly",
        "A-sound.midifile":"jsbach",
        "A-sound.pitchmax":"84",
        "A-sound.pitchmin":"38",
        "A-sound.synth":"P_06_C_02",
        "A-sound.velocitymax":"127",
        "A-sound.velocitymin":"1",
        "A-sound.xcontroller":"1",
        "A-sound.ycontroller":"1",
        "A-sound.zcontroller":"1",
        "A-visual.alphafinal":"0.000000",
        "A-visual.alphainitial":"0.710000",
        "A-visual.alphatime":"2.999000",
        "A-visual.aspect":"0.500000",
        "A-visual.bounce":"false",
        "A-visual.cursorsprites":"false",
        "A-visual.filled":"false",
        "A-visual.gravity":"0",
        "A-visual.hue1final":"360.000000",
        "A-visual.hue1initial":"54.000000",
        "A-visual.hue1time":"5.000000",
        "A-visual.hue2final":"360.000000",
        "A-visual.hue2initial":"0.000000",
        "A-visual.hue2time":"5.000000",
        "A-visual.inputbackground":"false",
        "A-visual.justification":"center",
        "A-visual.lifetime":"8.000000",
        "A-visual.luminance":"0.500000",
        "A-visual.mirrortype":"none",
        "A-visual.movedir":"cursor",
        "A-visual.noisevertex":"0.000000",
        "A-visual.noisevertexx":"0.000000",
        "A-visual.noisevertexy":"0.000000",
        "A-visual.nsprites":"200",
        "A-visual.placement":"cursor",
        "A-visual.rotangdir":"random",
        "A-visual.rotanginit":"0.000000",
        "A-visual.rotangspeed":"0.000000",
        "A-visual.rotauto":"false",
        "A-visual.saturation":"1.000000",
        "A-visual.shape":"circle",
        "A-visual.sizefinal":"4.400000",
        "A-visual.sizeinitial":"0.310000",
        "A-visual.sizetime":"1.500000",
        "A-visual.smoothxyz":"8",
        "A-visual.speed":"0.100000",
        "A-visual.spritesource":"cursor",
        "A-visual.spritestyle":"hue",
        "A-visual.thickness":"9.993000",
        "A-visual.zmin":"0.004000",
        "B-effect.1-blur":"true",
        "B-effect.1-blur:blurxdistance":"0.100000",
        "B-effect.1-blur:blurydistance":"0.080000",
        "B-effect.1-blur:gaussian":"0.170000",
        "B-effect.1-blur:quality":"0.280000",
        "B-effect.1-displace":"true",
        "B-effect.1-displace:threshold":"0.000000",
        "B-effect.1-displace:xfactor":"0.760000",
        "B-effect.1-displace:yfactor":"0.240000",
        "B-effect.1-edgedetection":"false",
        "B-effect.1-edgedetection:mode":"0.920000",
        "B-effect.1-edgedetection:multiplier":"0.240000",
        "B-effect.1-fragment":"false",
        "B-effect.1-fragment:distance":"0.330000",
        "B-effect.1-fragment:fragments":"0.300000",
        "B-effect.1-fragment:fragrotationx":"0.500000",
        "B-effect.1-fragment:fragrotationy":"0.500000",
        "B-effect.1-fragment:fragrotationz":"0.500000",
        "B-effect.1-fragment:fragscale":"1.000000",
        "B-effect.1-fragment:rotation":"0.000000",
        "B-effect.1-goo":"false",
        "B-effect.1-goo:maxdistortionx":"1.000000",
        "B-effect.1-goo:maxdistortiony":"1.000000",
        "B-effect.1-goo:maxdistortionz":"1.000000",
        "B-effect.1-goo:resolution":"16",
        "B-effect.1-goo:shade":"1.000000",
        "B-effect.1-goo:speed":"0.150000",
        "B-effect.1-huerotate":"false",
        "B-effect.1-huerotate:huerotate":"0.000000",
        "B-effect.1-huerotate:huescale":"1.000000",
        "B-effect.1-huerotate:satscale":"0.500000",
        "B-effect.1-kaleidoscope":"false",
        "B-effect.1-kaleidoscope:angles":"0.300000",
        "B-effect.1-kaleidoscope:inputrotation":"0.500000",
        "B-effect.1-kaleidoscope:opacity":"1.000000",
        "B-effect.1-kaleidoscope:rotation":"0.000000",
        "B-effect.1-kaleidoscope:zoom":"0.580000",
        "B-effect.1-mirror":"false",
        "B-effect.1-mirror:flipx":"0",
        "B-effect.1-mirror:flipy":"0",
        "B-effect.1-mirror:in/out":"1.000000",
        "B-effect.1-mirror:x":"0.500000",
        "B-effect.1-mirror:y":"0.500000",
        "B-effect.1-mirrorquad":"false",
        "B-effect.1-mirrorquad:flipx":"0",
        "B-effect.1-mirrorquad:flipy":"0",
        "B-effect.1-posterize":"false",
        "B-effect.1-posterize:posterize":"0.090000",
        "B-effect.1-trails":"true",
        "B-effect.1-trails:feedback":"0.550000",
        "B-effect.1-twisted":"false",
        "B-effect.1-twisted:radius":"0.310000",
        "B-effect.1-twisted:twirl":"0.500000",
        "B-effect.2-blur":"false",
        "B-effect.2-blur:blurxdistance":"0.100000",
        "B-effect.2-blur:blurydistance":"0.080000",
        "B-effect.2-blur:gaussian":"0.170000",
        "B-effect.2-blur:quality":"0.280000",
        "B-effect.2-displace":"false",
        "B-effect.2-displace:threshold":"0.000000",
        "B-effect.2-displace:xfactor":"0.760000",
        "B-effect.2-displace:yfactor":"0.240000",
        "B-effect.2-edgedetection":"false",
        "B-effect.2-edgedetection:mode":"0.920000",
        "B-effect.2-edgedetection:multiplier":"0.240000",
        "B-effect.2-fragment":"false",
        "B-effect.2-fragment:distance":"0.330000",
        "B-effect.2-fragment:fragments":"0.300000",
        "B-effect.2-fragment:fragrotationx":"0.500000",
        "B-effect.2-fragment:fragrotationy":"0.500000",
        "B-effect.2-fragment:fragrotationz":"0.500000",
        "B-effect.2-fragment:fragscale":"1.000000",
        "B-effect.2-fragment:rotation":"0.000000",
        "B-effect.2-goo":"false",
        "B-effect.2-goo:maxdistortionx":"1.000000",
        "B-effect.2-goo:maxdistortiony":"1.000000",
        "B-effect.2-goo:maxdistortionz":"1.000000",
        "B-effect.2-goo:resolution":"16",
        "B-effect.2-goo:shade":"1.000000",
        "B-effect.2-goo:speed":"0.150000",
        "B-effect.2-huerotate":"false",
        "B-effect.2-huerotate:huerotate":"0.000000",
        "B-effect.2-huerotate:huescale":"1.000000",
        "B-effect.2-huerotate:satscale":"0.500000",
        "B-effect.2-kaleidoscope":"false",
        "B-effect.2-kaleidoscope:angles":"0.300000",
        "B-effect.2-kaleidoscope:inputrotation":"0.500000",
        "B-effect.2-kaleidoscope:opacity":"1.000000",
        "B-effect.2-kaleidoscope:rotation":"0.000000",
        "B-effect.2-kaleidoscope:zoom":"0.580000",
        "B-effect.2-mirror":"false",
        "B-effect.2-mirror:flipx":"0",
        "B-effect.2-mirror:flipy":"0",
        "B-effect.2-mirror:in/out":"1.000000",
        "B-effect.2-mirror:x":"0.500000",
        "B-effect.2-mirror:y":"0.500000",
        "B-effect.2-mirrorquad":"false",
        "B-effect.2-mirrorquad:flipx":"0",
        "B-effect.2-mirrorquad:flipy":"0",
        "B-effect.2-posterize":"false",
        "B-effect.2-posterize:posterize":"0.090000",
        "B-effect.2-trails":"false",
        "B-effect.2-trails:feedback":"0.550000",
        "B-effect.2-twisted":"false",
        "B-effect.2-twisted:radius":"0.310000",
        "B-effect.2-twisted:twirl":"0.500000",
        "B-sound.chromatic":"false",
        "B-sound.controllerstyle":"modulationonly",
        "B-sound.midifile":"jsbach",
        "B-sound.pitchmax":"85",
        "B-sound.pitchmin":"38",
        "B-sound.synth":"P_11_C_02",
        "B-sound.velocitymax":"127",
        "B-sound.velocitymin":"1",
        "B-sound.xcontroller":"1",
        "B-sound.ycontroller":"1",
        "B-sound.zcontroller":"1",
        "B-visual.alphafinal":"0.000000",
        "B-visual.alphainitial":"0.710000",
        "B-visual.alphatime":"2.999000",
        "B-visual.aspect":"0.500000",
        "B-visual.bounce":"false",
        "B-visual.cursorsprites":"false",
        "B-visual.filled":"false",
        "B-visual.gravity":"0",
        "B-visual.hue1final":"360.000000",
        "B-visual.hue1initial":"0.000000",
        "B-visual.hue1time":"5.000000",
        "B-visual.hue2final":"360.000000",
        "B-visual.hue2initial":"0.000000",
        "B-visual.hue2time":"5.000000",
        "B-visual.inputbackground":"false",
        "B-visual.justification":"center",
        "B-visual.lifetime":"8.000000",
        "B-visual.luminance":"0.500000",
        "B-visual.mirrortype":"none",
        "B-visual.movedir":"cursor",
        "B-visual.noisevertex":"0.000000",
        "B-visual.noisevertexx":"0.000000",
        "B-visual.noisevertexy":"0.000000",
        "B-visual.nsprites":"200",
        "B-visual.placement":"cursor",
        "B-visual.rotangdir":"random",
        "B-visual.rotanginit":"0.000000",
        "B-visual.rotangspeed":"0.000000",
        "B-visual.rotauto":"false",
        "B-visual.saturation":"1.000000",
        "B-visual.shape":"circle",
        "B-visual.sizefinal":"4.400000",
        "B-visual.sizeinitial":"0.310000",
        "B-visual.sizetime":"1.500000",
        "B-visual.smoothxyz":"8",
        "B-visual.speed":"0.100000",
        "B-visual.spritesource":"cursor",
        "B-visual.spritestyle":"hue",
        "B-visual.thickness":"9.993000",
        "B-visual.zmin":"0.004000",
        "C-effect.1-blur":"true",
        "C-effect.1-blur:blurxdistance":"0.100000",
        "C-effect.1-blur:blurydistance":"0.080000",
        "C-effect.1-blur:gaussian":"0.170000",
        "C-effect.1-blur:quality":"0.280000",
        "C-effect.1-displace":"true",
        "C-effect.1-displace:threshold":"0.000000",
        "C-effect.1-displace:xfactor":"0.760000",
        "C-effect.1-displace:yfactor":"0.240000",
        "C-effect.1-edgedetection":"false",
        "C-effect.1-edgedetection:mode":"0.920000",
        "C-effect.1-edgedetection:multiplier":"0.240000",
        "C-effect.1-fragment":"false",
        "C-effect.1-fragment:distance":"0.330000",
        "C-effect.1-fragment:fragments":"0.300000",
        "C-effect.1-fragment:fragrotationx":"0.500000",
        "C-effect.1-fragment:fragrotationy":"0.500000",
        "C-effect.1-fragment:fragrotationz":"0.500000",
        "C-effect.1-fragment:fragscale":"1.000000",
        "C-effect.1-fragment:rotation":"0.000000",
        "C-effect.1-goo":"false",
        "C-effect.1-goo:maxdistortionx":"1.000000",
        "C-effect.1-goo:maxdistortiony":"1.000000",
        "C-effect.1-goo:maxdistortionz":"1.000000",
        "C-effect.1-goo:resolution":"16",
        "C-effect.1-goo:shade":"1.000000",
        "C-effect.1-goo:speed":"0.150000",
        "C-effect.1-huerotate":"false",
        "C-effect.1-huerotate:huerotate":"0.000000",
        "C-effect.1-huerotate:huescale":"1.000000",
        "C-effect.1-huerotate:satscale":"0.500000",
        "C-effect.1-kaleidoscope":"false",
        "C-effect.1-kaleidoscope:angles":"0.300000",
        "C-effect.1-kaleidoscope:inputrotation":"0.500000",
        "C-effect.1-kaleidoscope:opacity":"1.000000",
        "C-effect.1-kaleidoscope:rotation":"0.000000",
        "C-effect.1-kaleidoscope:zoom":"0.580000",
        "C-effect.1-mirror":"false",
        "C-effect.1-mirror:flipx":"0",
        "C-effect.1-mirror:flipy":"0",
        "C-effect.1-mirror:in/out":"1.000000",
        "C-effect.1-mirror:x":"0.500000",
        "C-effect.1-mirror:y":"0.500000",
        "C-effect.1-mirrorquad":"false",
        "C-effect.1-mirrorquad:flipx":"0",
        "C-effect.1-mirrorquad:flipy":"0",
        "C-effect.1-posterize":"false",
        "C-effect.1-posterize:posterize":"0.090000",
        "C-effect.1-trails":"true",
        "C-effect.1-trails:feedback":"0.550000",
        "C-effect.1-twisted":"false",
        "C-effect.1-twisted:radius":"0.310000",
        "C-effect.1-twisted:twirl":"0.500000",
        "C-effect.2-blur":"false",
        "C-effect.2-blur:blurxdistance":"0.100000",
        "C-effect.2-blur:blurydistance":"0.080000",
        "C-effect.2-blur:gaussian":"0.170000",
        "C-effect.2-blur:quality":"0.280000",
        "C-effect.2-displace":"false",
        "C-effect.2-displace:threshold":"0.000000",
        "C-effect.2-displace:xfactor":"0.760000",
        "C-effect.2-displace:yfactor":"0.240000",
        "C-effect.2-edgedetection":"false",
        "C-effect.2-edgedetection:mode":"0.920000",
        "C-effect.2-edgedetection:multiplier":"0.240000",
        "C-effect.2-fragment":"false",
        "C-effect.2-fragment:distance":"0.330000",
        "C-effect.2-fragment:fragments":"0.300000",
        "C-effect.2-fragment:fragrotationx":"0.500000",
        "C-effect.2-fragment:fragrotationy":"0.500000",
        "C-effect.2-fragment:fragrotationz":"0.500000",
        "C-effect.2-fragment:fragscale":"1.000000",
        "C-effect.2-fragment:rotation":"0.000000",
        "C-effect.2-goo":"false",
        "C-effect.2-goo:maxdistortionx":"1.000000",
        "C-effect.2-goo:maxdistortiony":"1.000000",
        "C-effect.2-goo:maxdistortionz":"1.000000",
        "C-effect.2-goo:resolution":"16",
        "C-effect.2-goo:shade":"1.000000",
        "C-effect.2-goo:speed":"0.150000",
        "C-effect.2-huerotate":"false",
        "C-effect.2-huerotate:huerotate":"0.000000",
        "C-effect.2-huerotate:huescale":"1.000000",
        "C-effect.2-huerotate:satscale":"0.500000",
        "C-effect.2-kaleidoscope":"false",
        "C-effect.2-kaleidoscope:angles":"0.300000",
        "C-effect.2-kaleidoscope:inputrotation":"0.500000",
        "C-effect.2-kaleidoscope:opacity":"1.000000",
        "C-effect.2-kaleidoscope:rotation":"0.000000",
        "C-effect.2-kaleidoscope:zoom":"0.580000",
        "C-effect.2-mirror":"false",
        "C-effect.2-mirror:flipx":"0",
        "C-effect.2-mirror:flipy":"0",
        "C-effect.2-mirror:in/out":"1.000000",
        "C-effect.2-mirror:x":"0.500000",
        "C-effect.2-mirror:y":"0.500000",
        "C-effect.2-mirrorquad":"false",
        "C-effect.2-mirrorquad:flipx":"0",
        "C-effect.2-mirrorquad:flipy":"0",
        "C-effect.2-posterize":"false",
        "C-effect.2-posterize:posterize":"0.090000",
        "C-effect.2-trails":"false",
        "C-effect.2-trails:feedback":"0.550000",
        "C-effect.2-twisted":"false",
        "C-effect.2-twisted:radius":"0.310000",
        "C-effect.2-twisted:twirl":"0.500000",
        "C-sound.chromatic":"false",
        "C-sound.controllerstyle":"modulationonly",
        "C-sound.midifile":"jsbach",
        "C-sound.pitchmax":"90",
        "C-sound.pitchmin":"33",
        "C-sound.synth":"P_01_C_07",
        "C-sound.velocitymax":"126",
        "C-sound.velocitymin":"48",
        "C-sound.xcontroller":"3",
        "C-sound.ycontroller":"2",
        "C-sound.zcontroller":"1",
        "C-visual.alphafinal":"0.000000",
        "C-visual.alphainitial":"0.710000",
        "C-visual.alphatime":"2.999000",
        "C-visual.aspect":"0.500000",
        "C-visual.bounce":"false",
        "C-visual.cursorsprites":"false",
        "C-visual.filled":"false",
        "C-visual.gravity":"0",
        "C-visual.hue1final":"360.000000",
        "C-visual.hue1initial":"172.000000",
        "C-visual.hue1time":"5.000000",
        "C-visual.hue2final":"360.000000",
        "C-visual.hue2initial":"0.000000",
        "C-visual.hue2time":"5.000000",
        "C-visual.inputbackground":"false",
        "C-visual.justification":"center",
        "C-visual.lifetime":"8.000000",
        "C-visual.luminance":"0.500000",
        "C-visual.mirrortype":"none",
        "C-visual.movedir":"cursor",
        "C-visual.noisevertex":"0.000000",
        "C-visual.noisevertexx":"0.000000",
        "C-visual.noisevertexy":"0.000000",
        "C-visual.nsprites":"200",
        "C-visual.placement":"cursor",
        "C-visual.rotangdir":"random",
        "C-visual.rotanginit":"0.000000",
        "C-visual.rotangspeed":"0.000000",
        "C-visual.rotauto":"false",
        "C-visual.saturation":"1.000000",
        "C-visual.shape":"circle",
        "C-visual.sizefinal":"4.400000",
        "C-visual.sizeinitial":"0.310000",
        "C-visual.sizetime":"1.500000",
        "C-visual.smoothxyz":"8",
        "C-visual.speed":"0.100000",
        "C-visual.spritesource":"cursor",
        "C-visual.spritestyle":"hue",
        "C-visual.thickness":"9.993000",
        "C-visual.zmin":"0.004000",
        "D-effect.1-blur":"true",
        "D-effect.1-blur:blurxdistance":"0.100000",
        "D-effect.1-blur:blurydistance":"0.080000",
        "D-effect.1-blur:gaussian":"0.170000",
        "D-effect.1-blur:quality":"0.280000",
        "D-effect.1-displace":"true",
        "D-effect.1-displace:threshold":"0.000000",
        "D-effect.1-displace:xfactor":"0.760000",
        "D-effect.1-displace:yfactor":"0.240000",
        "D-effect.1-edgedetection":"false",
        "D-effect.1-edgedetection:mode":"0.920000",
        "D-effect.1-edgedetection:multiplier":"0.240000",
        "D-effect.1-fragment":"false",
        "D-effect.1-fragment:distance":"0.330000",
        "D-effect.1-fragment:fragments":"0.300000",
        "D-effect.1-fragment:fragrotationx":"0.500000",
        "D-effect.1-fragment:fragrotationy":"0.500000",
        "D-effect.1-fragment:fragrotationz":"0.500000",
        "D-effect.1-fragment:fragscale":"1.000000",
        "D-effect.1-fragment:rotation":"0.000000",
        "D-effect.1-goo":"false",
        "D-effect.1-goo:maxdistortionx":"1.000000",
        "D-effect.1-goo:maxdistortiony":"1.000000",
        "D-effect.1-goo:maxdistortionz":"1.000000",
        "D-effect.1-goo:resolution":"16",
        "D-effect.1-goo:shade":"1.000000",
        "D-effect.1-goo:speed":"0.150000",
        "D-effect.1-huerotate":"false",
        "D-effect.1-huerotate:huerotate":"0.000000",
        "D-effect.1-huerotate:huescale":"1.000000",
        "D-effect.1-huerotate:satscale":"0.500000",
        "D-effect.1-kaleidoscope":"false",
        "D-effect.1-kaleidoscope:angles":"0.300000",
        "D-effect.1-kaleidoscope:inputrotation":"0.500000",
        "D-effect.1-kaleidoscope:opacity":"1.000000",
        "D-effect.1-kaleidoscope:rotation":"0.000000",
        "D-effect.1-kaleidoscope:zoom":"0.580000",
        "D-effect.1-mirror":"false",
        "D-effect.1-mirror:flipx":"0",
        "D-effect.1-mirror:flipy":"0",
        "D-effect.1-mirror:in/out":"1.000000",
        "D-effect.1-mirror:x":"0.500000",
        "D-effect.1-mirror:y":"0.500000",
        "D-effect.1-mirrorquad":"false",
        "D-effect.1-mirrorquad:flipx":"0",
        "D-effect.1-mirrorquad:flipy":"0",
        "D-effect.1-posterize":"false",
        "D-effect.1-posterize:posterize":"0.090000",
        "D-effect.1-trails":"true",
        "D-effect.1-trails:feedback":"0.550000",
        "D-effect.1-twisted":"false",
        "D-effect.1-twisted:radius":"0.310000",
        "D-effect.1-twisted:twirl":"0.500000",
        "D-effect.2-blur":"false",
        "D-effect.2-blur:blurxdistance":"0.100000",
        "D-effect.2-blur:blurydistance":"0.080000",
        "D-effect.2-blur:gaussian":"0.170000",
        "D-effect.2-blur:quality":"0.280000",
        "D-effect.2-displace":"false",
        "D-effect.2-displace:threshold":"0.000000",
        "D-effect.2-displace:xfactor":"0.760000",
        "D-effect.2-displace:yfactor":"0.240000",
        "D-effect.2-edgedetection":"false",
        "D-effect.2-edgedetection:mode":"0.920000",
        "D-effect.2-edgedetection:multiplier":"0.240000",
        "D-effect.2-fragment":"false",
        "D-effect.2-fragment:distance":"0.330000",
        "D-effect.2-fragment:fragments":"0.300000",
        "D-effect.2-fragment:fragrotationx":"0.500000",
        "D-effect.2-fragment:fragrotationy":"0.500000",
        "D-effect.2-fragment:fragrotationz":"0.500000",
        "D-effect.2-fragment:fragscale":"1.000000",
        "D-effect.2-fragment:rotation":"0.000000",
        "D-effect.2-goo":"false",
        "D-effect.2-goo:maxdistortionx":"1.000000",
        "D-effect.2-goo:maxdistortiony":"1.000000",
        "D-effect.2-goo:maxdistortionz":"1.000000",
        "D-effect.2-goo:resolution":"16",
        "D-effect.2-goo:shade":"1.000000",
        "D-effect.2-goo:speed":"0.150000",
        "D-effect.2-huerotate":"false",
        "D-effect.2-huerotate:huerotate":"0.000000",
        "D-effect.2-huerotate:huescale":"1.000000",
        "D-effect.2-huerotate:satscale":"0.500000",
        "D-effect.2-kaleidoscope":"false",
        "D-effect.2-kaleidoscope:angles":"0.300000",
        "D-effect.2-kaleidoscope:inputrotation":"0.500000",
        "D-effect.2-kaleidoscope:opacity":"1.000000",
        "D-effect.2-kaleidoscope:rotation":"0.000000",
        "D-effect.2-kaleidoscope:zoom":"0.580000",
        "D-effect.2-mirror":"false",
        "D-effect.2-mirror:flipx":"0",
        "D-effect.2-mirror:flipy":"0",
        "D-effect.2-mirror:in/out":"1.000000",
        "D-effect.2-mirror:x":"0.500000",
        "D-effect.2-mirror:y":"0.500000",
        "D-effect.2-mirrorquad":"false",
        "D-effect.2-mirrorquad:flipx":"0",
        "D-effect.2-mirrorquad:flipy":"0",
        "D-effect.2-posterize":"false",
        "D-effect.2-posterize:posterize":"0.090000",
        "D-effect.2-trails":"false",
        "D-effect.2-trails:feedback":"0.550000",
        "D-effect.2-twisted":"false",
        "D-effect.2-twisted:radius":"0.310000",
        "D-effect.2-twisted:twirl":"0.500000",
        "D-sound.chromatic":"false",
        "D-sound.controllerstyle":"modulationonly",
        "D-sound.midifile":"jsbach",
        "D-sound.pitchmax":"84",
        "D-sound.pitchmin":"30",
        "D-sound.synth":"P_04_C_07",
        "D-sound.velocitymax":"127",
        "D-sound.velocitymin":"36",
        "D-sound.xcontroller":"3",
        "D-sound.ycontroller":"2",
        "D-sound.zcontroller":"1",
        "D-visual.alphafinal":"0.000000",
        "D-visual.alphainitial":"0.710000",
        "D-visual.alphatime":"2.999000",
        "D-visual.aspect":"0.500000",
        "D-visual.bounce":"false",
        "D-visual.cursorsprites":"false",
        "D-visual.filled":"false",
        "D-visual.gravity":"0",
        "D-visual.hue1final":"360.000000",
        "D-visual.hue1initial":"280.000000",
        "D-visual.hue1time":"5.000000",
        "D-visual.hue2final":"360.000000",
        "D-visual.hue2initial":"0.000000",
        "D-visual.hue2time":"5.000000",
        "D-visual.inputbackground":"false",
        "D-visual.justification":"center",
        "D-visual.lifetime":"8.000000",
        "D-visual.luminance":"0.500000",
        "D-visual.mirrortype":"none",
        "D-visual.movedir":"cursor",
        "D-visual.noisevertex":"0.000000",
        "D-visual.noisevertexx":"0.000000",
        "D-visual.noisevertexy":"0.000000",
        "D-visual.nsprites":"200",
        "D-visual.placement":"cursor",
        "D-visual.rotangdir":"random",
        "D-visual.rotanginit":"0.000000",
        "D-visual.rotangspeed":"0.000000",
        "D-visual.rotauto":"false",
        "D-visual.saturation":"1.000000",
        "D-visual.shape":"circle",
        "D-visual.sizefinal":"4.400000",
        "D-visual.sizeinitial":"0.310000",
        "D-visual.sizetime":"1.500000",
        "D-visual.smoothxyz":"8",
        "D-visual.speed":"0.100000",
        "D-visual.spritesource":"cursor",
        "D-visual.spritestyle":"hue",
        "D-visual.thickness":"9.993000",
        "D-visual.zmin":"0.004000"
    }
}