{
    "params": {
        "A-effect.1-blur":"true",
        "A-effect.1-blur:blurxdistance":"0.187000",
        "A-effect.1-blur:blurydistance":"0.030000",
        "A-effect.1-blur:gaussian":"0.714000",
        "A-effect.1-blur:quality":"0.627000",
        "A-effect.1-displace":"false",
        "A-effect.1-displace:threshold":"0.049000",
        "A-effect.1-displace:xfactor":"0.187000",
        "A-effect.1-displace:yfactor":"0.689000",
        "A-effect.1-edgedetection":"false",
        "A-effect.1-edgedetection:mode":"0.601000",
        "A-effect.1-edgedetection:multiplier":"1.000000",
        "A-effect.1-fragment":"false",
        "A-effect.1-fragment:distance":"0.727000",
        "A-effect.1-fragment:fragments":"0.248000",
        "A-effect.1-fragment:fragrotationx":"0.537000",
        "A-effect.1-fragment:fragrotationy":"0.700000",
        "A-effect.1-fragment:fragrotationz":"0.359000",
        "A-effect.1-fragment:fragscale":"1.000000",
        "A-effect.1-fragment:rotation":"0.618000",
        "A-effect.1-goo":"false",
        "A-effect.1-goo:maxdistortionx":"1.000000",
        "A-effect.1-goo:maxdistortiony":"1.000000",
        "A-effect.1-goo:maxdistortionz":"1.000000",
        "A-effect.1-goo:resolution":"16",
        "A-effect.1-goo:shade":"1.000000",
        "A-effect.1-goo:speed":"0.150000",
        "A-effect.1-huerotate":"false",
        "A-effect.1-huerotate:huerotate":"0.967000",
        "A-effect.1-huerotate:huescale":"0.243000",
        "A-effect.1-huerotate:satscale":"0.792000",
        "A-effect.1-kaleidoscope":"false",
        "A-effect.1-kaleidoscope:angles":"0.979000",
        "A-effect.1-kaleidoscope:inputrotation":"0.280000",
        "A-effect.1-kaleidoscope:opacity":"1.000000",
        "A-effect.1-kaleidoscope:rotation":"0.209000",
        "A-effect.1-kaleidoscope:zoom":"0.897000",
        "A-effect.1-mirror":"false",
        "A-effect.1-mirror:flipx":"1",
        "A-effect.1-mirror:flipy":"0",
        "A-effect.1-mirror:in/out":"0.054000",
        "A-effect.1-mirror:x":"0.500000",
        "A-effect.1-mirror:y":"0.500000",
        "A-effect.1-mirrorquad":"false",
        "A-effect.1-mirrorquad:flipx":"0",
        "A-effect.1-mirrorquad:flipy":"0",
        "A-effect.1-posterize":"true",
        "A-effect.1-posterize:posterize":"0.056000",
        "A-effect.1-trails":"false",
        "A-effect.1-trails:feedback":"0.550000",
        "A-effect.1-twisted":"false",
        "A-effect.1-twisted:radius":"0.821000",
        "A-effect.1-twisted:twirl":"0.538000",
        "A-effect.2-blur":"false",
        "A-effect.2-blur:blurxdistance":"0.201000",
        "A-effect.2-blur:blurydistance":"0.062000",
        "A-effect.2-blur:gaussian":"0.596000",
        "A-effect.2-blur:quality":"0.094000",
        "A-effect.2-displace":"false",
        "A-effect.2-displace:threshold":"0.083000",
        "A-effect.2-displace:xfactor":"0.000000",
        "A-effect.2-displace:yfactor":"0.245000",
        "A-effect.2-edgedetection":"true",
        "A-effect.2-edgedetection:mode":"0.676000",
        "A-effect.2-edgedetection:multiplier":"0.716000",
        "A-effect.2-fragment":"false",
        "A-effect.2-fragment:distance":"0.665000",
        "A-effect.2-fragment:fragments":"0.506000",
        "A-effect.2-fragment:fragrotationx":"0.669000",
        "A-effect.2-fragment:fragrotationy":"0.922000",
        "A-effect.2-fragment:fragrotationz":"0.544000",
        "A-effect.2-fragment:fragscale":"1.000000",
        "A-effect.2-fragment:rotation":"0.372000",
        "A-effect.2-goo":"false",
        "A-effect.2-goo:maxdistortionx":"1.000000",
        "A-effect.2-goo:maxdistortiony":"1.000000",
        "A-effect.2-goo:maxdistortionz":"1.000000",
        "A-effect.2-goo:resolution":"16",
        "A-effect.2-goo:shade":"1.000000",
        "A-effect.2-goo:speed":"0.150000",
        "A-effect.2-huerotate":"false",
        "A-effect.2-huerotate:huerotate":"0.024000",
        "A-effect.2-huerotate:huescale":"0.406000",
        "A-effect.2-huerotate:satscale":"0.750000",
        "A-effect.2-kaleidoscope":"false",
        "A-effect.2-kaleidoscope:angles":"0.224000",
        "A-effect.2-kaleidoscope:inputrotation":"0.887000",
        "A-effect.2-kaleidoscope:opacity":"1.000000",
        "A-effect.2-kaleidoscope:rotation":"0.056000",
        "A-effect.2-kaleidoscope:zoom":"0.889000",
        "A-effect.2-mirror":"false",
        "A-effect.2-mirror:flipx":"0",
        "A-effect.2-mirror:flipy":"1",
        "A-effect.2-mirror:in/out":"0.053000",
        "A-effect.2-mirror:x":"0.500000",
        "A-effect.2-mirror:y":"0.500000",
        "A-effect.2-mirrorquad":"false",
        "A-effect.2-mirrorquad:flipx":"0",
        "A-effect.2-mirrorquad:flipy":"0",
        "A-effect.2-posterize":"false",
        "A-effect.2-posterize:posterize":"0.210000",
        "A-effect.2-trails":"false",
        "A-effect.2-trails:feedback":"0.550000",
        "A-effect.2-twisted":"false",
        "A-effect.2-twisted:radius":"0.386000",
        "A-effect.2-twisted:twirl":"0.414000",
        "A-sound.chromatic":"false",
        "A-sound.controllerstyle":"modulationonly",
        "A-sound.midifile":"jsbach",
        "A-sound.pitchmax":"80",
        "A-sound.pitchmin":"33",
        "A-sound.synth":"P_06_C_05",
        "A-sound.velocitymax":"127",
        "A-sound.velocitymin":"1",
        "A-sound.xcontroller":"3",
        "A-sound.ycontroller":"2",
        "A-sound.zcontroller":"1",
        "A-visual.alphafinal":"0.000000",
        "A-visual.alphainitial":"1.000000",
        "A-visual.alphatime":"6.918000",
        "A-visual.aspect":"0.498000",
        "A-visual.bounce":"true",
        "A-visual.cursorsprites":"false",
        "A-visual.filled":"true",
        "A-visual.gravity":"0",
        "A-visual.hue1final":"110.983002",
        "A-visual.hue1initial":"81.032997",
        "A-visual.hue1time":"1.764000",
        "A-visual.hue2final":"250.266006",
        "A-visual.hue2initial":"177.044998",
        "A-visual.hue2time":"1.725000",
        "A-visual.justification":"center",
        "A-visual.lifetime":"2.772000",
        "A-visual.luminance":"0.500000",
        "A-visual.mirrortype":"none",
        "A-visual.movedir":"leftright",
        "A-visual.noisevertex":"0.000000",
        "A-visual.noisevertexx":"0.000000",
        "A-visual.noisevertexy":"0.000000",
        "A-visual.nsprites":"952",
        "A-visual.placement":"cursor",
        "A-visual.rotangdir":"random",
        "A-visual.rotanginit":"0.000000",
        "A-visual.rotangspeed":"0.000000",
        "A-visual.rotauto":"false",
        "A-visual.saturation":"0.934000",
        "A-visual.shape":"square",
        "A-visual.sizefinal":"1.414000",
        "A-visual.sizeinitial":"0.309000",
        "A-visual.sizetime":"2.579000",
        "A-visual.smoothxyz":"7",
        "A-visual.speed":"0.155000",
        "A-visual.spritesource":"cursor",
        "A-visual.thickness":"9.362000",
        "A-visual.zmin":"0.004000",
        "B-effect.1-blur":"true",
        "B-effect.1-blur:blurxdistance":"0.187000",
        "B-effect.1-blur:blurydistance":"0.030000",
        "B-effect.1-blur:gaussian":"0.714000",
        "B-effect.1-blur:quality":"0.627000",
        "B-effect.1-displace":"false",
        "B-effect.1-displace:threshold":"0.049000",
        "B-effect.1-displace:xfactor":"0.187000",
        "B-effect.1-displace:yfactor":"0.689000",
        "B-effect.1-edgedetection":"false",
        "B-effect.1-edgedetection:mode":"0.601000",
        "B-effect.1-edgedetection:multiplier":"1.000000",
        "B-effect.1-fragment":"false",
        "B-effect.1-fragment:distance":"0.727000",
        "B-effect.1-fragment:fragments":"0.248000",
        "B-effect.1-fragment:fragrotationx":"0.537000",
        "B-effect.1-fragment:fragrotationy":"0.700000",
        "B-effect.1-fragment:fragrotationz":"0.359000",
        "B-effect.1-fragment:fragscale":"1.000000",
        "B-effect.1-fragment:rotation":"0.618000",
        "B-effect.1-goo":"false",
        "B-effect.1-goo:maxdistortionx":"1.000000",
        "B-effect.1-goo:maxdistortiony":"1.000000",
        "B-effect.1-goo:maxdistortionz":"1.000000",
        "B-effect.1-goo:resolution":"16",
        "B-effect.1-goo:shade":"1.000000",
        "B-effect.1-goo:speed":"0.150000",
        "B-effect.1-huerotate":"false",
        "B-effect.1-huerotate:huerotate":"0.967000",
        "B-effect.1-huerotate:huescale":"0.243000",
        "B-effect.1-huerotate:satscale":"0.792000",
        "B-effect.1-kaleidoscope":"false",
        "B-effect.1-kaleidoscope:angles":"0.979000",
        "B-effect.1-kaleidoscope:inputrotation":"0.280000",
        "B-effect.1-kaleidoscope:opacity":"1.000000",
        "B-effect.1-kaleidoscope:rotation":"0.209000",
        "B-effect.1-kaleidoscope:zoom":"0.897000",
        "B-effect.1-mirror":"false",
        "B-effect.1-mirror:flipx":"1",
        "B-effect.1-mirror:flipy":"0",
        "B-effect.1-mirror:in/out":"0.054000",
        "B-effect.1-mirror:x":"0.500000",
        "B-effect.1-mirror:y":"0.500000",
        "B-effect.1-mirrorquad":"false",
        "B-effect.1-mirrorquad:flipx":"0",
        "B-effect.1-mirrorquad:flipy":"0",
        "B-effect.1-posterize":"true",
        "B-effect.1-posterize:posterize":"0.056000",
        "B-effect.1-trails":"false",
        "B-effect.1-trails:feedback":"0.550000",
        "B-effect.1-twisted":"false",
        "B-effect.1-twisted:radius":"0.821000",
        "B-effect.1-twisted:twirl":"0.538000",
        "B-effect.2-blur":"false",
        "B-effect.2-blur:blurxdistance":"0.201000",
        "B-effect.2-blur:blurydistance":"0.062000",
        "B-effect.2-blur:gaussian":"0.596000",
        "B-effect.2-blur:quality":"0.094000",
        "B-effect.2-displace":"false",
        "B-effect.2-displace:threshold":"0.083000",
        "B-effect.2-displace:xfactor":"0.000000",
        "B-effect.2-displace:yfactor":"0.245000",
        "B-effect.2-edgedetection":"true",
        "B-effect.2-edgedetection:mode":"0.676000",
        "B-effect.2-edgedetection:multiplier":"0.716000",
        "B-effect.2-fragment":"false",
        "B-effect.2-fragment:distance":"0.665000",
        "B-effect.2-fragment:fragments":"0.506000",
        "B-effect.2-fragment:fragrotationx":"0.669000",
        "B-effect.2-fragment:fragrotationy":"0.922000",
        "B-effect.2-fragment:fragrotationz":"0.544000",
        "B-effect.2-fragment:fragscale":"1.000000",
        "B-effect.2-fragment:rotation":"0.372000",
        "B-effect.2-goo":"false",
        "B-effect.2-goo:maxdistortionx":"1.000000",
        "B-effect.2-goo:maxdistortiony":"1.000000",
        "B-effect.2-goo:maxdistortionz":"1.000000",
        "B-effect.2-goo:resolution":"16",
        "B-effect.2-goo:shade":"1.000000",
        "B-effect.2-goo:speed":"0.150000",
        "B-effect.2-huerotate":"false",
        "B-effect.2-huerotate:huerotate":"0.024000",
        "B-effect.2-huerotate:huescale":"0.406000",
        "B-effect.2-huerotate:satscale":"0.750000",
        "B-effect.2-kaleidoscope":"false",
        "B-effect.2-kaleidoscope:angles":"0.224000",
        "B-effect.2-kaleidoscope:inputrotation":"0.887000",
        "B-effect.2-kaleidoscope:opacity":"1.000000",
        "B-effect.2-kaleidoscope:rotation":"0.056000",
        "B-effect.2-kaleidoscope:zoom":"0.889000",
        "B-effect.2-mirror":"false",
        "B-effect.2-mirror:flipx":"0",
        "B-effect.2-mirror:flipy":"1",
        "B-effect.2-mirror:in/out":"0.053000",
        "B-effect.2-mirror:x":"0.500000",
        "B-effect.2-mirror:y":"0.500000",
        "B-effect.2-mirrorquad":"false",
        "B-effect.2-mirrorquad:flipx":"0",
        "B-effect.2-mirrorquad:flipy":"0",
        "B-effect.2-posterize":"false",
        "B-effect.2-posterize:posterize":"0.210000",
        "B-effect.2-trails":"false",
        "B-effect.2-trails:feedback":"0.550000",
        "B-effect.2-twisted":"false",
        "B-effect.2-twisted:radius":"0.386000",
        "B-effect.2-twisted:twirl":"0.414000",
        "B-sound.chromatic":"false",
        "B-sound.controllerstyle":"modulationonly",
        "B-sound.midifile":"jsbach",
        "B-sound.pitchmax":"80",
        "B-sound.pitchmin":"33",
        "B-sound.synth":"P_06_C_06",
        "B-sound.velocitymax":"127",
        "B-sound.velocitymin":"1",
        "B-sound.xcontroller":"3",
        "B-sound.ycontroller":"2",
        "B-sound.zcontroller":"1",
        "B-visual.alphafinal":"0.000000",
        "B-visual.alphainitial":"1.000000",
        "B-visual.alphatime":"6.918000",
        "B-visual.aspect":"0.498000",
        "B-visual.bounce":"true",
        "B-visual.cursorsprites":"false",
        "B-visual.filled":"true",
        "B-visual.gravity":"0",
        "B-visual.hue1final":"290.983002",
        "B-visual.hue1initial":"189.033005",
        "B-visual.hue1time":"1.764000",
        "B-visual.hue2final":"250.266006",
        "B-visual.hue2initial":"177.044998",
        "B-visual.hue2time":"1.725000",
        "B-visual.justification":"center",
        "B-visual.lifetime":"2.772000",
        "B-visual.luminance":"0.500000",
        "B-visual.mirrortype":"none",
        "B-visual.movedir":"leftright",
        "B-visual.noisevertex":"0.000000",
        "B-visual.noisevertexx":"0.000000",
        "B-visual.noisevertexy":"0.000000",
        "B-visual.nsprites":"952",
        "B-visual.placement":"cursor",
        "B-visual.rotangdir":"random",
        "B-visual.rotanginit":"0.000000",
        "B-visual.rotangspeed":"0.000000",
        "B-visual.rotauto":"false",
        "B-visual.saturation":"0.934000",
        "B-visual.shape":"square",
        "B-visual.sizefinal":"1.414000",
        "B-visual.sizeinitial":"0.309000",
        "B-visual.sizetime":"2.579000",
        "B-visual.smoothxyz":"7",
        "B-visual.speed":"0.155000",
        "B-visual.spritesource":"cursor",
        "B-visual.thickness":"9.362000",
        "B-visual.zmin":"0.004000",
        "C-effect.1-blur":"true",
        "C-effect.1-blur:blurxdistance":"0.187000",
        "C-effect.1-blur:blurydistance":"0.030000",
        "C-effect.1-blur:gaussian":"0.714000",
        "C-effect.1-blur:quality":"0.627000",
        "C-effect.1-displace":"false",
        "C-effect.1-displace:threshold":"0.049000",
        "C-effect.1-displace:xfactor":"0.187000",
        "C-effect.1-displace:yfactor":"0.689000",
        "C-effect.1-edgedetection":"false",
        "C-effect.1-edgedetection:mode":"0.601000",
        "C-effect.1-edgedetection:multiplier":"1.000000",
        "C-effect.1-fragment":"false",
        "C-effect.1-fragment:distance":"0.727000",
        "C-effect.1-fragment:fragments":"0.248000",
        "C-effect.1-fragment:fragrotationx":"0.537000",
        "C-effect.1-fragment:fragrotationy":"0.700000",
        "C-effect.1-fragment:fragrotationz":"0.359000",
        "C-effect.1-fragment:fragscale":"1.000000",
        "C-effect.1-fragment:rotation":"0.618000",
        "C-effect.1-goo":"false",
        "C-effect.1-goo:maxdistortionx":"1.000000",
        "C-effect.1-goo:maxdistortiony":"1.000000",
        "C-effect.1-goo:maxdistortionz":"1.000000",
        "C-effect.1-goo:resolution":"16",
        "C-effect.1-goo:shade":"1.000000",
        "C-effect.1-goo:speed":"0.150000",
        "C-effect.1-huerotate":"false",
        "C-effect.1-huerotate:huerotate":"0.967000",
        "C-effect.1-huerotate:huescale":"0.243000",
        "C-effect.1-huerotate:satscale":"0.792000",
        "C-effect.1-kaleidoscope":"false",
        "C-effect.1-kaleidoscope:angles":"0.979000",
        "C-effect.1-kaleidoscope:inputrotation":"0.280000",
        "C-effect.1-kaleidoscope:opacity":"1.000000",
        "C-effect.1-kaleidoscope:rotation":"0.209000",
        "C-effect.1-kaleidoscope:zoom":"0.897000",
        "C-effect.1-mirror":"false",
        "C-effect.1-mirror:flipx":"1",
        "C-effect.1-mirror:flipy":"0",
        "C-effect.1-mirror:in/out":"0.054000",
        "C-effect.1-mirror:x":"0.500000",
        "C-effect.1-mirror:y":"0.500000",
        "C-effect.1-mirrorquad":"false",
        "C-effect.1-mirrorquad:flipx":"0",
        "C-effect.1-mirrorquad:flipy":"0",
        "C-effect.1-posterize":"true",
        "C-effect.1-posterize:posterize":"0.056000",
        "C-effect.1-trails":"false",
        "C-effect.1-trails:feedback":"0.550000",
        "C-effect.1-twisted":"false",
        "C-effect.1-twisted:radius":"0.821000",
        "C-effect.1-twisted:twirl":"0.538000",
        "C-effect.2-blur":"false",
        "C-effect.2-blur:blurxdistance":"0.201000",
        "C-effect.2-blur:blurydistance":"0.062000",
        "C-effect.2-blur:gaussian":"0.596000",
        "C-effect.2-blur:quality":"0.094000",
        "C-effect.2-displace":"false",
        "C-effect.2-displace:threshold":"0.083000",
        "C-effect.2-displace:xfactor":"0.000000",
        "C-effect.2-displace:yfactor":"0.245000",
        "C-effect.2-edgedetection":"true",
        "C-effect.2-edgedetection:mode":"0.676000",
        "C-effect.2-edgedetection:multiplier":"0.716000",
        "C-effect.2-fragment":"false",
        "C-effect.2-fragment:distance":"0.665000",
        "C-effect.2-fragment:fragments":"0.506000",
        "C-effect.2-fragment:fragrotationx":"0.669000",
        "C-effect.2-fragment:fragrotationy":"0.922000",
        "C-effect.2-fragment:fragrotationz":"0.544000",
        "C-effect.2-fragment:fragscale":"1.000000",
        "C-effect.2-fragment:rotation":"0.372000",
        "C-effect.2-goo":"false",
        "C-effect.2-goo:maxdistortionx":"1.000000",
        "C-effect.2-goo:maxdistortiony":"1.000000",
        "C-effect.2-goo:maxdistortionz":"1.000000",
        "C-effect.2-goo:resolution":"16",
        "C-effect.2-goo:shade":"1.000000",
        "C-effect.2-goo:speed":"0.150000",
        "C-effect.2-huerotate":"false",
        "C-effect.2-huerotate:huerotate":"0.024000",
        "C-effect.2-huerotate:huescale":"0.406000",
        "C-effect.2-huerotate:satscale":"0.750000",
        "C-effect.2-kaleidoscope":"false",
        "C-effect.2-kaleidoscope:angles":"0.224000",
        "C-effect.2-kaleidoscope:inputrotation":"0.887000",
        "C-effect.2-kaleidoscope:opacity":"1.000000",
        "C-effect.2-kaleidoscope:rotation":"0.056000",
        "C-effect.2-kaleidoscope:zoom":"0.889000",
        "C-effect.2-mirror":"false",
        "C-effect.2-mirror:flipx":"0",
        "C-effect.2-mirror:flipy":"1",
        "C-effect.2-mirror:in/out":"0.053000",
        "C-effect.2-mirror:x":"0.500000",
        "C-effect.2-mirror:y":"0.500000",
        "C-effect.2-mirrorquad":"false",
        "C-effect.2-mirrorquad:flipx":"0",
        "C-effect.2-mirrorquad:flipy":"0",
        "C-effect.2-posterize":"false",
        "C-effect.2-posterize:posterize":"0.210000",
        "C-effect.2-trails":"false",
        "C-effect.2-trails:feedback":"0.550000",
        "C-effect.2-twisted":"false",
        "C-effect.2-twisted:radius":"0.386000",
        "C-effect.2-twisted:twirl":"0.414000",
        "C-sound.chromatic":"false",
        "C-sound.controllerstyle":"modulationonly",
        "C-sound.midifile":"jsbach",
        "C-sound.pitchmax":"80",
        "C-sound.pitchmin":"33",
        "C-sound.synth":"P_04_C_08",
        "C-sound.velocitymax":"127",
        "C-sound.velocitymin":"1",
        "C-sound.xcontroller":"3",
        "C-sound.ycontroller":"2",
        "C-sound.zcontroller":"1",
        "C-visual.alphafinal":"0.000000",
        "C-visual.alphainitial":"1.000000",
        "C-visual.alphatime":"6.918000",
        "C-visual.aspect":"0.498000",
        "C-visual.bounce":"true",
        "C-visual.cursorsprites":"false",
        "C-visual.filled":"true",
        "C-visual.gravity":"0",
        "C-visual.hue1final":"308.000000",
        "C-visual.hue1initial":"280.000000",
        "C-visual.hue1time":"1.764000",
        "C-visual.hue2final":"250.266006",
        "C-visual.hue2initial":"177.044998",
        "C-visual.hue2time":"1.725000",
        "C-visual.justification":"center",
        "C-visual.lifetime":"2.772000",
        "C-visual.luminance":"0.500000",
        "C-visual.mirrortype":"none",
        "C-visual.movedir":"leftright",
        "C-visual.noisevertex":"0.000000",
        "C-visual.noisevertexx":"0.000000",
        "C-visual.noisevertexy":"0.000000",
        "C-visual.nsprites":"952",
        "C-visual.placement":"cursor",
        "C-visual.rotangdir":"random",
        "C-visual.rotanginit":"0.000000",
        "C-visual.rotangspeed":"0.000000",
        "C-visual.rotauto":"false",
        "C-visual.saturation":"0.934000",
        "C-visual.shape":"square",
        "C-visual.sizefinal":"1.400000",
        "C-visual.sizeinitial":"0.309000",
        "C-visual.sizetime":"2.579000",
        "C-visual.smoothxyz":"7",
        "C-visual.speed":"0.155000",
        "C-visual.spritesource":"cursor",
        "C-visual.thickness":"9.362000",
        "C-visual.zmin":"0.004000",
        "D-effect.1-blur":"true",
        "D-effect.1-blur:blurxdistance":"0.187000",
        "D-effect.1-blur:blurydistance":"0.030000",
        "D-effect.1-blur:gaussian":"0.714000",
        "D-effect.1-blur:quality":"0.627000",
        "D-effect.1-displace":"false",
        "D-effect.1-displace:threshold":"0.049000",
        "D-effect.1-displace:xfactor":"0.187000",
        "D-effect.1-displace:yfactor":"0.689000",
        "D-effect.1-edgedetection":"false",
        "D-effect.1-edgedetection:mode":"0.601000",
        "D-effect.1-edgedetection:multiplier":"1.000000",
        "D-effect.1-fragment":"false",
        "D-effect.1-fragment:distance":"0.727000",
        "D-effect.1-fragment:fragments":"0.248000",
        "D-effect.1-fragment:fragrotationx":"0.537000",
        "D-effect.1-fragment:fragrotationy":"0.700000",
        "D-effect.1-fragment:fragrotationz":"0.359000",
        "D-effect.1-fragment:fragscale":"1.000000",
        "D-effect.1-fragment:rotation":"0.618000",
        "D-effect.1-goo":"false",
        "D-effect.1-goo:maxdistortionx":"1.000000",
        "D-effect.1-goo:maxdistortiony":"1.000000",
        "D-effect.1-goo:maxdistortionz":"1.000000",
        "D-effect.1-goo:resolution":"16",
        "D-effect.1-goo:shade":"1.000000",
        "D-effect.1-goo:speed":"0.150000",
        "D-effect.1-huerotate":"false",
        "D-effect.1-huerotate:huerotate":"0.967000",
        "D-effect.1-huerotate:huescale":"0.243000",
        "D-effect.1-huerotate:satscale":"0.792000",
        "D-effect.1-kaleidoscope":"false",
        "D-effect.1-kaleidoscope:angles":"0.979000",
        "D-effect.1-kaleidoscope:inputrotation":"0.280000",
        "D-effect.1-kaleidoscope:opacity":"1.000000",
        "D-effect.1-kaleidoscope:rotation":"0.209000",
        "D-effect.1-kaleidoscope:zoom":"0.897000",
        "D-effect.1-mirror":"false",
        "D-effect.1-mirror:flipx":"1",
        "D-effect.1-mirror:flipy":"0",
        "D-effect.1-mirror:in/out":"0.054000",
        "D-effect.1-mirror:x":"0.500000",
        "D-effect.1-mirror:y":"0.500000",
        "D-effect.1-mirrorquad":"false",
        "D-effect.1-mirrorquad:flipx":"0",
        "D-effect.1-mirrorquad:flipy":"0",
        "D-effect.1-posterize":"true",
        "D-effect.1-posterize:posterize":"0.056000",
        "D-effect.1-trails":"false",
        "D-effect.1-trails:feedback":"0.550000",
        "D-effect.1-twisted":"false",
        "D-effect.1-twisted:radius":"0.821000",
        "D-effect.1-twisted:twirl":"0.538000",
        "D-effect.2-blur":"false",
        "D-effect.2-blur:blurxdistance":"0.201000",
        "D-effect.2-blur:blurydistance":"0.062000",
        "D-effect.2-blur:gaussian":"0.596000",
        "D-effect.2-blur:quality":"0.094000",
        "D-effect.2-displace":"false",
        "D-effect.2-displace:threshold":"0.083000",
        "D-effect.2-displace:xfactor":"0.000000",
        "D-effect.2-displace:yfactor":"0.245000",
        "D-effect.2-edgedetection":"true",
        "D-effect.2-edgedetection:mode":"0.676000",
        "D-effect.2-edgedetection:multiplier":"0.716000",
        "D-effect.2-fragment":"false",
        "D-effect.2-fragment:distance":"0.665000",
        "D-effect.2-fragment:fragments":"0.506000",
        "D-effect.2-fragment:fragrotationx":"0.669000",
        "D-effect.2-fragment:fragrotationy":"0.922000",
        "D-effect.2-fragment:fragrotationz":"0.544000",
        "D-effect.2-fragment:fragscale":"1.000000",
        "D-effect.2-fragment:rotation":"0.372000",
        "D-effect.2-goo":"false",
        "D-effect.2-goo:maxdistortionx":"1.000000",
        "D-effect.2-goo:maxdistortiony":"1.000000",
        "D-effect.2-goo:maxdistortionz":"1.000000",
        "D-effect.2-goo:resolution":"16",
        "D-effect.2-goo:shade":"1.000000",
        "D-effect.2-goo:speed":"0.150000",
        "D-effect.2-huerotate":"false",
        "D-effect.2-huerotate:huerotate":"0.024000",
        "D-effect.2-huerotate:huescale":"0.406000",
        "D-effect.2-huerotate:satscale":"0.750000",
        "D-effect.2-kaleidoscope":"false",
        "D-effect.2-kaleidoscope:angles":"0.224000",
        "D-effect.2-kaleidoscope:inputrotation":"0.887000",
        "D-effect.2-kaleidoscope:opacity":"1.000000",
        "D-effect.2-kaleidoscope:rotation":"0.056000",
        "D-effect.2-kaleidoscope:zoom":"0.889000",
        "D-effect.2-mirror":"false",
        "D-effect.2-mirror:flipx":"0",
        "D-effect.2-mirror:flipy":"1",
        "D-effect.2-mirror:in/out":"0.053000",
        "D-effect.2-mirror:x":"0.500000",
        "D-effect.2-mirror:y":"0.500000",
        "D-effect.2-mirrorquad":"false",
        "D-effect.2-mirrorquad:flipx":"0",
        "D-effect.2-mirrorquad:flipy":"0",
        "D-effect.2-posterize":"false",
        "D-effect.2-posterize:posterize":"0.210000",
        "D-effect.2-trails":"false",
        "D-effect.2-trails:feedback":"0.550000",
        "D-effect.2-twisted":"false",
        "D-effect.2-twisted:radius":"0.386000",
        "D-effect.2-twisted:twirl":"0.414000",
        "D-sound.chromatic":"false",
        "D-sound.controllerstyle":"modulationonly",
        "D-sound.midifile":"jsbach",
        "D-sound.pitchmax":"89",
        "D-sound.pitchmin":"65",
        "D-sound.synth":"P_06_C_08",
        "D-sound.velocitymax":"127",
        "D-sound.velocitymin":"1",
        "D-sound.xcontroller":"3",
        "D-sound.ycontroller":"2",
        "D-sound.zcontroller":"1",
        "D-visual.alphafinal":"0.000000",
        "D-visual.alphainitial":"1.000000",
        "D-visual.alphatime":"6.918000",
        "D-visual.aspect":"0.498000",
        "D-visual.bounce":"true",
        "D-visual.cursorsprites":"false",
        "D-visual.filled":"true",
        "D-visual.gravity":"0",
        "D-visual.hue1final":"36.000000",
        "D-visual.hue1initial":"0.000000",
        "D-visual.hue1time":"1.764000",
        "D-visual.hue2final":"250.266006",
        "D-visual.hue2initial":"177.044998",
        "D-visual.hue2time":"1.725000",
        "D-visual.justification":"center",
        "D-visual.lifetime":"2.772000",
        "D-visual.luminance":"0.500000",
        "D-visual.mirrortype":"none",
        "D-visual.movedir":"leftright",
        "D-visual.noisevertex":"0.000000",
        "D-visual.noisevertexx":"0.000000",
        "D-visual.noisevertexy":"0.000000",
        "D-visual.nsprites":"952",
        "D-visual.placement":"cursor",
        "D-visual.rotangdir":"random",
        "D-visual.rotanginit":"0.000000",
        "D-visual.rotangspeed":"0.000000",
        "D-visual.rotauto":"false",
        "D-visual.saturation":"0.934000",
        "D-visual.shape":"square",
        "D-visual.sizefinal":"1.414000",
        "D-visual.sizeinitial":"0.309000",
        "D-visual.sizetime":"2.579000",
        "D-visual.smoothxyz":"7",
        "D-visual.speed":"0.155000",
        "D-visual.spritesource":"cursor",
        "D-visual.thickness":"9.362000",
        "D-visual.zmin":"0.004000"
    }
}