{
    "params": {
        "A-effect.1-blur":"false",
        "A-effect.1-blur:blurxdistance":"0.448000",
        "A-effect.1-blur:blurydistance":"0.682000",
        "A-effect.1-blur:gaussian":"0.948000",
        "A-effect.1-blur:quality":"0.914000",
        "A-effect.1-displace":"false",
        "A-effect.1-displace:threshold":"0.221000",
        "A-effect.1-displace:xfactor":"0.960000",
        "A-effect.1-displace:yfactor":"0.748000",
        "A-effect.1-edgedetection":"false",
        "A-effect.1-edgedetection:mode":"0.650000",
        "A-effect.1-edgedetection:multiplier":"0.463000",
        "A-effect.1-fragment":"false",
        "A-effect.1-fragment:distance":"0.839000",
        "A-effect.1-fragment:fragments":"0.876000",
        "A-effect.1-fragment:fragrotationx":"0.078000",
        "A-effect.1-fragment:fragrotationy":"0.377000",
        "A-effect.1-fragment:fragrotationz":"0.848000",
        "A-effect.1-fragment:fragscale":"0.253000",
        "A-effect.1-fragment:rotation":"0.588000",
        "A-effect.1-goo":"false",
        "A-effect.1-goo:maxdistortionx":"1.000000",
        "A-effect.1-goo:maxdistortiony":"1.000000",
        "A-effect.1-goo:maxdistortionz":"1.000000",
        "A-effect.1-goo:resolution":"16",
        "A-effect.1-goo:shade":"1.000000",
        "A-effect.1-goo:speed":"0.150000",
        "A-effect.1-huerotate":"false",
        "A-effect.1-huerotate:huerotate":"0.787000",
        "A-effect.1-huerotate:huescale":"0.849000",
        "A-effect.1-huerotate:satscale":"0.445000",
        "A-effect.1-kaleidoscope":"false",
        "A-effect.1-kaleidoscope:angles":"0.300000",
        "A-effect.1-kaleidoscope:inputrotation":"0.500000",
        "A-effect.1-kaleidoscope:opacity":"1.000000",
        "A-effect.1-kaleidoscope:rotation":"0.000000",
        "A-effect.1-kaleidoscope:zoom":"0.580000",
        "A-effect.1-mirror":"false",
        "A-effect.1-mirror:flipx":"0",
        "A-effect.1-mirror:flipy":"0",
        "A-effect.1-mirror:in/out":"0.233000",
        "A-effect.1-mirror:x":"0.500000",
        "A-effect.1-mirror:y":"0.500000",
        "A-effect.1-mirrorquad":"false",
        "A-effect.1-mirrorquad:flipx":"0",
        "A-effect.1-mirrorquad:flipy":"0",
        "A-effect.1-posterize":"false",
        "A-effect.1-posterize:posterize":"0.404000",
        "A-effect.1-trails":"true",
        "A-effect.1-trails:feedback":"0.550000",
        "A-effect.1-twisted":"false",
        "A-effect.1-twisted:radius":"0.947000",
        "A-effect.1-twisted:twirl":"0.561000",
        "A-effect.2-blur":"true",
        "A-effect.2-blur:blurxdistance":"0.091000",
        "A-effect.2-blur:blurydistance":"0.719000",
        "A-effect.2-blur:gaussian":"0.447000",
        "A-effect.2-blur:quality":"0.607000",
        "A-effect.2-displace":"true",
        "A-effect.2-displace:threshold":"0.220000",
        "A-effect.2-displace:xfactor":"0.271000",
        "A-effect.2-displace:yfactor":"0.088000",
        "A-effect.2-edgedetection":"false",
        "A-effect.2-edgedetection:mode":"0.890000",
        "A-effect.2-edgedetection:multiplier":"0.384000",
        "A-effect.2-fragment":"false",
        "A-effect.2-fragment:distance":"0.528000",
        "A-effect.2-fragment:fragments":"0.892000",
        "A-effect.2-fragment:fragrotationx":"0.041000",
        "A-effect.2-fragment:fragrotationy":"0.702000",
        "A-effect.2-fragment:fragrotationz":"0.102000",
        "A-effect.2-fragment:fragscale":"0.870000",
        "A-effect.2-fragment:rotation":"0.225000",
        "A-effect.2-goo":"false",
        "A-effect.2-goo:maxdistortionx":"1.000000",
        "A-effect.2-goo:maxdistortiony":"1.000000",
        "A-effect.2-goo:maxdistortionz":"1.000000",
        "A-effect.2-goo:resolution":"16",
        "A-effect.2-goo:shade":"1.000000",
        "A-effect.2-goo:speed":"0.150000",
        "A-effect.2-huerotate":"false",
        "A-effect.2-huerotate:huerotate":"0.680000",
        "A-effect.2-huerotate:huescale":"0.166000",
        "A-effect.2-huerotate:satscale":"0.081000",
        "A-effect.2-kaleidoscope":"false",
        "A-effect.2-kaleidoscope:angles":"0.300000",
        "A-effect.2-kaleidoscope:inputrotation":"0.500000",
        "A-effect.2-kaleidoscope:opacity":"1.000000",
        "A-effect.2-kaleidoscope:rotation":"0.000000",
        "A-effect.2-kaleidoscope:zoom":"0.580000",
        "A-effect.2-mirror":"false",
        "A-effect.2-mirror:flipx":"0",
        "A-effect.2-mirror:flipy":"0",
        "A-effect.2-mirror:in/out":"0.426000",
        "A-effect.2-mirror:x":"0.500000",
        "A-effect.2-mirror:y":"0.500000",
        "A-effect.2-mirrorquad":"false",
        "A-effect.2-mirrorquad:flipx":"1",
        "A-effect.2-mirrorquad:flipy":"1",
        "A-effect.2-posterize":"false",
        "A-effect.2-posterize:posterize":"0.119000",
        "A-effect.2-trails":"true",
        "A-effect.2-trails:feedback":"0.550000",
        "A-effect.2-twisted":"false",
        "A-effect.2-twisted:radius":"0.940000",
        "A-effect.2-twisted:twirl":"0.813000",
        "A-sound.chromatic":"false",
        "A-sound.controllerstyle":"modulationonly",
        "A-sound.midifile":"jsbach",
        "A-sound.pitchmax":"70",
        "A-sound.pitchmin":"46",
        "A-sound.synth":"P_04_C_08",
        "A-sound.velocitymax":"94",
        "A-sound.velocitymin":"68",
        "A-sound.xcontroller":"1",
        "A-sound.ycontroller":"1",
        "A-sound.zcontroller":"1",
        "A-visual.alphafinal":"0.000000",
        "A-visual.alphainitial":"0.999000",
        "A-visual.alphatime":"4.287000",
        "A-visual.aspect":"0.500000",
        "A-visual.bounce":"false",
        "A-visual.cursorsprites":"false",
        "A-visual.filled":"true",
        "A-visual.gravity":"0",
        "A-visual.hue1final":"205.199997",
        "A-visual.hue1initial":"169.199997",
        "A-visual.hue1time":"5.000000",
        "A-visual.hue2final":"205.199997",
        "A-visual.hue2initial":"169.199997",
        "A-visual.hue2time":"5.000000",
        "A-visual.justification":"center",
        "A-visual.lifetime":"6.000000",
        "A-visual.luminance":"0.500000",
        "A-visual.mirrortype":"none",
        "A-visual.movedir":"random90",
        "A-visual.noisevertex":"0.000000",
        "A-visual.noisevertexx":"0.000000",
        "A-visual.noisevertexy":"0.000000",
        "A-visual.nsprites":"1044",
        "A-visual.placement":"cursor",
        "A-visual.rotangdir":"left",
        "A-visual.rotanginit":"0.000000",
        "A-visual.rotangspeed":"0.000000",
        "A-visual.rotauto":"false",
        "A-visual.saturation":"1.000000",
        "A-visual.shape":"circle",
        "A-visual.sizefinal":"0.300000",
        "A-visual.sizeinitial":"1.009000",
        "A-visual.sizetime":"4.078000",
        "A-visual.smoothxyz":"3",
        "A-visual.speed":"0.080000",
        "A-visual.spritesource":"cursor",
        "A-visual.thickness":"1.903000",
        "A-visual.zmin":"0.100000",
        "B-effect.1-blur":"false",
        "B-effect.1-blur:blurxdistance":"0.448000",
        "B-effect.1-blur:blurydistance":"0.682000",
        "B-effect.1-blur:gaussian":"0.948000",
        "B-effect.1-blur:quality":"0.914000",
        "B-effect.1-displace":"false",
        "B-effect.1-displace:threshold":"0.221000",
        "B-effect.1-displace:xfactor":"0.960000",
        "B-effect.1-displace:yfactor":"0.748000",
        "B-effect.1-edgedetection":"false",
        "B-effect.1-edgedetection:mode":"0.650000",
        "B-effect.1-edgedetection:multiplier":"0.463000",
        "B-effect.1-fragment":"false",
        "B-effect.1-fragment:distance":"0.839000",
        "B-effect.1-fragment:fragments":"0.876000",
        "B-effect.1-fragment:fragrotationx":"0.078000",
        "B-effect.1-fragment:fragrotationy":"0.377000",
        "B-effect.1-fragment:fragrotationz":"0.848000",
        "B-effect.1-fragment:fragscale":"0.253000",
        "B-effect.1-fragment:rotation":"0.588000",
        "B-effect.1-goo":"false",
        "B-effect.1-goo:maxdistortionx":"1.000000",
        "B-effect.1-goo:maxdistortiony":"1.000000",
        "B-effect.1-goo:maxdistortionz":"1.000000",
        "B-effect.1-goo:resolution":"16",
        "B-effect.1-goo:shade":"1.000000",
        "B-effect.1-goo:speed":"0.150000",
        "B-effect.1-huerotate":"false",
        "B-effect.1-huerotate:huerotate":"0.787000",
        "B-effect.1-huerotate:huescale":"0.849000",
        "B-effect.1-huerotate:satscale":"0.445000",
        "B-effect.1-kaleidoscope":"false",
        "B-effect.1-kaleidoscope:angles":"0.300000",
        "B-effect.1-kaleidoscope:inputrotation":"0.500000",
        "B-effect.1-kaleidoscope:opacity":"1.000000",
        "B-effect.1-kaleidoscope:rotation":"0.000000",
        "B-effect.1-kaleidoscope:zoom":"0.580000",
        "B-effect.1-mirror":"false",
        "B-effect.1-mirror:flipx":"0",
        "B-effect.1-mirror:flipy":"0",
        "B-effect.1-mirror:in/out":"0.233000",
        "B-effect.1-mirror:x":"0.500000",
        "B-effect.1-mirror:y":"0.500000",
        "B-effect.1-mirrorquad":"false",
        "B-effect.1-mirrorquad:flipx":"0",
        "B-effect.1-mirrorquad:flipy":"0",
        "B-effect.1-posterize":"false",
        "B-effect.1-posterize:posterize":"0.404000",
        "B-effect.1-trails":"true",
        "B-effect.1-trails:feedback":"0.550000",
        "B-effect.1-twisted":"false",
        "B-effect.1-twisted:radius":"0.947000",
        "B-effect.1-twisted:twirl":"0.561000",
        "B-effect.2-blur":"true",
        "B-effect.2-blur:blurxdistance":"0.091000",
        "B-effect.2-blur:blurydistance":"0.719000",
        "B-effect.2-blur:gaussian":"0.447000",
        "B-effect.2-blur:quality":"0.607000",
        "B-effect.2-displace":"true",
        "B-effect.2-displace:threshold":"0.220000",
        "B-effect.2-displace:xfactor":"0.271000",
        "B-effect.2-displace:yfactor":"0.088000",
        "B-effect.2-edgedetection":"false",
        "B-effect.2-edgedetection:mode":"0.890000",
        "B-effect.2-edgedetection:multiplier":"0.384000",
        "B-effect.2-fragment":"false",
        "B-effect.2-fragment:distance":"0.528000",
        "B-effect.2-fragment:fragments":"0.892000",
        "B-effect.2-fragment:fragrotationx":"0.041000",
        "B-effect.2-fragment:fragrotationy":"0.702000",
        "B-effect.2-fragment:fragrotationz":"0.102000",
        "B-effect.2-fragment:fragscale":"0.870000",
        "B-effect.2-fragment:rotation":"0.225000",
        "B-effect.2-goo":"false",
        "B-effect.2-goo:maxdistortionx":"1.000000",
        "B-effect.2-goo:maxdistortiony":"1.000000",
        "B-effect.2-goo:maxdistortionz":"1.000000",
        "B-effect.2-goo:resolution":"16",
        "B-effect.2-goo:shade":"1.000000",
        "B-effect.2-goo:speed":"0.150000",
        "B-effect.2-huerotate":"false",
        "B-effect.2-huerotate:huerotate":"0.680000",
        "B-effect.2-huerotate:huescale":"0.166000",
        "B-effect.2-huerotate:satscale":"0.081000",
        "B-effect.2-kaleidoscope":"false",
        "B-effect.2-kaleidoscope:angles":"0.300000",
        "B-effect.2-kaleidoscope:inputrotation":"0.500000",
        "B-effect.2-kaleidoscope:opacity":"1.000000",
        "B-effect.2-kaleidoscope:rotation":"0.000000",
        "B-effect.2-kaleidoscope:zoom":"0.580000",
        "B-effect.2-mirror":"false",
        "B-effect.2-mirror:flipx":"0",
        "B-effect.2-mirror:flipy":"0",
        "B-effect.2-mirror:in/out":"0.426000",
        "B-effect.2-mirror:x":"0.500000",
        "B-effect.2-mirror:y":"0.500000",
        "B-effect.2-mirrorquad":"false",
        "B-effect.2-mirrorquad:flipx":"1",
        "B-effect.2-mirrorquad:flipy":"1",
        "B-effect.2-posterize":"false",
        "B-effect.2-posterize:posterize":"0.119000",
        "B-effect.2-trails":"true",
        "B-effect.2-trails:feedback":"0.550000",
        "B-effect.2-twisted":"false",
        "B-effect.2-twisted:radius":"0.940000",
        "B-effect.2-twisted:twirl":"0.813000",
        "B-sound.chromatic":"false",
        "B-sound.controllerstyle":"modulationonly",
        "B-sound.midifile":"jsbach",
        "B-sound.pitchmax":"80",
        "B-sound.pitchmin":"33",
        "B-sound.synth":"P_06_C_01",
        "B-sound.velocitymax":"91",
        "B-sound.velocitymin":"31",
        "B-sound.xcontroller":"3",
        "B-sound.ycontroller":"2",
        "B-sound.zcontroller":"1",
        "B-visual.alphafinal":"0.000000",
        "B-visual.alphainitial":"0.800000",
        "B-visual.alphatime":"3.506000",
        "B-visual.aspect":"0.500000",
        "B-visual.bounce":"false",
        "B-visual.cursorsprites":"false",
        "B-visual.filled":"true",
        "B-visual.gravity":"0",
        "B-visual.hue1final":"180.000000",
        "B-visual.hue1initial":"180.000000",
        "B-visual.hue1time":"5.000000",
        "B-visual.hue2final":"180.000000",
        "B-visual.hue2initial":"180.000000",
        "B-visual.hue2time":"5.000000",
        "B-visual.justification":"center",
        "B-visual.lifetime":"10.000000",
        "B-visual.luminance":"1.000000",
        "B-visual.mirrortype":"none",
        "B-visual.movedir":"updown",
        "B-visual.noisevertex":"0.000000",
        "B-visual.noisevertexx":"0.000000",
        "B-visual.noisevertexy":"0.000000",
        "B-visual.nsprites":"1181",
        "B-visual.placement":"cursor",
        "B-visual.rotangdir":"left",
        "B-visual.rotanginit":"0.000000",
        "B-visual.rotangspeed":"0.000000",
        "B-visual.rotauto":"false",
        "B-visual.saturation":"0.000000",
        "B-visual.shape":"circle",
        "B-visual.sizefinal":"0.300000",
        "B-visual.sizeinitial":"1.009000",
        "B-visual.sizetime":"3.307000",
        "B-visual.smoothxyz":"4",
        "B-visual.speed":"0.210000",
        "B-visual.spritesource":"cursor",
        "B-visual.thickness":"4.900000",
        "B-visual.zmin":"0.100000",
        "C-effect.1-blur":"false",
        "C-effect.1-blur:blurxdistance":"0.448000",
        "C-effect.1-blur:blurydistance":"0.682000",
        "C-effect.1-blur:gaussian":"0.948000",
        "C-effect.1-blur:quality":"0.914000",
        "C-effect.1-displace":"false",
        "C-effect.1-displace:threshold":"0.221000",
        "C-effect.1-displace:xfactor":"0.960000",
        "C-effect.1-displace:yfactor":"0.748000",
        "C-effect.1-edgedetection":"false",
        "C-effect.1-edgedetection:mode":"0.650000",
        "C-effect.1-edgedetection:multiplier":"0.463000",
        "C-effect.1-fragment":"false",
        "C-effect.1-fragment:distance":"0.839000",
        "C-effect.1-fragment:fragments":"0.876000",
        "C-effect.1-fragment:fragrotationx":"0.078000",
        "C-effect.1-fragment:fragrotationy":"0.377000",
        "C-effect.1-fragment:fragrotationz":"0.848000",
        "C-effect.1-fragment:fragscale":"0.253000",
        "C-effect.1-fragment:rotation":"0.588000",
        "C-effect.1-goo":"false",
        "C-effect.1-goo:maxdistortionx":"1.000000",
        "C-effect.1-goo:maxdistortiony":"1.000000",
        "C-effect.1-goo:maxdistortionz":"1.000000",
        "C-effect.1-goo:resolution":"16",
        "C-effect.1-goo:shade":"1.000000",
        "C-effect.1-goo:speed":"0.150000",
        "C-effect.1-huerotate":"false",
        "C-effect.1-huerotate:huerotate":"0.787000",
        "C-effect.1-huerotate:huescale":"0.849000",
        "C-effect.1-huerotate:satscale":"0.445000",
        "C-effect.1-kaleidoscope":"false",
        "C-effect.1-kaleidoscope:angles":"0.300000",
        "C-effect.1-kaleidoscope:inputrotation":"0.500000",
        "C-effect.1-kaleidoscope:opacity":"1.000000",
        "C-effect.1-kaleidoscope:rotation":"0.000000",
        "C-effect.1-kaleidoscope:zoom":"0.580000",
        "C-effect.1-mirror":"false",
        "C-effect.1-mirror:flipx":"0",
        "C-effect.1-mirror:flipy":"0",
        "C-effect.1-mirror:in/out":"0.233000",
        "C-effect.1-mirror:x":"0.500000",
        "C-effect.1-mirror:y":"0.500000",
        "C-effect.1-mirrorquad":"false",
        "C-effect.1-mirrorquad:flipx":"0",
        "C-effect.1-mirrorquad:flipy":"0",
        "C-effect.1-posterize":"false",
        "C-effect.1-posterize:posterize":"0.404000",
        "C-effect.1-trails":"true",
        "C-effect.1-trails:feedback":"0.550000",
        "C-effect.1-twisted":"false",
        "C-effect.1-twisted:radius":"0.947000",
        "C-effect.1-twisted:twirl":"0.561000",
        "C-effect.2-blur":"true",
        "C-effect.2-blur:blurxdistance":"0.091000",
        "C-effect.2-blur:blurydistance":"0.719000",
        "C-effect.2-blur:gaussian":"0.447000",
        "C-effect.2-blur:quality":"0.607000",
        "C-effect.2-displace":"true",
        "C-effect.2-displace:threshold":"0.220000",
        "C-effect.2-displace:xfactor":"0.271000",
        "C-effect.2-displace:yfactor":"0.088000",
        "C-effect.2-edgedetection":"false",
        "C-effect.2-edgedetection:mode":"0.890000",
        "C-effect.2-edgedetection:multiplier":"0.384000",
        "C-effect.2-fragment":"false",
        "C-effect.2-fragment:distance":"0.528000",
        "C-effect.2-fragment:fragments":"0.892000",
        "C-effect.2-fragment:fragrotationx":"0.041000",
        "C-effect.2-fragment:fragrotationy":"0.702000",
        "C-effect.2-fragment:fragrotationz":"0.102000",
        "C-effect.2-fragment:fragscale":"0.870000",
        "C-effect.2-fragment:rotation":"0.225000",
        "C-effect.2-goo":"false",
        "C-effect.2-goo:maxdistortionx":"1.000000",
        "C-effect.2-goo:maxdistortiony":"1.000000",
        "C-effect.2-goo:maxdistortionz":"1.000000",
        "C-effect.2-goo:resolution":"16",
        "C-effect.2-goo:shade":"1.000000",
        "C-effect.2-goo:speed":"0.150000",
        "C-effect.2-huerotate":"false",
        "C-effect.2-huerotate:huerotate":"0.680000",
        "C-effect.2-huerotate:huescale":"0.166000",
        "C-effect.2-huerotate:satscale":"0.081000",
        "C-effect.2-kaleidoscope":"false",
        "C-effect.2-kaleidoscope:angles":"0.300000",
        "C-effect.2-kaleidoscope:inputrotation":"0.500000",
        "C-effect.2-kaleidoscope:opacity":"1.000000",
        "C-effect.2-kaleidoscope:rotation":"0.000000",
        "C-effect.2-kaleidoscope:zoom":"0.580000",
        "C-effect.2-mirror":"false",
        "C-effect.2-mirror:flipx":"0",
        "C-effect.2-mirror:flipy":"0",
        "C-effect.2-mirror:in/out":"0.426000",
        "C-effect.2-mirror:x":"0.500000",
        "C-effect.2-mirror:y":"0.500000",
        "C-effect.2-mirrorquad":"false",
        "C-effect.2-mirrorquad:flipx":"1",
        "C-effect.2-mirrorquad:flipy":"1",
        "C-effect.2-posterize":"false",
        "C-effect.2-posterize:posterize":"0.119000",
        "C-effect.2-trails":"true",
        "C-effect.2-trails:feedback":"0.550000",
        "C-effect.2-twisted":"false",
        "C-effect.2-twisted:radius":"0.940000",
        "C-effect.2-twisted:twirl":"0.813000",
        "C-sound.chromatic":"false",
        "C-sound.controllerstyle":"modulationonly",
        "C-sound.midifile":"jsbach",
        "C-sound.pitchmax":"80",
        "C-sound.pitchmin":"33",
        "C-sound.synth":"P_06_C_05",
        "C-sound.velocitymax":"91",
        "C-sound.velocitymin":"31",
        "C-sound.xcontroller":"3",
        "C-sound.ycontroller":"2",
        "C-sound.zcontroller":"1",
        "C-visual.alphafinal":"0.000000",
        "C-visual.alphainitial":"0.800000",
        "C-visual.alphatime":"3.506000",
        "C-visual.aspect":"0.500000",
        "C-visual.bounce":"false",
        "C-visual.cursorsprites":"false",
        "C-visual.filled":"true",
        "C-visual.gravity":"0",
        "C-visual.hue1final":"180.000000",
        "C-visual.hue1initial":"180.000000",
        "C-visual.hue1time":"5.000000",
        "C-visual.hue2final":"180.000000",
        "C-visual.hue2initial":"180.000000",
        "C-visual.hue2time":"5.000000",
        "C-visual.justification":"center",
        "C-visual.lifetime":"10.000000",
        "C-visual.luminance":"1.000000",
        "C-visual.mirrortype":"none",
        "C-visual.movedir":"leftright",
        "C-visual.noisevertex":"0.000000",
        "C-visual.noisevertexx":"0.000000",
        "C-visual.noisevertexy":"0.000000",
        "C-visual.nsprites":"1181",
        "C-visual.placement":"cursor",
        "C-visual.rotangdir":"left",
        "C-visual.rotanginit":"0.000000",
        "C-visual.rotangspeed":"0.000000",
        "C-visual.rotauto":"false",
        "C-visual.saturation":"0.000000",
        "C-visual.shape":"circle",
        "C-visual.sizefinal":"0.300000",
        "C-visual.sizeinitial":"1.009000",
        "C-visual.sizetime":"3.307000",
        "C-visual.smoothxyz":"4",
        "C-visual.speed":"0.200000",
        "C-visual.spritesource":"cursor",
        "C-visual.thickness":"4.900000",
        "C-visual.zmin":"0.100000",
        "D-effect.1-blur":"false",
        "D-effect.1-blur:blurxdistance":"0.448000",
        "D-effect.1-blur:blurydistance":"0.682000",
        "D-effect.1-blur:gaussian":"0.948000",
        "D-effect.1-blur:quality":"0.914000",
        "D-effect.1-displace":"false",
        "D-effect.1-displace:threshold":"0.221000",
        "D-effect.1-displace:xfactor":"0.960000",
        "D-effect.1-displace:yfactor":"0.748000",
        "D-effect.1-edgedetection":"false",
        "D-effect.1-edgedetection:mode":"0.650000",
        "D-effect.1-edgedetection:multiplier":"0.463000",
        "D-effect.1-fragment":"false",
        "D-effect.1-fragment:distance":"0.839000",
        "D-effect.1-fragment:fragments":"0.876000",
        "D-effect.1-fragment:fragrotationx":"0.078000",
        "D-effect.1-fragment:fragrotationy":"0.377000",
        "D-effect.1-fragment:fragrotationz":"0.848000",
        "D-effect.1-fragment:fragscale":"0.253000",
        "D-effect.1-fragment:rotation":"0.588000",
        "D-effect.1-goo":"false",
        "D-effect.1-goo:maxdistortionx":"1.000000",
        "D-effect.1-goo:maxdistortiony":"1.000000",
        "D-effect.1-goo:maxdistortionz":"1.000000",
        "D-effect.1-goo:resolution":"16",
        "D-effect.1-goo:shade":"1.000000",
        "D-effect.1-goo:speed":"0.150000",
        "D-effect.1-huerotate":"false",
        "D-effect.1-huerotate:huerotate":"0.787000",
        "D-effect.1-huerotate:huescale":"0.849000",
        "D-effect.1-huerotate:satscale":"0.445000",
        "D-effect.1-kaleidoscope":"false",
        "D-effect.1-kaleidoscope:angles":"0.300000",
        "D-effect.1-kaleidoscope:inputrotation":"0.500000",
        "D-effect.1-kaleidoscope:opacity":"1.000000",
        "D-effect.1-kaleidoscope:rotation":"0.000000",
        "D-effect.1-kaleidoscope:zoom":"0.580000",
        "D-effect.1-mirror":"false",
        "D-effect.1-mirror:flipx":"0",
        "D-effect.1-mirror:flipy":"0",
        "D-effect.1-mirror:in/out":"0.233000",
        "D-effect.1-mirror:x":"0.500000",
        "D-effect.1-mirror:y":"0.500000",
        "D-effect.1-mirrorquad":"false",
        "D-effect.1-mirrorquad:flipx":"0",
        "D-effect.1-mirrorquad:flipy":"0",
        "D-effect.1-posterize":"false",
        "D-effect.1-posterize:posterize":"0.404000",
        "D-effect.1-trails":"true",
        "D-effect.1-trails:feedback":"0.550000",
        "D-effect.1-twisted":"false",
        "D-effect.1-twisted:radius":"0.947000",
        "D-effect.1-twisted:twirl":"0.561000",
        "D-effect.2-blur":"true",
        "D-effect.2-blur:blurxdistance":"0.091000",
        "D-effect.2-blur:blurydistance":"0.719000",
        "D-effect.2-blur:gaussian":"0.447000",
        "D-effect.2-blur:quality":"0.607000",
        "D-effect.2-displace":"true",
        "D-effect.2-displace:threshold":"0.220000",
        "D-effect.2-displace:xfactor":"0.271000",
        "D-effect.2-displace:yfactor":"0.088000",
        "D-effect.2-edgedetection":"false",
        "D-effect.2-edgedetection:mode":"0.890000",
        "D-effect.2-edgedetection:multiplier":"0.384000",
        "D-effect.2-fragment":"false",
        "D-effect.2-fragment:distance":"0.528000",
        "D-effect.2-fragment:fragments":"0.892000",
        "D-effect.2-fragment:fragrotationx":"0.041000",
        "D-effect.2-fragment:fragrotationy":"0.702000",
        "D-effect.2-fragment:fragrotationz":"0.102000",
        "D-effect.2-fragment:fragscale":"0.870000",
        "D-effect.2-fragment:rotation":"0.225000",
        "D-effect.2-goo":"false",
        "D-effect.2-goo:maxdistortionx":"1.000000",
        "D-effect.2-goo:maxdistortiony":"1.000000",
        "D-effect.2-goo:maxdistortionz":"1.000000",
        "D-effect.2-goo:resolution":"16",
        "D-effect.2-goo:shade":"1.000000",
        "D-effect.2-goo:speed":"0.150000",
        "D-effect.2-huerotate":"false",
        "D-effect.2-huerotate:huerotate":"0.680000",
        "D-effect.2-huerotate:huescale":"0.166000",
        "D-effect.2-huerotate:satscale":"0.081000",
        "D-effect.2-kaleidoscope":"false",
        "D-effect.2-kaleidoscope:angles":"0.300000",
        "D-effect.2-kaleidoscope:inputrotation":"0.500000",
        "D-effect.2-kaleidoscope:opacity":"1.000000",
        "D-effect.2-kaleidoscope:rotation":"0.000000",
        "D-effect.2-kaleidoscope:zoom":"0.580000",
        "D-effect.2-mirror":"false",
        "D-effect.2-mirror:flipx":"0",
        "D-effect.2-mirror:flipy":"0",
        "D-effect.2-mirror:in/out":"0.426000",
        "D-effect.2-mirror:x":"0.500000",
        "D-effect.2-mirror:y":"0.500000",
        "D-effect.2-mirrorquad":"false",
        "D-effect.2-mirrorquad:flipx":"1",
        "D-effect.2-mirrorquad:flipy":"1",
        "D-effect.2-posterize":"false",
        "D-effect.2-posterize:posterize":"0.119000",
        "D-effect.2-trails":"true",
        "D-effect.2-trails:feedback":"0.550000",
        "D-effect.2-twisted":"false",
        "D-effect.2-twisted:radius":"0.940000",
        "D-effect.2-twisted:twirl":"0.813000",
        "D-sound.chromatic":"false",
        "D-sound.controllerstyle":"modulationonly",
        "D-sound.midifile":"jsbach",
        "D-sound.pitchmax":"69",
        "D-sound.pitchmin":"33",
        "D-sound.synth":"P_02_C_01",
        "D-sound.velocitymax":"127",
        "D-sound.velocitymin":"45",
        "D-sound.xcontroller":"3",
        "D-sound.ycontroller":"2",
        "D-sound.zcontroller":"1",
        "D-visual.alphafinal":"0.000000",
        "D-visual.alphainitial":"1.000000",
        "D-visual.alphatime":"2.886000",
        "D-visual.aspect":"0.500000",
        "D-visual.bounce":"false",
        "D-visual.cursorsprites":"false",
        "D-visual.filled":"true",
        "D-visual.gravity":"0",
        "D-visual.hue1final":"0.000000",
        "D-visual.hue1initial":"46.799999",
        "D-visual.hue1time":"2.501000",
        "D-visual.hue2final":"0.000000",
        "D-visual.hue2initial":"28.799999",
        "D-visual.hue2time":"2.008000",
        "D-visual.justification":"center",
        "D-visual.lifetime":"10.000000",
        "D-visual.luminance":"0.500000",
        "D-visual.mirrortype":"none",
        "D-visual.movedir":"random",
        "D-visual.noisevertex":"0.000000",
        "D-visual.noisevertexx":"0.000000",
        "D-visual.noisevertexy":"0.000000",
        "D-visual.nsprites":"100",
        "D-visual.placement":"cursor",
        "D-visual.rotangdir":"left",
        "D-visual.rotanginit":"0.000000",
        "D-visual.rotangspeed":"120.000000",
        "D-visual.rotauto":"false",
        "D-visual.saturation":"1.000000",
        "D-visual.shape":"square",
        "D-visual.sizefinal":"0.300000",
        "D-visual.sizeinitial":"1.009000",
        "D-visual.sizetime":"7.777000",
        "D-visual.smoothxyz":"2",
        "D-visual.speed":"0.170000",
        "D-visual.spritesource":"cursor",
        "D-visual.thickness":"4.900000",
        "D-visual.zmin":"0.100000"
    }
}