{
    "params":{
        "A-effect.1-blur":"true",
        "A-effect.1-blur:blurxdistance":"0.187",
        "A-effect.1-blur:blurydistance":"0.030",
        "A-effect.1-blur:gaussian":"0.714",
        "A-effect.1-blur:quality":"0.627",
        "A-effect.1-displace":"true",
        "A-effect.1-displace:threshold":"0.049",
        "A-effect.1-displace:xfactor":"0.187",
        "A-effect.1-displace:yfactor":"0.689",
        "A-effect.1-edgedetection":"false",
        "A-effect.1-edgedetection:mode":"0.601",
        "A-effect.1-edgedetection:multiplier":"1.000",
        "A-effect.1-fragment":"false",
        "A-effect.1-fragment:distance":"0.727",
        "A-effect.1-fragment:fragments":"0.248",
        "A-effect.1-fragment:fragrotationx":"0.537",
        "A-effect.1-fragment:fragrotationy":"0.700",
        "A-effect.1-fragment:fragrotationz":"0.359",
        "A-effect.1-fragment:fragscale":"1.000",
        "A-effect.1-fragment:rotation":"0.618",
        "A-effect.1-huerotate":"false",
        "A-effect.1-huerotate:huerotate":"0.967",
        "A-effect.1-huerotate:huescale":"0.243",
        "A-effect.1-huerotate:satscale":"0.792",
        "A-effect.1-kaleidoscope":"false",
        "A-effect.1-kaleidoscope:angles":"0.979",
        "A-effect.1-kaleidoscope:inputrotation":"0.280",
        "A-effect.1-kaleidoscope:opacity":"1.000",
        "A-effect.1-kaleidoscope:rotation":"0.209",
        "A-effect.1-kaleidoscope:zoom":"0.897",
        "A-effect.1-mirror":"false",
        "A-effect.1-mirror:flipx":"1",
        "A-effect.1-mirror:flipy":"0",
        "A-effect.1-mirror:in/out":"0.054",
        "A-effect.1-mirror:x":"0.500",
        "A-effect.1-mirror:y":"0.500",
        "A-effect.1-mirrorquad":"false",
        "A-effect.1-mirrorquad:flipx":"0",
        "A-effect.1-mirrorquad:flipy":"0",
        "A-effect.1-posterize":"true",
        "A-effect.1-posterize:posterize":"0.056",
        "A-effect.1-trails":"false",
        "A-effect.1-trails:feedback":"0.550",
        "A-effect.1-twisted":"false",
        "A-effect.1-twisted:radius":"0.821",
        "A-effect.1-twisted:twirl":"0.538",
        "A-effect.2-blur":"false",
        "A-effect.2-blur:blurxdistance":"0.201",
        "A-effect.2-blur:blurydistance":"0.062",
        "A-effect.2-blur:gaussian":"0.596",
        "A-effect.2-blur:quality":"0.094",
        "A-effect.2-displace":"false",
        "A-effect.2-displace:threshold":"0.083",
        "A-effect.2-displace:xfactor":"0.000",
        "A-effect.2-displace:yfactor":"0.245",
        "A-effect.2-edgedetection":"true",
        "A-effect.2-edgedetection:mode":"0.676",
        "A-effect.2-edgedetection:multiplier":"0.316",
        "A-effect.2-fragment":"false",
        "A-effect.2-fragment:distance":"0.665",
        "A-effect.2-fragment:fragments":"0.506",
        "A-effect.2-fragment:fragrotationx":"0.669",
        "A-effect.2-fragment:fragrotationy":"0.922",
        "A-effect.2-fragment:fragrotationz":"0.544",
        "A-effect.2-fragment:fragscale":"1.000",
        "A-effect.2-fragment:rotation":"0.372",
        "A-effect.2-huerotate":"false",
        "A-effect.2-huerotate:huerotate":"0.024",
        "A-effect.2-huerotate:huescale":"0.406",
        "A-effect.2-huerotate:satscale":"0.750",
        "A-effect.2-kaleidoscope":"false",
        "A-effect.2-kaleidoscope:angles":"0.224",
        "A-effect.2-kaleidoscope:inputrotation":"0.887",
        "A-effect.2-kaleidoscope:opacity":"1.000",
        "A-effect.2-kaleidoscope:rotation":"0.056",
        "A-effect.2-kaleidoscope:zoom":"0.889",
        "A-effect.2-mirror":"false",
        "A-effect.2-mirror:flipx":"0",
        "A-effect.2-mirror:flipy":"1",
        "A-effect.2-mirror:in/out":"0.053",
        "A-effect.2-mirror:x":"0.500",
        "A-effect.2-mirror:y":"0.500",
        "A-effect.2-mirrorquad":"false",
        "A-effect.2-mirrorquad:flipx":"0",
        "A-effect.2-mirrorquad:flipy":"0",
        "A-effect.2-posterize":"false",
        "A-effect.2-posterize:posterize":"0.210",
        "A-effect.2-trails":"false",
        "A-effect.2-trails:feedback":"0.550",
        "A-effect.2-twisted":"false",
        "A-effect.2-twisted:radius":"0.386",
        "A-effect.2-twisted:twirl":"0.414",
        "A-visual.alphafinal":"0.000",
        "A-visual.alphainitial":"1.000",
        "A-visual.alphatime":"6.918",
        "A-visual.aspect":"0.498",
        "A-visual.bounce":"true",
        "A-sound.controllerstyle":"modulationonly",
        "A-visual.filled":"true",
        "A-visual.gravity":"0",
        "A-visual.hue1final":"290.983",
        "A-visual.hue1initial":"189.033",
        "A-visual.hue1time":"1.764",
        "A-visual.hue2final":"250.266",
        "A-visual.hue2initial":"177.045",
        "A-visual.hue2time":"1.725",
        "A-visual.justification":"center",
        "A-visual.lifetime":"2.772",
        "A-visual.luminance":"0.500",
        "A-sound.midifile":"jsbach",
        "A-visual.mirrortype":"vertical",
        "A-visual.movedir":"leftright",
        "A-visual.noisevertexx":"0.000",
        "A-visual.noisevertexy":"0.000",
        "A-visual.nsprites":"952",
        "A-sound.pitchmax":"80",
        "A-sound.pitchmin":"33",
        "A-visual.placement":"cursor",
        "A-visual.rotangdir":"random",
        "A-visual.rotanginit":"0.000",
        "A-visual.rotangspeed":"0.000",
        "A-visual.rotauto":"false",
        "A-visual.saturation":"0.934",
        "A-visual.shape":"square",
        "A-visual.sizefinal":"1.114",
        "A-visual.sizeinitial":"0.329",
        "A-visual.sizetime":"2.579",
        "A-visual.smoothxyz":"7",
        "A-visual.speed":"0.155",
        "A-visual.spritesource":"cursor",
        "A-sound.synth":"P_02_C_05",
        "A-visual.thickness":"9.362",
        "A-sound.velocitymax":"127",
        "A-sound.velocitymin":"1",
        "A-sound.xcontroller":"3",
        "A-sound.ycontroller":"2",
        "A-sound.zcontroller":"1",
        "A-visual.zmin":"0.004",
        "B-effect.1-blur":"true",
        "B-effect.1-blur:blurxdistance":"0.187",
        "B-effect.1-blur:blurydistance":"0.030",
        "B-effect.1-blur:gaussian":"0.714",
        "B-effect.1-blur:quality":"0.627",
        "B-effect.1-displace":"true",
        "B-effect.1-displace:threshold":"0.049",
        "B-effect.1-displace:xfactor":"0.187",
        "B-effect.1-displace:yfactor":"0.689",
        "B-effect.1-edgedetection":"false",
        "B-effect.1-edgedetection:mode":"0.601",
        "B-effect.1-edgedetection:multiplier":"1.000",
        "B-effect.1-fragment":"false",
        "B-effect.1-fragment:distance":"0.727",
        "B-effect.1-fragment:fragments":"0.248",
        "B-effect.1-fragment:fragrotationx":"0.537",
        "B-effect.1-fragment:fragrotationy":"0.700",
        "B-effect.1-fragment:fragrotationz":"0.359",
        "B-effect.1-fragment:fragscale":"1.000",
        "B-effect.1-fragment:rotation":"0.618",
        "B-effect.1-huerotate":"false",
        "B-effect.1-huerotate:huerotate":"0.967",
        "B-effect.1-huerotate:huescale":"0.243",
        "B-effect.1-huerotate:satscale":"0.792",
        "B-effect.1-kaleidoscope":"false",
        "B-effect.1-kaleidoscope:angles":"0.979",
        "B-effect.1-kaleidoscope:inputrotation":"0.280",
        "B-effect.1-kaleidoscope:opacity":"1.000",
        "B-effect.1-kaleidoscope:rotation":"0.209",
        "B-effect.1-kaleidoscope:zoom":"0.897",
        "B-effect.1-mirror":"false",
        "B-effect.1-mirror:flipx":"1",
        "B-effect.1-mirror:flipy":"0",
        "B-effect.1-mirror:in/out":"0.054",
        "B-effect.1-mirror:x":"0.500",
        "B-effect.1-mirror:y":"0.500",
        "B-effect.1-mirrorquad":"false",
        "B-effect.1-mirrorquad:flipx":"0",
        "B-effect.1-mirrorquad:flipy":"0",
        "B-effect.1-posterize":"true",
        "B-effect.1-posterize:posterize":"0.056",
        "B-effect.1-trails":"false",
        "B-effect.1-trails:feedback":"0.550",
        "B-effect.1-twisted":"false",
        "B-effect.1-twisted:radius":"0.821",
        "B-effect.1-twisted:twirl":"0.538",
        "B-effect.2-blur":"false",
        "B-effect.2-blur:blurxdistance":"0.201",
        "B-effect.2-blur:blurydistance":"0.062",
        "B-effect.2-blur:gaussian":"0.596",
        "B-effect.2-blur:quality":"0.094",
        "B-effect.2-displace":"false",
        "B-effect.2-displace:threshold":"0.083",
        "B-effect.2-displace:xfactor":"0.000",
        "B-effect.2-displace:yfactor":"0.245",
        "B-effect.2-edgedetection":"true",
        "B-effect.2-edgedetection:mode":"0.676",
        "B-effect.2-edgedetection:multiplier":"0.316",
        "B-effect.2-fragment":"false",
        "B-effect.2-fragment:distance":"0.665",
        "B-effect.2-fragment:fragments":"0.506",
        "B-effect.2-fragment:fragrotationx":"0.669",
        "B-effect.2-fragment:fragrotationy":"0.922",
        "B-effect.2-fragment:fragrotationz":"0.544",
        "B-effect.2-fragment:fragscale":"1.000",
        "B-effect.2-fragment:rotation":"0.372",
        "B-effect.2-huerotate":"false",
        "B-effect.2-huerotate:huerotate":"0.024",
        "B-effect.2-huerotate:huescale":"0.406",
        "B-effect.2-huerotate:satscale":"0.750",
        "B-effect.2-kaleidoscope":"false",
        "B-effect.2-kaleidoscope:angles":"0.224",
        "B-effect.2-kaleidoscope:inputrotation":"0.887",
        "B-effect.2-kaleidoscope:opacity":"1.000",
        "B-effect.2-kaleidoscope:rotation":"0.056",
        "B-effect.2-kaleidoscope:zoom":"0.889",
        "B-effect.2-mirror":"false",
        "B-effect.2-mirror:flipx":"0",
        "B-effect.2-mirror:flipy":"1",
        "B-effect.2-mirror:in/out":"0.053",
        "B-effect.2-mirror:x":"0.500",
        "B-effect.2-mirror:y":"0.500",
        "B-effect.2-mirrorquad":"false",
        "B-effect.2-mirrorquad:flipx":"0",
        "B-effect.2-mirrorquad:flipy":"0",
        "B-effect.2-posterize":"false",
        "B-effect.2-posterize:posterize":"0.210",
        "B-effect.2-trails":"false",
        "B-effect.2-trails:feedback":"0.550",
        "B-effect.2-twisted":"false",
        "B-effect.2-twisted:radius":"0.386",
        "B-effect.2-twisted:twirl":"0.414",
        "B-visual.alphafinal":"0.000",
        "B-visual.alphainitial":"1.000",
        "B-visual.alphatime":"6.918",
        "B-visual.aspect":"0.498",
        "B-visual.bounce":"true",
        "B-sound.controllerstyle":"modulationonly",
        "B-visual.filled":"true",
        "B-visual.gravity":"0",
        "B-visual.hue1final":"290.983",
        "B-visual.hue1initial":"189.033",
        "B-visual.hue1time":"1.764",
        "B-visual.hue2final":"250.266",
        "B-visual.hue2initial":"177.045",
        "B-visual.hue2time":"1.725",
        "B-visual.justification":"center",
        "B-visual.lifetime":"2.772",
        "B-visual.luminance":"0.500",
        "B-sound.midifile":"jsbach",
        "B-visual.mirrortype":"vertical",
        "B-visual.movedir":"leftright",
        "B-visual.noisevertexx":"0.000",
        "B-visual.noisevertexy":"0.000",
        "B-visual.nsprites":"952",
        "B-sound.pitchmax":"80",
        "B-sound.pitchmin":"33",
        "B-visual.placement":"cursor",
        "B-visual.rotangdir":"random",
        "B-visual.rotanginit":"0.000",
        "B-visual.rotangspeed":"0.000",
        "B-visual.rotauto":"false",
        "B-visual.saturation":"0.934",
        "B-visual.shape":"square",
        "B-visual.sizefinal":"1.114",
        "B-visual.sizeinitial":"0.329",
        "B-visual.sizetime":"2.579",
        "B-visual.smoothxyz":"7",
        "B-visual.speed":"0.155",
        "B-visual.spritesource":"cursor",
        "B-sound.synth":"P_06_C_06",
        "B-visual.thickness":"9.362",
        "B-sound.velocitymax":"127",
        "B-sound.velocitymin":"1",
        "B-sound.xcontroller":"3",
        "B-sound.ycontroller":"2",
        "B-sound.zcontroller":"1",
        "B-visual.zmin":"0.004",
        "C-effect.1-blur":"true",
        "C-effect.1-blur:blurxdistance":"0.187",
        "C-effect.1-blur:blurydistance":"0.030",
        "C-effect.1-blur:gaussian":"0.714",
        "C-effect.1-blur:quality":"0.627",
        "C-effect.1-displace":"true",
        "C-effect.1-displace:threshold":"0.049",
        "C-effect.1-displace:xfactor":"0.187",
        "C-effect.1-displace:yfactor":"0.689",
        "C-effect.1-edgedetection":"false",
        "C-effect.1-edgedetection:mode":"0.601",
        "C-effect.1-edgedetection:multiplier":"1.000",
        "C-effect.1-fragment":"false",
        "C-effect.1-fragment:distance":"0.727",
        "C-effect.1-fragment:fragments":"0.248",
        "C-effect.1-fragment:fragrotationx":"0.537",
        "C-effect.1-fragment:fragrotationy":"0.700",
        "C-effect.1-fragment:fragrotationz":"0.359",
        "C-effect.1-fragment:fragscale":"1.000",
        "C-effect.1-fragment:rotation":"0.618",
        "C-effect.1-huerotate":"false",
        "C-effect.1-huerotate:huerotate":"0.967",
        "C-effect.1-huerotate:huescale":"0.243",
        "C-effect.1-huerotate:satscale":"0.792",
        "C-effect.1-kaleidoscope":"false",
        "C-effect.1-kaleidoscope:angles":"0.979",
        "C-effect.1-kaleidoscope:inputrotation":"0.280",
        "C-effect.1-kaleidoscope:opacity":"1.000",
        "C-effect.1-kaleidoscope:rotation":"0.209",
        "C-effect.1-kaleidoscope:zoom":"0.897",
        "C-effect.1-mirror":"false",
        "C-effect.1-mirror:flipx":"1",
        "C-effect.1-mirror:flipy":"0",
        "C-effect.1-mirror:in/out":"0.054",
        "C-effect.1-mirror:x":"0.500",
        "C-effect.1-mirror:y":"0.500",
        "C-effect.1-mirrorquad":"false",
        "C-effect.1-mirrorquad:flipx":"0",
        "C-effect.1-mirrorquad:flipy":"0",
        "C-effect.1-posterize":"true",
        "C-effect.1-posterize:posterize":"0.056",
        "C-effect.1-trails":"false",
        "C-effect.1-trails:feedback":"0.550",
        "C-effect.1-twisted":"false",
        "C-effect.1-twisted:radius":"0.821",
        "C-effect.1-twisted:twirl":"0.538",
        "C-effect.2-blur":"false",
        "C-effect.2-blur:blurxdistance":"0.201",
        "C-effect.2-blur:blurydistance":"0.062",
        "C-effect.2-blur:gaussian":"0.596",
        "C-effect.2-blur:quality":"0.094",
        "C-effect.2-displace":"false",
        "C-effect.2-displace:threshold":"0.083",
        "C-effect.2-displace:xfactor":"0.000",
        "C-effect.2-displace:yfactor":"0.245",
        "C-effect.2-edgedetection":"true",
        "C-effect.2-edgedetection:mode":"0.676",
        "C-effect.2-edgedetection:multiplier":"0.316",
        "C-effect.2-fragment":"false",
        "C-effect.2-fragment:distance":"0.665",
        "C-effect.2-fragment:fragments":"0.506",
        "C-effect.2-fragment:fragrotationx":"0.669",
        "C-effect.2-fragment:fragrotationy":"0.922",
        "C-effect.2-fragment:fragrotationz":"0.544",
        "C-effect.2-fragment:fragscale":"1.000",
        "C-effect.2-fragment:rotation":"0.372",
        "C-effect.2-huerotate":"false",
        "C-effect.2-huerotate:huerotate":"0.024",
        "C-effect.2-huerotate:huescale":"0.406",
        "C-effect.2-huerotate:satscale":"0.750",
        "C-effect.2-kaleidoscope":"false",
        "C-effect.2-kaleidoscope:angles":"0.224",
        "C-effect.2-kaleidoscope:inputrotation":"0.887",
        "C-effect.2-kaleidoscope:opacity":"1.000",
        "C-effect.2-kaleidoscope:rotation":"0.056",
        "C-effect.2-kaleidoscope:zoom":"0.889",
        "C-effect.2-mirror":"false",
        "C-effect.2-mirror:flipx":"0",
        "C-effect.2-mirror:flipy":"1",
        "C-effect.2-mirror:in/out":"0.053",
        "C-effect.2-mirror:x":"0.500",
        "C-effect.2-mirror:y":"0.500",
        "C-effect.2-mirrorquad":"false",
        "C-effect.2-mirrorquad:flipx":"0",
        "C-effect.2-mirrorquad:flipy":"0",
        "C-effect.2-posterize":"false",
        "C-effect.2-posterize:posterize":"0.210",
        "C-effect.2-trails":"false",
        "C-effect.2-trails:feedback":"0.550",
        "C-effect.2-twisted":"false",
        "C-effect.2-twisted:radius":"0.386",
        "C-effect.2-twisted:twirl":"0.414",
        "C-visual.alphafinal":"0.000",
        "C-visual.alphainitial":"1.000",
        "C-visual.alphatime":"6.918",
        "C-visual.aspect":"0.498",
        "C-visual.bounce":"true",
        "C-sound.controllerstyle":"modulationonly",
        "C-visual.filled":"true",
        "C-visual.gravity":"0",
        "C-visual.hue1final":"290.983",
        "C-visual.hue1initial":"189.033",
        "C-visual.hue1time":"1.764",
        "C-visual.hue2final":"250.266",
        "C-visual.hue2initial":"177.045",
        "C-visual.hue2time":"1.725",
        "C-visual.justification":"center",
        "C-visual.lifetime":"2.772",
        "C-visual.luminance":"0.500",
        "C-sound.midifile":"jsbach",
        "C-visual.mirrortype":"vertical",
        "C-visual.movedir":"leftright",
        "C-visual.noisevertexx":"0.000",
        "C-visual.noisevertexy":"0.000",
        "C-visual.nsprites":"952",
        "C-sound.pitchmax":"80",
        "C-sound.pitchmin":"33",
        "C-visual.placement":"cursor",
        "C-visual.rotangdir":"random",
        "C-visual.rotanginit":"0.000",
        "C-visual.rotangspeed":"0.000",
        "C-visual.rotauto":"false",
        "C-visual.saturation":"0.934",
        "C-visual.shape":"square",
        "C-visual.sizefinal":"1.114",
        "C-visual.sizeinitial":"0.329",
        "C-visual.sizetime":"2.579",
        "C-visual.smoothxyz":"7",
        "C-visual.speed":"0.155",
        "C-visual.spritesource":"cursor",
        "C-sound.synth":"P_04_C_01",
        "C-visual.thickness":"9.362",
        "C-sound.velocitymax":"127",
        "C-sound.velocitymin":"1",
        "C-sound.xcontroller":"3",
        "C-sound.ycontroller":"2",
        "C-sound.zcontroller":"1",
        "C-visual.zmin":"0.004",
        "D-effect.1-blur":"true",
        "D-effect.1-blur:blurxdistance":"0.187",
        "D-effect.1-blur:blurydistance":"0.030",
        "D-effect.1-blur:gaussian":"0.714",
        "D-effect.1-blur:quality":"0.627",
        "D-effect.1-displace":"true",
        "D-effect.1-displace:threshold":"0.049",
        "D-effect.1-displace:xfactor":"0.187",
        "D-effect.1-displace:yfactor":"0.689",
        "D-effect.1-edgedetection":"false",
        "D-effect.1-edgedetection:mode":"0.601",
        "D-effect.1-edgedetection:multiplier":"1.000",
        "D-effect.1-fragment":"false",
        "D-effect.1-fragment:distance":"0.727",
        "D-effect.1-fragment:fragments":"0.248",
        "D-effect.1-fragment:fragrotationx":"0.537",
        "D-effect.1-fragment:fragrotationy":"0.700",
        "D-effect.1-fragment:fragrotationz":"0.359",
        "D-effect.1-fragment:fragscale":"1.000",
        "D-effect.1-fragment:rotation":"0.618",
        "D-effect.1-huerotate":"false",
        "D-effect.1-huerotate:huerotate":"0.967",
        "D-effect.1-huerotate:huescale":"0.243",
        "D-effect.1-huerotate:satscale":"0.792",
        "D-effect.1-kaleidoscope":"false",
        "D-effect.1-kaleidoscope:angles":"0.979",
        "D-effect.1-kaleidoscope:inputrotation":"0.280",
        "D-effect.1-kaleidoscope:opacity":"1.000",
        "D-effect.1-kaleidoscope:rotation":"0.209",
        "D-effect.1-kaleidoscope:zoom":"0.897",
        "D-effect.1-mirror":"false",
        "D-effect.1-mirror:flipx":"1",
        "D-effect.1-mirror:flipy":"0",
        "D-effect.1-mirror:in/out":"0.054",
        "D-effect.1-mirror:x":"0.500",
        "D-effect.1-mirror:y":"0.500",
        "D-effect.1-mirrorquad":"false",
        "D-effect.1-mirrorquad:flipx":"0",
        "D-effect.1-mirrorquad:flipy":"0",
        "D-effect.1-posterize":"true",
        "D-effect.1-posterize:posterize":"0.056",
        "D-effect.1-trails":"false",
        "D-effect.1-trails:feedback":"0.550",
        "D-effect.1-twisted":"false",
        "D-effect.1-twisted:radius":"0.821",
        "D-effect.1-twisted:twirl":"0.538",
        "D-effect.2-blur":"false",
        "D-effect.2-blur:blurxdistance":"0.201",
        "D-effect.2-blur:blurydistance":"0.062",
        "D-effect.2-blur:gaussian":"0.596",
        "D-effect.2-blur:quality":"0.094",
        "D-effect.2-displace":"false",
        "D-effect.2-displace:threshold":"0.083",
        "D-effect.2-displace:xfactor":"0.000",
        "D-effect.2-displace:yfactor":"0.245",
        "D-effect.2-edgedetection":"true",
        "D-effect.2-edgedetection:mode":"0.676",
        "D-effect.2-edgedetection:multiplier":"0.316",
        "D-effect.2-fragment":"false",
        "D-effect.2-fragment:distance":"0.665",
        "D-effect.2-fragment:fragments":"0.506",
        "D-effect.2-fragment:fragrotationx":"0.669",
        "D-effect.2-fragment:fragrotationy":"0.922",
        "D-effect.2-fragment:fragrotationz":"0.544",
        "D-effect.2-fragment:fragscale":"1.000",
        "D-effect.2-fragment:rotation":"0.372",
        "D-effect.2-huerotate":"false",
        "D-effect.2-huerotate:huerotate":"0.024",
        "D-effect.2-huerotate:huescale":"0.406",
        "D-effect.2-huerotate:satscale":"0.750",
        "D-effect.2-kaleidoscope":"false",
        "D-effect.2-kaleidoscope:angles":"0.224",
        "D-effect.2-kaleidoscope:inputrotation":"0.887",
        "D-effect.2-kaleidoscope:opacity":"1.000",
        "D-effect.2-kaleidoscope:rotation":"0.056",
        "D-effect.2-kaleidoscope:zoom":"0.889",
        "D-effect.2-mirror":"false",
        "D-effect.2-mirror:flipx":"0",
        "D-effect.2-mirror:flipy":"1",
        "D-effect.2-mirror:in/out":"0.053",
        "D-effect.2-mirror:x":"0.500",
        "D-effect.2-mirror:y":"0.500",
        "D-effect.2-mirrorquad":"false",
        "D-effect.2-mirrorquad:flipx":"0",
        "D-effect.2-mirrorquad:flipy":"0",
        "D-effect.2-posterize":"false",
        "D-effect.2-posterize:posterize":"0.210",
        "D-effect.2-trails":"false",
        "D-effect.2-trails:feedback":"0.550",
        "D-effect.2-twisted":"false",
        "D-effect.2-twisted:radius":"0.386",
        "D-effect.2-twisted:twirl":"0.414",
        "D-visual.alphafinal":"0.000",
        "D-visual.alphainitial":"1.000",
        "D-visual.alphatime":"6.918",
        "D-visual.aspect":"0.498",
        "D-visual.bounce":"true",
        "D-sound.controllerstyle":"modulationonly",
        "D-visual.filled":"true",
        "D-visual.gravity":"0",
        "D-visual.hue1final":"290.983",
        "D-visual.hue1initial":"189.033",
        "D-visual.hue1time":"1.764",
        "D-visual.hue2final":"250.266",
        "D-visual.hue2initial":"177.045",
        "D-visual.hue2time":"1.725",
        "D-visual.justification":"center",
        "D-visual.lifetime":"2.772",
        "D-visual.luminance":"0.500",
        "D-sound.midifile":"jsbach",
        "D-visual.mirrortype":"vertical",
        "D-visual.movedir":"leftright",
        "D-visual.noisevertexx":"0.000",
        "D-visual.noisevertexy":"0.000",
        "D-visual.nsprites":"952",
        "D-sound.pitchmax":"72",
        "D-sound.pitchmin":"25",
        "D-visual.placement":"cursor",
        "D-visual.rotangdir":"random",
        "D-visual.rotanginit":"0.000",
        "D-visual.rotangspeed":"0.000",
        "D-visual.rotauto":"false",
        "D-visual.saturation":"0.934",
        "D-visual.shape":"square",
        "D-visual.sizefinal":"1.114",
        "D-visual.sizeinitial":"0.329",
        "D-visual.sizetime":"2.579",
        "D-visual.smoothxyz":"7",
        "D-visual.speed":"0.155",
        "D-visual.spritesource":"cursor",
        "D-sound.synth":"P_11_C_07",
        "D-visual.thickness":"9.362",
        "D-sound.velocitymax":"126",
        "D-sound.velocitymin":"48",
        "D-sound.xcontroller":"1",
        "D-sound.ycontroller":"1",
        "D-sound.zcontroller":"1",
        "D-visual.zmin":"0.004"
    }
}
