{
    "params":{
        "A-effect.1-blur":"false",
        "A-effect.1-blur:blurxdistance":"0.838",
        "A-effect.1-blur:blurydistance":"0.851",
        "A-effect.1-blur:gaussian":"0.859",
        "A-effect.1-blur:quality":"0.884",
        "A-effect.1-displace":"false",
        "A-effect.1-displace:threshold":"0.326",
        "A-effect.1-displace:xfactor":"0.310",
        "A-effect.1-displace:yfactor":"0.016",
        "A-effect.1-edgedetection":"false",
        "A-effect.1-edgedetection:mode":"0.600",
        "A-effect.1-edgedetection:multiplier":"0.436",
        "A-effect.1-fragment":"false",
        "A-effect.1-fragment:distance":"0.562",
        "A-effect.1-fragment:fragments":"0.460",
        "A-effect.1-fragment:fragrotationx":"0.772",
        "A-effect.1-fragment:fragrotationy":"0.097",
        "A-effect.1-fragment:fragrotationz":"0.212",
        "A-effect.1-fragment:fragscale":"1.000",
        "A-effect.1-fragment:rotation":"0.504",
        "A-effect.1-huerotate":"false",
        "A-effect.1-huerotate:huerotate":"0.288",
        "A-effect.1-huerotate:huescale":"0.408",
        "A-effect.1-huerotate:satscale":"0.995",
        "A-effect.1-kaleidoscope":"false",
        "A-effect.1-kaleidoscope:angles":"0.498",
        "A-effect.1-kaleidoscope:inputrotation":"0.466",
        "A-effect.1-kaleidoscope:opacity":"1.000",
        "A-effect.1-kaleidoscope:rotation":"0.468",
        "A-effect.1-kaleidoscope:zoom":"0.281",
        "A-effect.1-mirror":"false",
        "A-effect.1-mirror:flipx":"0",
        "A-effect.1-mirror:flipy":"0",
        "A-effect.1-mirror:in/out":"0.182",
        "A-effect.1-mirror:x":"0.500",
        "A-effect.1-mirror:y":"0.500",
        "A-effect.1-mirrorquad":"false",
        "A-effect.1-mirrorquad:flipx":"0",
        "A-effect.1-mirrorquad:flipy":"0",
        "A-effect.1-posterize":"false",
        "A-effect.1-posterize:posterize":"0.216",
        "A-effect.1-trails":"true",
        "A-effect.1-trails:feedback":"0.550",
        "A-effect.1-twisted":"false",
        "A-effect.1-twisted:radius":"0.822",
        "A-effect.1-twisted:twirl":"0.728",
        "A-effect.2-blur":"false",
        "A-effect.2-blur:blurxdistance":"0.232",
        "A-effect.2-blur:blurydistance":"0.202",
        "A-effect.2-blur:gaussian":"0.915",
        "A-effect.2-blur:quality":"0.404",
        "A-effect.2-displace":"true",
        "A-effect.2-displace:threshold":"0.176",
        "A-effect.2-displace:xfactor":"0.140",
        "A-effect.2-displace:yfactor":"0.676",
        "A-effect.2-edgedetection":"false",
        "A-effect.2-edgedetection:mode":"0.856",
        "A-effect.2-edgedetection:multiplier":"0.870",
        "A-effect.2-fragment":"false",
        "A-effect.2-fragment:distance":"0.934",
        "A-effect.2-fragment:fragments":"0.118",
        "A-effect.2-fragment:fragrotationx":"0.741",
        "A-effect.2-fragment:fragrotationy":"0.471",
        "A-effect.2-fragment:fragrotationz":"0.499",
        "A-effect.2-fragment:fragscale":"1.000",
        "A-effect.2-fragment:rotation":"0.766",
        "A-effect.2-huerotate":"false",
        "A-effect.2-huerotate:huerotate":"0.872",
        "A-effect.2-huerotate:huescale":"0.182",
        "A-effect.2-huerotate:satscale":"0.980",
        "A-effect.2-kaleidoscope":"false",
        "A-effect.2-kaleidoscope:angles":"0.986",
        "A-effect.2-kaleidoscope:inputrotation":"0.063",
        "A-effect.2-kaleidoscope:opacity":"1.000",
        "A-effect.2-kaleidoscope:rotation":"0.332",
        "A-effect.2-kaleidoscope:zoom":"0.090",
        "A-effect.2-mirror":"false",
        "A-effect.2-mirror:flipx":"0",
        "A-effect.2-mirror:flipy":"1",
        "A-effect.2-mirror:in/out":"0.650",
        "A-effect.2-mirror:x":"0.500",
        "A-effect.2-mirror:y":"0.500",
        "A-effect.2-mirrorquad":"false",
        "A-effect.2-mirrorquad:flipx":"1",
        "A-effect.2-mirrorquad:flipy":"0",
        "A-effect.2-posterize":"false",
        "A-effect.2-posterize:posterize":"0.423",
        "A-effect.2-trails":"true",
        "A-effect.2-trails:feedback":"0.550",
        "A-effect.2-twisted":"false",
        "A-effect.2-twisted:radius":"0.372",
        "A-effect.2-twisted:twirl":"0.551",
        "A-visual.alphafinal":"0.000",
        "A-visual.alphainitial":"1.000",
        "A-visual.alphatime":"3.007",
        "A-visual.aspect":"0.500",
        "A-visual.bounce":"false",
        "A-sound.controllerstyle":"modulationonly",
        "A-visual.filled":"true",
        "A-visual.gravity":"0",
        "A-visual.hue1final":"108.000",
        "A-visual.hue1initial":"108.000",
        "A-visual.hue1time":"5.000",
        "A-visual.hue2final":"108.000",
        "A-visual.hue2initial":"108.000",
        "A-visual.hue2time":"5.000",
        "A-visual.justification":"center",
        "A-visual.lifetime":"10.000",
        "A-visual.luminance":"0.500",
        "A-sound.midifile":"jsbach",
        "A-visual.mirrortype":"none",
        "A-visual.movedir":"random90",
        "A-visual.noisevertexx":"0.000",
        "A-visual.noisevertexy":"0.000",
        "A-visual.nsprites":"1045",
        "A-sound.pitchmax":"84",
        "A-sound.pitchmin":"36",
        "A-visual.placement":"cursor",
        "A-visual.rotangdir":"left",
        "A-visual.rotanginit":"0.000",
        "A-visual.rotangspeed":"0.000",
        "A-visual.rotauto":"false",
        "A-visual.saturation":"1.000",
        "A-visual.shape":"circle",
        "A-visual.sizefinal":"6.000",
        "A-visual.sizeinitial":"0.610",
        "A-visual.sizetime":"1.967",
        "A-visual.smoothxyz":"6",
        "A-visual.speed":"0.070",
        "A-visual.spritesource":"cursor",
        "A-sound.synth":"P_02_C_08",
        "A-visual.thickness":"10.000",
        "A-sound.velocitymax":"94",
        "A-sound.velocitymin":"56",
        "A-sound.xcontroller":"1",
        "A-sound.ycontroller":"1",
        "A-sound.zcontroller":"1",
        "A-visual.zmin":"0.100",
        "B-effect.1-blur":"false",
        "B-effect.1-blur:blurxdistance":"0.100",
        "B-effect.1-blur:blurydistance":"0.080",
        "B-effect.1-blur:gaussian":"0.170",
        "B-effect.1-blur:quality":"0.280",
        "B-effect.1-displace":"false",
        "B-effect.1-displace:threshold":"0.212",
        "B-effect.1-displace:xfactor":"0.760",
        "B-effect.1-displace:yfactor":"0.240",
        "B-effect.1-edgedetection":"true",
        "B-effect.1-edgedetection:mode":"0.920",
        "B-effect.1-edgedetection:multiplier":"0.240",
        "B-effect.1-fragment":"false",
        "B-effect.1-fragment:distance":"0.563",
        "B-effect.1-fragment:fragments":"0.386",
        "B-effect.1-fragment:fragrotationx":"0.729",
        "B-effect.1-fragment:fragrotationy":"0.480",
        "B-effect.1-fragment:fragrotationz":"0.163",
        "B-effect.1-fragment:fragscale":"1.000",
        "B-effect.1-fragment:rotation":"0.972",
        "B-effect.1-huerotate":"false",
        "B-effect.1-huerotate:huerotate":"0.225",
        "B-effect.1-huerotate:huescale":"0.582",
        "B-effect.1-huerotate:satscale":"0.195",
        "B-effect.1-kaleidoscope":"true",
        "B-effect.1-kaleidoscope:angles":"0.410",
        "B-effect.1-kaleidoscope:inputrotation":"0.500",
        "B-effect.1-kaleidoscope:opacity":"1.000",
        "B-effect.1-kaleidoscope:rotation":"0.000",
        "B-effect.1-kaleidoscope:zoom":"0.580",
        "B-effect.1-mirror":"false",
        "B-effect.1-mirror:flipx":"1",
        "B-effect.1-mirror:flipy":"1",
        "B-effect.1-mirror:in/out":"0.822",
        "B-effect.1-mirror:x":"0.500",
        "B-effect.1-mirror:y":"0.500",
        "B-effect.1-mirrorquad":"false",
        "B-effect.1-mirrorquad:flipx":"1",
        "B-effect.1-mirrorquad:flipy":"0",
        "B-effect.1-posterize":"false",
        "B-effect.1-posterize:posterize":"0.190",
        "B-effect.1-trails":"true",
        "B-effect.1-trails:feedback":"0.550",
        "B-effect.1-twisted":"false",
        "B-effect.1-twisted:radius":"0.310",
        "B-effect.1-twisted:twirl":"0.500",
        "B-effect.2-blur":"false",
        "B-effect.2-blur:blurxdistance":"0.100",
        "B-effect.2-blur:blurydistance":"0.080",
        "B-effect.2-blur:gaussian":"0.170",
        "B-effect.2-blur:quality":"0.280",
        "B-effect.2-displace":"false",
        "B-effect.2-displace:threshold":"0.027",
        "B-effect.2-displace:xfactor":"0.760",
        "B-effect.2-displace:yfactor":"0.240",
        "B-effect.2-edgedetection":"false",
        "B-effect.2-edgedetection:mode":"0.920",
        "B-effect.2-edgedetection:multiplier":"0.240",
        "B-effect.2-fragment":"false",
        "B-effect.2-fragment:distance":"0.058",
        "B-effect.2-fragment:fragments":"0.902",
        "B-effect.2-fragment:fragrotationx":"0.681",
        "B-effect.2-fragment:fragrotationy":"0.132",
        "B-effect.2-fragment:fragrotationz":"0.247",
        "B-effect.2-fragment:fragscale":"1.000",
        "B-effect.2-fragment:rotation":"0.476",
        "B-effect.2-huerotate":"false",
        "B-effect.2-huerotate:huerotate":"0.897",
        "B-effect.2-huerotate:huescale":"0.131",
        "B-effect.2-huerotate:satscale":"0.095",
        "B-effect.2-kaleidoscope":"false",
        "B-effect.2-kaleidoscope:angles":"0.640",
        "B-effect.2-kaleidoscope:inputrotation":"0.500",
        "B-effect.2-kaleidoscope:opacity":"1.000",
        "B-effect.2-kaleidoscope:rotation":"0.000",
        "B-effect.2-kaleidoscope:zoom":"1.000",
        "B-effect.2-mirror":"true",
        "B-effect.2-mirror:flipx":"1",
        "B-effect.2-mirror:flipy":"0",
        "B-effect.2-mirror:in/out":"0.041",
        "B-effect.2-mirror:x":"0.500",
        "B-effect.2-mirror:y":"0.500",
        "B-effect.2-mirrorquad":"true",
        "B-effect.2-mirrorquad:flipx":"1",
        "B-effect.2-mirrorquad:flipy":"0",
        "B-effect.2-posterize":"false",
        "B-effect.2-posterize:posterize":"0.190",
        "B-effect.2-trails":"false",
        "B-effect.2-trails:feedback":"0.550",
        "B-effect.2-twisted":"false",
        "B-effect.2-twisted:radius":"0.310",
        "B-effect.2-twisted:twirl":"0.500",
        "B-visual.alphafinal":"0.000",
        "B-visual.alphainitial":"0.710",
        "B-visual.alphatime":"4.505",
        "B-visual.aspect":"0.500",
        "B-visual.bounce":"true",
        "B-sound.controllerstyle":"modulationonly",
        "B-visual.filled":"false",
        "B-visual.gravity":"0",
        "B-visual.hue1final":"108.000",
        "B-visual.hue1initial":"108.000",
        "B-visual.hue1time":"2.008",
        "B-visual.hue2final":"108.000",
        "B-visual.hue2initial":"108.000",
        "B-visual.hue2time":"2.008",
        "B-visual.justification":"center",
        "B-visual.lifetime":"6.000",
        "B-visual.luminance":"0.500",
        "B-sound.midifile":"jsbach",
        "B-visual.mirrortype":"four",
        "B-visual.movedir":"cursor",
        "B-visual.noisevertexx":"0.000",
        "B-visual.noisevertexy":"0.000",
        "B-visual.nsprites":"36",
        "B-sound.pitchmax":"80",
        "B-sound.pitchmin":"33",
        "B-visual.placement":"cursor",
        "B-visual.rotangdir":"right",
        "B-visual.rotanginit":"90.000",
        "B-visual.rotangspeed":"0.000",
        "B-visual.rotauto":"false",
        "B-visual.saturation":"1.000",
        "B-visual.shape":"square",
        "B-visual.sizefinal":"8.000",
        "B-visual.sizeinitial":"6.496",
        "B-visual.sizetime":"8.302",
        "B-visual.smoothxyz":"9",
        "B-visual.speed":"0.030",
        "B-visual.spritesource":"cursor",
        "B-sound.synth":"P_02_C_03",
        "B-visual.thickness":"10.000",
        "B-sound.velocitymax":"127",
        "B-sound.velocitymin":"1",
        "B-sound.xcontroller":"3",
        "B-sound.ycontroller":"2",
        "B-sound.zcontroller":"1",
        "B-visual.zmin":"0.004",
        "C-effect.1-blur":"false",
        "C-effect.1-blur:blurxdistance":"0.448",
        "C-effect.1-blur:blurydistance":"0.682",
        "C-effect.1-blur:gaussian":"0.948",
        "C-effect.1-blur:quality":"0.914",
        "C-effect.1-displace":"false",
        "C-effect.1-displace:threshold":"0.221",
        "C-effect.1-displace:xfactor":"0.960",
        "C-effect.1-displace:yfactor":"0.748",
        "C-effect.1-edgedetection":"false",
        "C-effect.1-edgedetection:mode":"0.650",
        "C-effect.1-edgedetection:multiplier":"0.463",
        "C-effect.1-fragment":"false",
        "C-effect.1-fragment:distance":"0.839",
        "C-effect.1-fragment:fragments":"0.876",
        "C-effect.1-fragment:fragrotationx":"0.078",
        "C-effect.1-fragment:fragrotationy":"0.377",
        "C-effect.1-fragment:fragrotationz":"0.848",
        "C-effect.1-fragment:fragscale":"0.253",
        "C-effect.1-fragment:rotation":"0.588",
        "C-effect.1-huerotate":"false",
        "C-effect.1-huerotate:huerotate":"0.787",
        "C-effect.1-huerotate:huescale":"0.849",
        "C-effect.1-huerotate:satscale":"0.445",
        "C-effect.1-kaleidoscope":"true",
        "C-effect.1-kaleidoscope:angles":"0.894",
        "C-effect.1-kaleidoscope:inputrotation":"0.723",
        "C-effect.1-kaleidoscope:opacity":"1.000",
        "C-effect.1-kaleidoscope:rotation":"0.179",
        "C-effect.1-kaleidoscope:zoom":"0.816",
        "C-effect.1-mirror":"false",
        "C-effect.1-mirror:flipx":"0",
        "C-effect.1-mirror:flipy":"0",
        "C-effect.1-mirror:in/out":"0.233",
        "C-effect.1-mirror:x":"0.500",
        "C-effect.1-mirror:y":"0.500",
        "C-effect.1-mirrorquad":"false",
        "C-effect.1-mirrorquad:flipx":"0",
        "C-effect.1-mirrorquad:flipy":"0",
        "C-effect.1-posterize":"false",
        "C-effect.1-posterize:posterize":"0.404",
        "C-effect.1-trails":"true",
        "C-effect.1-trails:feedback":"0.550",
        "C-effect.1-twisted":"false",
        "C-effect.1-twisted:radius":"0.947",
        "C-effect.1-twisted:twirl":"0.561",
        "C-effect.2-blur":"true",
        "C-effect.2-blur:blurxdistance":"0.091",
        "C-effect.2-blur:blurydistance":"0.119",
        "C-effect.2-blur:gaussian":"0.447",
        "C-effect.2-blur:quality":"0.607",
        "C-effect.2-displace":"true",
        "C-effect.2-displace:threshold":"0.220",
        "C-effect.2-displace:xfactor":"0.271",
        "C-effect.2-displace:yfactor":"0.088",
        "C-effect.2-edgedetection":"false",
        "C-effect.2-edgedetection:mode":"0.890",
        "C-effect.2-edgedetection:multiplier":"0.384",
        "C-effect.2-fragment":"false",
        "C-effect.2-fragment:distance":"0.528",
        "C-effect.2-fragment:fragments":"0.892",
        "C-effect.2-fragment:fragrotationx":"0.041",
        "C-effect.2-fragment:fragrotationy":"0.702",
        "C-effect.2-fragment:fragrotationz":"0.102",
        "C-effect.2-fragment:fragscale":"0.870",
        "C-effect.2-fragment:rotation":"0.225",
        "C-effect.2-huerotate":"false",
        "C-effect.2-huerotate:huerotate":"0.680",
        "C-effect.2-huerotate:huescale":"0.166",
        "C-effect.2-huerotate:satscale":"0.081",
        "C-effect.2-kaleidoscope":"false",
        "C-effect.2-kaleidoscope:angles":"0.671",
        "C-effect.2-kaleidoscope:inputrotation":"0.007",
        "C-effect.2-kaleidoscope:opacity":"1.000",
        "C-effect.2-kaleidoscope:rotation":"0.466",
        "C-effect.2-kaleidoscope:zoom":"0.824",
        "C-effect.2-mirror":"false",
        "C-effect.2-mirror:flipx":"0",
        "C-effect.2-mirror:flipy":"0",
        "C-effect.2-mirror:in/out":"0.426",
        "C-effect.2-mirror:x":"0.500",
        "C-effect.2-mirror:y":"0.500",
        "C-effect.2-mirrorquad":"false",
        "C-effect.2-mirrorquad:flipx":"1",
        "C-effect.2-mirrorquad:flipy":"1",
        "C-effect.2-posterize":"false",
        "C-effect.2-posterize:posterize":"0.119",
        "C-effect.2-trails":"true",
        "C-effect.2-trails:feedback":"0.550",
        "C-effect.2-twisted":"false",
        "C-effect.2-twisted:radius":"0.940",
        "C-effect.2-twisted:twirl":"0.813",
        "C-visual.alphafinal":"0.000",
        "C-visual.alphainitial":"0.710",
        "C-visual.alphatime":"4.505",
        "C-visual.aspect":"0.500",
        "C-visual.bounce":"true",
        "C-sound.controllerstyle":"modulationonly",
        "C-visual.filled":"true",
        "C-visual.gravity":"0",
        "C-visual.hue1final":"108.000",
        "C-visual.hue1initial":"108.000",
        "C-visual.hue1time":"2.008",
        "C-visual.hue2final":"108.000",
        "C-visual.hue2initial":"108.000",
        "C-visual.hue2time":"2.008",
        "C-visual.justification":"center",
        "C-visual.lifetime":"6.000",
        "C-visual.luminance":"0.500",
        "C-sound.midifile":"jsbach",
        "C-visual.mirrortype":"none",
        "C-visual.movedir":"cursor",
        "C-visual.noisevertexx":"0.000",
        "C-visual.noisevertexy":"0.000",
        "C-visual.nsprites":"1034",
        "C-sound.pitchmax":"80",
        "C-sound.pitchmin":"33",
        "C-visual.placement":"cursor",
        "C-visual.rotangdir":"right",
        "C-visual.rotanginit":"90.000",
        "C-visual.rotangspeed":"0.000",
        "C-visual.rotauto":"true",
        "C-visual.saturation":"1.000",
        "C-visual.shape":"line",
        "C-visual.sizefinal":"0.000",
        "C-visual.sizeinitial":"3.499",
        "C-visual.sizetime":"10.000",
        "C-visual.smoothxyz":"3",
        "C-visual.speed":"0.230",
        "C-visual.spritesource":"cursor",
        "C-sound.synth":"P_03_C_01",
        "C-visual.thickness":"10.000",
        "C-sound.velocitymax":"127",
        "C-sound.velocitymin":"45",
        "C-sound.xcontroller":"3",
        "C-sound.ycontroller":"2",
        "C-sound.zcontroller":"1",
        "C-visual.zmin":"0.004",
        "D-effect.1-blur":"false",
        "D-effect.1-blur:blurxdistance":"0.100",
        "D-effect.1-blur:blurydistance":"0.080",
        "D-effect.1-blur:gaussian":"0.170",
        "D-effect.1-blur:quality":"0.280",
        "D-effect.1-displace":"false",
        "D-effect.1-displace:threshold":"0.000",
        "D-effect.1-displace:xfactor":"0.760",
        "D-effect.1-displace:yfactor":"0.240",
        "D-effect.1-edgedetection":"false",
        "D-effect.1-edgedetection:mode":"0.920",
        "D-effect.1-edgedetection:multiplier":"0.240",
        "D-effect.1-fragment":"true",
        "D-effect.1-fragment:distance":"0.330",
        "D-effect.1-fragment:fragments":"0.300",
        "D-effect.1-fragment:fragrotationx":"0.500",
        "D-effect.1-fragment:fragrotationy":"0.500",
        "D-effect.1-fragment:fragrotationz":"0.500",
        "D-effect.1-fragment:fragscale":"1.000",
        "D-effect.1-fragment:rotation":"0.000",
        "D-effect.1-huerotate":"false",
        "D-effect.1-huerotate:huerotate":"0.000",
        "D-effect.1-huerotate:huescale":"1.000",
        "D-effect.1-huerotate:satscale":"0.500",
        "D-effect.1-kaleidoscope":"false",
        "D-effect.1-kaleidoscope:angles":"0.300",
        "D-effect.1-kaleidoscope:inputrotation":"0.500",
        "D-effect.1-kaleidoscope:opacity":"1.000",
        "D-effect.1-kaleidoscope:rotation":"0.000",
        "D-effect.1-kaleidoscope:zoom":"0.580",
        "D-effect.1-mirror":"false",
        "D-effect.1-mirror:flipx":"0",
        "D-effect.1-mirror:flipy":"0",
        "D-effect.1-mirror:in/out":"1.000",
        "D-effect.1-mirror:x":"0.500",
        "D-effect.1-mirror:y":"0.500",
        "D-effect.1-mirrorquad":"false",
        "D-effect.1-mirrorquad:flipx":"0",
        "D-effect.1-mirrorquad:flipy":"0",
        "D-effect.1-posterize":"false",
        "D-effect.1-posterize:posterize":"0.190",
        "D-effect.1-trails":"true",
        "D-effect.1-trails:feedback":"0.550",
        "D-effect.1-twisted":"true",
        "D-effect.1-twisted:radius":"0.310",
        "D-effect.1-twisted:twirl":"0.500",
        "D-effect.2-blur":"false",
        "D-effect.2-blur:blurxdistance":"0.100",
        "D-effect.2-blur:blurydistance":"0.080",
        "D-effect.2-blur:gaussian":"0.170",
        "D-effect.2-blur:quality":"0.280",
        "D-effect.2-displace":"false",
        "D-effect.2-displace:threshold":"0.000",
        "D-effect.2-displace:xfactor":"0.760",
        "D-effect.2-displace:yfactor":"0.240",
        "D-effect.2-edgedetection":"false",
        "D-effect.2-edgedetection:mode":"0.920",
        "D-effect.2-edgedetection:multiplier":"0.240",
        "D-effect.2-fragment":"false",
        "D-effect.2-fragment:distance":"0.330",
        "D-effect.2-fragment:fragments":"0.300",
        "D-effect.2-fragment:fragrotationx":"0.500",
        "D-effect.2-fragment:fragrotationy":"0.500",
        "D-effect.2-fragment:fragrotationz":"0.500",
        "D-effect.2-fragment:fragscale":"1.000",
        "D-effect.2-fragment:rotation":"0.000",
        "D-effect.2-huerotate":"false",
        "D-effect.2-huerotate:huerotate":"0.000",
        "D-effect.2-huerotate:huescale":"1.000",
        "D-effect.2-huerotate:satscale":"0.500",
        "D-effect.2-kaleidoscope":"false",
        "D-effect.2-kaleidoscope:angles":"0.300",
        "D-effect.2-kaleidoscope:inputrotation":"0.500",
        "D-effect.2-kaleidoscope:opacity":"1.000",
        "D-effect.2-kaleidoscope:rotation":"0.000",
        "D-effect.2-kaleidoscope:zoom":"0.580",
        "D-effect.2-mirror":"false",
        "D-effect.2-mirror:flipx":"0",
        "D-effect.2-mirror:flipy":"0",
        "D-effect.2-mirror:in/out":"1.000",
        "D-effect.2-mirror:x":"0.500",
        "D-effect.2-mirror:y":"0.500",
        "D-effect.2-mirrorquad":"false",
        "D-effect.2-mirrorquad:flipx":"0",
        "D-effect.2-mirrorquad:flipy":"0",
        "D-effect.2-posterize":"false",
        "D-effect.2-posterize:posterize":"0.190",
        "D-effect.2-trails":"false",
        "D-effect.2-trails:feedback":"0.550",
        "D-effect.2-twisted":"false",
        "D-effect.2-twisted:radius":"0.310",
        "D-effect.2-twisted:twirl":"0.500",
        "D-visual.alphafinal":"0.000",
        "D-visual.alphainitial":"1.000",
        "D-visual.alphatime":"3.506",
        "D-visual.aspect":"0.500",
        "D-visual.bounce":"true",
        "D-sound.controllerstyle":"modulationonly",
        "D-visual.filled":"true",
        "D-visual.gravity":"0",
        "D-visual.hue1final":"108.000",
        "D-visual.hue1initial":"108.000",
        "D-visual.hue1time":"2.008",
        "D-visual.hue2final":"108.000",
        "D-visual.hue2initial":"108.000",
        "D-visual.hue2time":"2.008",
        "D-visual.justification":"center",
        "D-visual.lifetime":"6.000",
        "D-visual.luminance":"0.500",
        "D-sound.midifile":"jsbach",
        "D-visual.mirrortype":"none",
        "D-visual.movedir":"random",
        "D-visual.noisevertexx":"0.000",
        "D-visual.noisevertexy":"0.000",
        "D-visual.nsprites":"1039",
        "D-sound.pitchmax":"74",
        "D-sound.pitchmin":"39",
        "D-visual.placement":"cursor",
        "D-visual.rotangdir":"left",
        "D-visual.rotanginit":"90.000",
        "D-visual.rotangspeed":"24.000",
        "D-visual.rotauto":"true",
        "D-visual.saturation":"1.000",
        "D-visual.shape":"line",
        "D-visual.sizefinal":"2.000",
        "D-visual.sizeinitial":"6.496",
        "D-visual.sizetime":"3.607",
        "D-visual.smoothxyz":"3",
        "D-visual.speed":"0.000",
        "D-visual.spritesource":"cursor",
        "D-sound.synth":"P_01_C_06",
        "D-visual.thickness":"2.907",
        "D-sound.velocitymax":"127",
        "D-sound.velocitymin":"48",
        "D-sound.xcontroller":"1",
        "D-sound.ycontroller":"1",
        "D-sound.zcontroller":"1",
        "D-visual.zmin":"0.004"
    }
}
