{
    "params":{
        "A-effect.1-blur":"false",
        "A-effect.1-blur:blurxdistance":"0.100",
        "A-effect.1-blur:blurydistance":"0.080",
        "A-effect.1-blur:gaussian":"0.170",
        "A-effect.1-blur:quality":"0.280",
        "A-effect.1-displace":"false",
        "A-effect.1-displace:threshold":"0.000",
        "A-effect.1-displace:xfactor":"0.760",
        "A-effect.1-displace:yfactor":"0.240",
        "A-effect.1-edgedetection":"false",
        "A-effect.1-edgedetection:mode":"0.920",
        "A-effect.1-edgedetection:multiplier":"0.240",
        "A-effect.1-fragment":"false",
        "A-effect.1-fragment:distance":"0.330",
        "A-effect.1-fragment:fragments":"0.300",
        "A-effect.1-fragment:fragrotationx":"0.500",
        "A-effect.1-fragment:fragrotationy":"0.500",
        "A-effect.1-fragment:fragrotationz":"0.500",
        "A-effect.1-fragment:fragscale":"1.000",
        "A-effect.1-fragment:rotation":"0.000",
        "A-effect.1-huerotate":"false",
        "A-effect.1-huerotate:huerotate":"0.000",
        "A-effect.1-huerotate:huescale":"1.000",
        "A-effect.1-huerotate:satscale":"0.500",
        "A-effect.1-kaleidoscope":"false",
        "A-effect.1-kaleidoscope:angles":"0.300",
        "A-effect.1-kaleidoscope:inputrotation":"0.500",
        "A-effect.1-kaleidoscope:opacity":"1.000",
        "A-effect.1-kaleidoscope:rotation":"0.000",
        "A-effect.1-kaleidoscope:zoom":"0.580",
        "A-effect.1-mirror":"false",
        "A-effect.1-mirror:flipx":"0",
        "A-effect.1-mirror:flipy":"0",
        "A-effect.1-mirror:in/out":"1.000",
        "A-effect.1-mirror:x":"0.500",
        "A-effect.1-mirror:y":"0.500",
        "A-effect.1-mirrorquad":"true",
        "A-effect.1-mirrorquad:flipx":"0",
        "A-effect.1-mirrorquad:flipy":"0",
        "A-effect.1-posterize":"false",
        "A-effect.1-posterize:posterize":"0.190",
        "A-effect.1-trails":"false",
        "A-effect.1-trails:feedback":"0.550",
        "A-effect.1-twisted":"false",
        "A-effect.1-twisted:radius":"0.310",
        "A-effect.1-twisted:twirl":"0.500",
        "A-effect.2-blur":"false",
        "A-effect.2-blur:blurxdistance":"0.100",
        "A-effect.2-blur:blurydistance":"0.080",
        "A-effect.2-blur:gaussian":"0.170",
        "A-effect.2-blur:quality":"0.280",
        "A-effect.2-displace":"false",
        "A-effect.2-displace:threshold":"0.000",
        "A-effect.2-displace:xfactor":"0.760",
        "A-effect.2-displace:yfactor":"0.240",
        "A-effect.2-edgedetection":"false",
        "A-effect.2-edgedetection:mode":"0.920",
        "A-effect.2-edgedetection:multiplier":"0.240",
        "A-effect.2-fragment":"false",
        "A-effect.2-fragment:distance":"0.330",
        "A-effect.2-fragment:fragments":"0.300",
        "A-effect.2-fragment:fragrotationx":"0.500",
        "A-effect.2-fragment:fragrotationy":"0.500",
        "A-effect.2-fragment:fragrotationz":"0.500",
        "A-effect.2-fragment:fragscale":"1.000",
        "A-effect.2-fragment:rotation":"0.000",
        "A-effect.2-huerotate":"false",
        "A-effect.2-huerotate:huerotate":"0.000",
        "A-effect.2-huerotate:huescale":"1.000",
        "A-effect.2-huerotate:satscale":"0.500",
        "A-effect.2-kaleidoscope":"false",
        "A-effect.2-kaleidoscope:angles":"0.300",
        "A-effect.2-kaleidoscope:inputrotation":"0.500",
        "A-effect.2-kaleidoscope:opacity":"1.000",
        "A-effect.2-kaleidoscope:rotation":"0.000",
        "A-effect.2-kaleidoscope:zoom":"0.580",
        "A-effect.2-mirror":"false",
        "A-effect.2-mirror:flipx":"0",
        "A-effect.2-mirror:flipy":"0",
        "A-effect.2-mirror:in/out":"1.000",
        "A-effect.2-mirror:x":"0.500",
        "A-effect.2-mirror:y":"0.500",
        "A-effect.2-mirrorquad":"false",
        "A-effect.2-mirrorquad:flipx":"0",
        "A-effect.2-mirrorquad:flipy":"0",
        "A-effect.2-posterize":"false",
        "A-effect.2-posterize:posterize":"0.190",
        "A-effect.2-trails":"false",
        "A-effect.2-trails:feedback":"0.550",
        "A-effect.2-twisted":"false",
        "A-effect.2-twisted:radius":"0.310",
        "A-effect.2-twisted:twirl":"0.500",
        "A-visual.alphafinal":"0.000",
        "A-visual.alphainitial":"0.900",
        "A-visual.alphatime":"10.000",
        "A-visual.aspect":"0.500",
        "A-visual.bounce":"false",
        "A-sound.controllerstyle":"modulationonly",
        "A-visual.filled":"false",
        "A-visual.gravity":"0",
        "A-visual.hue1final":"10.800",
        "A-visual.hue1initial":"10.800",
        "A-visual.hue1time":"3.002",
        "A-visual.hue2final":"46.800",
        "A-visual.hue2initial":"46.800",
        "A-visual.hue2time":"3.002",
        "A-visual.justification":"center",
        "A-visual.lifetime":"10.000",
        "A-visual.luminance":"0.500",
        "A-sound.midifile":"jsbach",
        "A-visual.mirrortype":"none",
        "A-visual.movedir":"leftright",
        "A-visual.noisevertexx":"0.000",
        "A-visual.noisevertexy":"0.000",
        "A-visual.nsprites":"145",
        "A-sound.pitchmax":"80",
        "A-sound.pitchmin":"33",
        "A-visual.placement":"cursor",
        "A-visual.rotangdir":"left",
        "A-visual.rotanginit":"0.000",
        "A-visual.rotangspeed":"0.000",
        "A-visual.rotauto":"false",
        "A-visual.saturation":"1.000",
        "A-visual.shape":"square",
        "A-visual.sizefinal":"10.000",
        "A-visual.sizeinitial":"0.809",
        "A-visual.sizetime":"2.566",
        "A-visual.smoothxyz":"0",
        "A-visual.speed":"0.000",
        "A-visual.spritesource":"cursor",
        "A-sound.synth":"P_04_C_03",
        "A-visual.thickness":"6.898",
        "A-sound.velocitymax":"127",
        "A-sound.velocitymin":"48",
        "A-sound.xcontroller":"3",
        "A-sound.ycontroller":"2",
        "A-sound.zcontroller":"1",
        "A-visual.zmin":"0.100",
        "B-effect.1-blur":"false",
        "B-effect.1-blur:blurxdistance":"0.418",
        "B-effect.1-blur:blurydistance":"0.436",
        "B-effect.1-blur:gaussian":"0.396",
        "B-effect.1-blur:quality":"0.131",
        "B-effect.1-displace":"false",
        "B-effect.1-displace:threshold":"0.324",
        "B-effect.1-displace:xfactor":"0.098",
        "B-effect.1-displace:yfactor":"0.085",
        "B-effect.1-edgedetection":"false",
        "B-effect.1-edgedetection:mode":"0.022",
        "B-effect.1-edgedetection:multiplier":"0.904",
        "B-effect.1-fragment":"false",
        "B-effect.1-fragment:distance":"0.897",
        "B-effect.1-fragment:fragments":"0.379",
        "B-effect.1-fragment:fragrotationx":"0.942",
        "B-effect.1-fragment:fragrotationy":"0.566",
        "B-effect.1-fragment:fragrotationz":"0.134",
        "B-effect.1-fragment:fragscale":"1.000",
        "B-effect.1-fragment:rotation":"0.285",
        "B-effect.1-huerotate":"false",
        "B-effect.1-huerotate:huerotate":"0.018",
        "B-effect.1-huerotate:huescale":"0.124",
        "B-effect.1-huerotate:satscale":"0.127",
        "B-effect.1-kaleidoscope":"false",
        "B-effect.1-kaleidoscope:angles":"0.195",
        "B-effect.1-kaleidoscope:inputrotation":"0.068",
        "B-effect.1-kaleidoscope:opacity":"1.000",
        "B-effect.1-kaleidoscope:rotation":"0.158",
        "B-effect.1-kaleidoscope:zoom":"0.707",
        "B-effect.1-mirror":"false",
        "B-effect.1-mirror:flipx":"1",
        "B-effect.1-mirror:flipy":"0",
        "B-effect.1-mirror:in/out":"0.965",
        "B-effect.1-mirror:x":"0.500",
        "B-effect.1-mirror:y":"0.500",
        "B-effect.1-mirrorquad":"false",
        "B-effect.1-mirrorquad:flipx":"0",
        "B-effect.1-mirrorquad:flipy":"1",
        "B-effect.1-posterize":"false",
        "B-effect.1-posterize:posterize":"0.117",
        "B-effect.1-trails":"false",
        "B-effect.1-trails:feedback":"0.550",
        "B-effect.1-twisted":"false",
        "B-effect.1-twisted:radius":"0.634",
        "B-effect.1-twisted:twirl":"0.880",
        "B-effect.2-blur":"false",
        "B-effect.2-blur:blurxdistance":"0.121",
        "B-effect.2-blur:blurydistance":"0.886",
        "B-effect.2-blur:gaussian":"0.413",
        "B-effect.2-blur:quality":"0.904",
        "B-effect.2-displace":"false",
        "B-effect.2-displace:threshold":"0.127",
        "B-effect.2-displace:xfactor":"0.060",
        "B-effect.2-displace:yfactor":"0.603",
        "B-effect.2-edgedetection":"false",
        "B-effect.2-edgedetection:mode":"0.566",
        "B-effect.2-edgedetection:multiplier":"0.503",
        "B-effect.2-fragment":"false",
        "B-effect.2-fragment:distance":"0.936",
        "B-effect.2-fragment:fragments":"0.039",
        "B-effect.2-fragment:fragrotationx":"0.224",
        "B-effect.2-fragment:fragrotationy":"0.730",
        "B-effect.2-fragment:fragrotationz":"0.632",
        "B-effect.2-fragment:fragscale":"1.000",
        "B-effect.2-fragment:rotation":"0.224",
        "B-effect.2-huerotate":"false",
        "B-effect.2-huerotate:huerotate":"0.834",
        "B-effect.2-huerotate:huescale":"0.568",
        "B-effect.2-huerotate:satscale":"0.061",
        "B-effect.2-kaleidoscope":"false",
        "B-effect.2-kaleidoscope:angles":"0.562",
        "B-effect.2-kaleidoscope:inputrotation":"0.561",
        "B-effect.2-kaleidoscope:opacity":"1.000",
        "B-effect.2-kaleidoscope:rotation":"0.333",
        "B-effect.2-kaleidoscope:zoom":"0.564",
        "B-effect.2-mirror":"false",
        "B-effect.2-mirror:flipx":"0",
        "B-effect.2-mirror:flipy":"1",
        "B-effect.2-mirror:in/out":"0.456",
        "B-effect.2-mirror:x":"0.500",
        "B-effect.2-mirror:y":"0.500",
        "B-effect.2-mirrorquad":"false",
        "B-effect.2-mirrorquad:flipx":"1",
        "B-effect.2-mirrorquad:flipy":"1",
        "B-effect.2-posterize":"false",
        "B-effect.2-posterize:posterize":"0.120",
        "B-effect.2-trails":"false",
        "B-effect.2-trails:feedback":"0.550",
        "B-effect.2-twisted":"false",
        "B-effect.2-twisted:radius":"0.620",
        "B-effect.2-twisted:twirl":"0.913",
        "B-visual.alphafinal":"0.000",
        "B-visual.alphainitial":"0.897",
        "B-visual.alphatime":"4.957",
        "B-visual.aspect":"0.508",
        "B-visual.bounce":"true",
        "B-sound.controllerstyle":"modulationonly",
        "B-visual.filled":"false",
        "B-visual.gravity":"0",
        "B-visual.hue1final":"288.000",
        "B-visual.hue1initial":"360.000",
        "B-visual.hue1time":"1.614",
        "B-visual.hue2final":"252.000",
        "B-visual.hue2initial":"288.000",
        "B-visual.hue2time":"0.653",
        "B-visual.justification":"center",
        "B-visual.lifetime":"3.529",
        "B-visual.luminance":"0.500",
        "B-sound.midifile":"jsbach",
        "B-visual.mirrortype":"four",
        "B-visual.movedir":"cursor",
        "B-visual.noisevertexx":"0.000",
        "B-visual.noisevertexy":"0.000",
        "B-visual.nsprites":"842",
        "B-sound.pitchmax":"72",
        "B-sound.pitchmin":"49",
        "B-visual.placement":"cursor",
        "B-visual.rotangdir":"right",
        "B-visual.rotanginit":"0.000",
        "B-visual.rotangspeed":"0.000",
        "B-visual.rotauto":"false",
        "B-visual.saturation":"0.917",
        "B-visual.shape":"square",
        "B-visual.sizefinal":"1.000",
        "B-visual.sizeinitial":"2.583",
        "B-visual.sizetime":"1.345",
        "B-visual.smoothxyz":"5",
        "B-visual.speed":"0.000",
        "B-visual.spritesource":"cursor",
        "B-sound.synth":"P_11_C_02",
        "B-visual.thickness":"5.478",
        "B-sound.velocitymax":"94",
        "B-sound.velocitymin":"68",
        "B-sound.xcontroller":"1",
        "B-sound.ycontroller":"1",
        "B-sound.zcontroller":"1",
        "B-visual.zmin":"0.004",
        "C-effect.1-blur":"false",
        "C-effect.1-blur:blurxdistance":"0.100",
        "C-effect.1-blur:blurydistance":"0.080",
        "C-effect.1-blur:gaussian":"0.170",
        "C-effect.1-blur:quality":"0.280",
        "C-effect.1-displace":"false",
        "C-effect.1-displace:threshold":"0.000",
        "C-effect.1-displace:xfactor":"0.760",
        "C-effect.1-displace:yfactor":"0.240",
        "C-effect.1-edgedetection":"false",
        "C-effect.1-edgedetection:mode":"0.920",
        "C-effect.1-edgedetection:multiplier":"0.240",
        "C-effect.1-fragment":"false",
        "C-effect.1-fragment:distance":"0.330",
        "C-effect.1-fragment:fragments":"0.300",
        "C-effect.1-fragment:fragrotationx":"0.500",
        "C-effect.1-fragment:fragrotationy":"0.500",
        "C-effect.1-fragment:fragrotationz":"0.500",
        "C-effect.1-fragment:fragscale":"1.000",
        "C-effect.1-fragment:rotation":"0.000",
        "C-effect.1-huerotate":"false",
        "C-effect.1-huerotate:huerotate":"0.000",
        "C-effect.1-huerotate:huescale":"1.000",
        "C-effect.1-huerotate:satscale":"0.500",
        "C-effect.1-kaleidoscope":"false",
        "C-effect.1-kaleidoscope:angles":"0.300",
        "C-effect.1-kaleidoscope:inputrotation":"0.500",
        "C-effect.1-kaleidoscope:opacity":"1.000",
        "C-effect.1-kaleidoscope:rotation":"0.000",
        "C-effect.1-kaleidoscope:zoom":"0.580",
        "C-effect.1-mirror":"false",
        "C-effect.1-mirror:flipx":"0",
        "C-effect.1-mirror:flipy":"0",
        "C-effect.1-mirror:in/out":"1.000",
        "C-effect.1-mirror:x":"0.500",
        "C-effect.1-mirror:y":"0.500",
        "C-effect.1-mirrorquad":"false",
        "C-effect.1-mirrorquad:flipx":"0",
        "C-effect.1-mirrorquad:flipy":"0",
        "C-effect.1-posterize":"false",
        "C-effect.1-posterize:posterize":"0.190",
        "C-effect.1-trails":"false",
        "C-effect.1-trails:feedback":"0.550",
        "C-effect.1-twisted":"false",
        "C-effect.1-twisted:radius":"0.310",
        "C-effect.1-twisted:twirl":"0.500",
        "C-effect.2-blur":"false",
        "C-effect.2-blur:blurxdistance":"0.100",
        "C-effect.2-blur:blurydistance":"0.080",
        "C-effect.2-blur:gaussian":"0.170",
        "C-effect.2-blur:quality":"0.280",
        "C-effect.2-displace":"false",
        "C-effect.2-displace:threshold":"0.000",
        "C-effect.2-displace:xfactor":"0.760",
        "C-effect.2-displace:yfactor":"0.240",
        "C-effect.2-edgedetection":"false",
        "C-effect.2-edgedetection:mode":"0.920",
        "C-effect.2-edgedetection:multiplier":"0.240",
        "C-effect.2-fragment":"false",
        "C-effect.2-fragment:distance":"0.330",
        "C-effect.2-fragment:fragments":"0.300",
        "C-effect.2-fragment:fragrotationx":"0.500",
        "C-effect.2-fragment:fragrotationy":"0.500",
        "C-effect.2-fragment:fragrotationz":"0.500",
        "C-effect.2-fragment:fragscale":"1.000",
        "C-effect.2-fragment:rotation":"0.000",
        "C-effect.2-huerotate":"false",
        "C-effect.2-huerotate:huerotate":"0.000",
        "C-effect.2-huerotate:huescale":"1.000",
        "C-effect.2-huerotate:satscale":"0.500",
        "C-effect.2-kaleidoscope":"false",
        "C-effect.2-kaleidoscope:angles":"0.300",
        "C-effect.2-kaleidoscope:inputrotation":"0.500",
        "C-effect.2-kaleidoscope:opacity":"1.000",
        "C-effect.2-kaleidoscope:rotation":"0.000",
        "C-effect.2-kaleidoscope:zoom":"0.580",
        "C-effect.2-mirror":"false",
        "C-effect.2-mirror:flipx":"0",
        "C-effect.2-mirror:flipy":"0",
        "C-effect.2-mirror:in/out":"1.000",
        "C-effect.2-mirror:x":"0.500",
        "C-effect.2-mirror:y":"0.500",
        "C-effect.2-mirrorquad":"false",
        "C-effect.2-mirrorquad:flipx":"0",
        "C-effect.2-mirrorquad:flipy":"0",
        "C-effect.2-posterize":"false",
        "C-effect.2-posterize:posterize":"0.190",
        "C-effect.2-trails":"false",
        "C-effect.2-trails:feedback":"0.550",
        "C-effect.2-twisted":"false",
        "C-effect.2-twisted:radius":"0.310",
        "C-effect.2-twisted:twirl":"0.500",
        "C-visual.alphafinal":"0.000",
        "C-visual.alphainitial":"1.000",
        "C-visual.alphatime":"7.003",
        "C-visual.aspect":"0.500",
        "C-visual.bounce":"false",
        "C-sound.controllerstyle":"modulationonly",
        "C-visual.filled":"false",
        "C-visual.gravity":"0",
        "C-visual.hue1final":"212.400",
        "C-visual.hue1initial":"244.800",
        "C-visual.hue1time":"1.004",
        "C-visual.hue2final":"212.400",
        "C-visual.hue2initial":"172.800",
        "C-visual.hue2time":"1.004",
        "C-visual.justification":"center",
        "C-visual.lifetime":"10.000",
        "C-visual.luminance":"0.500",
        "C-sound.midifile":"jsbach",
        "C-visual.mirrortype":"none",
        "C-visual.movedir":"leftright",
        "C-visual.noisevertexx":"0.000",
        "C-visual.noisevertexy":"0.000",
        "C-visual.nsprites":"2044",
        "C-sound.pitchmax":"80",
        "C-sound.pitchmin":"45",
        "C-visual.placement":"cursor",
        "C-visual.rotangdir":"random",
        "C-visual.rotanginit":"0.000",
        "C-visual.rotangspeed":"0.000",
        "C-visual.rotauto":"false",
        "C-visual.saturation":"1.000",
        "C-visual.shape":"square",
        "C-visual.sizefinal":"10.000",
        "C-visual.sizeinitial":"0.809",
        "C-visual.sizetime":"3.565",
        "C-visual.smoothxyz":"0",
        "C-visual.speed":"0.000",
        "C-visual.spritesource":"cursor",
        "C-sound.synth":"P_06_C_08",
        "C-visual.thickness":"5.005",
        "C-sound.velocitymax":"127",
        "C-sound.velocitymin":"0",
        "C-sound.xcontroller":"3",
        "C-sound.ycontroller":"2",
        "C-sound.zcontroller":"1",
        "C-visual.zmin":"0.100",
        "D-effect.1-blur":"false",
        "D-effect.1-blur:blurxdistance":"0.180",
        "D-effect.1-blur:blurydistance":"0.180",
        "D-effect.1-blur:gaussian":"0.170",
        "D-effect.1-blur:quality":"0.480",
        "D-effect.1-displace":"false",
        "D-effect.1-displace:threshold":"0.221",
        "D-effect.1-displace:xfactor":"0.760",
        "D-effect.1-displace:yfactor":"0.240",
        "D-effect.1-edgedetection":"false",
        "D-effect.1-edgedetection:mode":"0.920",
        "D-effect.1-edgedetection:multiplier":"0.240",
        "D-effect.1-fragment":"false",
        "D-effect.1-fragment:distance":"0.839",
        "D-effect.1-fragment:fragments":"0.876",
        "D-effect.1-fragment:fragrotationx":"0.078",
        "D-effect.1-fragment:fragrotationy":"0.377",
        "D-effect.1-fragment:fragrotationz":"0.848",
        "D-effect.1-fragment:fragscale":"0.253",
        "D-effect.1-fragment:rotation":"0.588",
        "D-effect.1-huerotate":"false",
        "D-effect.1-huerotate:huerotate":"0.787",
        "D-effect.1-huerotate:huescale":"0.849",
        "D-effect.1-huerotate:satscale":"0.445",
        "D-effect.1-kaleidoscope":"false",
        "D-effect.1-kaleidoscope:angles":"0.300",
        "D-effect.1-kaleidoscope:inputrotation":"0.500",
        "D-effect.1-kaleidoscope:opacity":"1.000",
        "D-effect.1-kaleidoscope:rotation":"0.000",
        "D-effect.1-kaleidoscope:zoom":"0.580",
        "D-effect.1-mirror":"false",
        "D-effect.1-mirror:flipx":"0",
        "D-effect.1-mirror:flipy":"0",
        "D-effect.1-mirror:in/out":"0.233",
        "D-effect.1-mirror:x":"0.500",
        "D-effect.1-mirror:y":"0.500",
        "D-effect.1-mirrorquad":"false",
        "D-effect.1-mirrorquad:flipx":"0",
        "D-effect.1-mirrorquad:flipy":"0",
        "D-effect.1-posterize":"true",
        "D-effect.1-posterize:posterize":"0.290",
        "D-effect.1-trails":"true",
        "D-effect.1-trails:feedback":"0.550",
        "D-effect.1-twisted":"false",
        "D-effect.1-twisted:radius":"0.310",
        "D-effect.1-twisted:twirl":"0.500",
        "D-effect.2-blur":"false",
        "D-effect.2-blur:blurxdistance":"0.400",
        "D-effect.2-blur:blurydistance":"0.380",
        "D-effect.2-blur:gaussian":"0.170",
        "D-effect.2-blur:quality":"0.480",
        "D-effect.2-displace":"false",
        "D-effect.2-displace:threshold":"0.220",
        "D-effect.2-displace:xfactor":"0.760",
        "D-effect.2-displace:yfactor":"0.240",
        "D-effect.2-edgedetection":"false",
        "D-effect.2-edgedetection:mode":"0.920",
        "D-effect.2-edgedetection:multiplier":"0.240",
        "D-effect.2-fragment":"false",
        "D-effect.2-fragment:distance":"0.528",
        "D-effect.2-fragment:fragments":"0.892",
        "D-effect.2-fragment:fragrotationx":"0.041",
        "D-effect.2-fragment:fragrotationy":"0.702",
        "D-effect.2-fragment:fragrotationz":"0.102",
        "D-effect.2-fragment:fragscale":"0.870",
        "D-effect.2-fragment:rotation":"0.225",
        "D-effect.2-huerotate":"false",
        "D-effect.2-huerotate:huerotate":"0.680",
        "D-effect.2-huerotate:huescale":"0.166",
        "D-effect.2-huerotate:satscale":"0.081",
        "D-effect.2-kaleidoscope":"false",
        "D-effect.2-kaleidoscope:angles":"0.640",
        "D-effect.2-kaleidoscope:inputrotation":"0.500",
        "D-effect.2-kaleidoscope:opacity":"1.000",
        "D-effect.2-kaleidoscope:rotation":"0.000",
        "D-effect.2-kaleidoscope:zoom":"1.000",
        "D-effect.2-mirror":"false",
        "D-effect.2-mirror:flipx":"0",
        "D-effect.2-mirror:flipy":"0",
        "D-effect.2-mirror:in/out":"0.426",
        "D-effect.2-mirror:x":"0.500",
        "D-effect.2-mirror:y":"0.500",
        "D-effect.2-mirrorquad":"false",
        "D-effect.2-mirrorquad:flipx":"1",
        "D-effect.2-mirrorquad:flipy":"1",
        "D-effect.2-posterize":"false",
        "D-effect.2-posterize:posterize":"0.190",
        "D-effect.2-trails":"false",
        "D-effect.2-trails:feedback":"0.550",
        "D-effect.2-twisted":"false",
        "D-effect.2-twisted:radius":"0.310",
        "D-effect.2-twisted:twirl":"0.500",
        "D-visual.alphafinal":"0.000",
        "D-visual.alphainitial":"0.944",
        "D-visual.alphatime":"5.962",
        "D-visual.aspect":"0.403",
        "D-visual.bounce":"false",
        "D-sound.controllerstyle":"modulationonly",
        "D-visual.filled":"false",
        "D-visual.gravity":"0",
        "D-visual.hue1final":"214.914",
        "D-visual.hue1initial":"153.541",
        "D-visual.hue1time":"0.888",
        "D-visual.hue2final":"302.653",
        "D-visual.hue2initial":"201.877",
        "D-visual.hue2time":"0.945",
        "D-visual.justification":"center",
        "D-visual.lifetime":"4.488",
        "D-visual.luminance":"0.500",
        "D-sound.midifile":"jsbach",
        "D-visual.mirrortype":"none",
        "D-visual.movedir":"random90",
        "D-visual.noisevertexx":"0.000",
        "D-visual.noisevertexy":"0.000",
        "D-visual.nsprites":"3179",
        "D-sound.pitchmax":"80",
        "D-sound.pitchmin":"33",
        "D-visual.placement":"cursor",
        "D-visual.rotangdir":"left",
        "D-visual.rotanginit":"0.000",
        "D-visual.rotangspeed":"0.000",
        "D-visual.rotauto":"false",
        "D-visual.saturation":"0.972",
        "D-visual.shape":"square",
        "D-visual.sizefinal":"0.000",
        "D-visual.sizeinitial":"2.625",
        "D-visual.sizetime":"6.564",
        "D-visual.smoothxyz":"10",
        "D-visual.speed":"0.000",
        "D-visual.spritesource":"cursor",
        "D-sound.synth":"P_04_C_03",
        "D-visual.thickness":"5.898",
        "D-sound.velocitymax":"19",
        "D-sound.velocitymin":"114",
        "D-sound.xcontroller":"3",
        "D-sound.ycontroller":"2",
        "D-sound.zcontroller":"1",
        "D-visual.zmin":"0.004"
    }
}
