{
    "params":{
        "A-effect.1-blur":"true",
        "A-effect.1-blur:blurxdistance":"0.740",
        "A-effect.1-blur:blurydistance":"0.783",
        "A-effect.1-blur:gaussian":"0.107",
        "A-effect.1-blur:quality":"1.000",
        "A-effect.1-displace":"true",
        "A-effect.1-displace:threshold":"0.000",
        "A-effect.1-displace:xfactor":"0.000",
        "A-effect.1-displace:yfactor":"0.000",
        "A-effect.1-edgedetection":"false",
        "A-effect.1-edgedetection:mode":"1.000",
        "A-effect.1-edgedetection:multiplier":"0.800",
        "A-effect.1-fragment":"false",
        "A-effect.1-fragment:distance":"0.330",
        "A-effect.1-fragment:fragments":"0.300",
        "A-effect.1-fragment:fragrotationx":"0.500",
        "A-effect.1-fragment:fragrotationy":"0.500",
        "A-effect.1-fragment:fragrotationz":"0.500",
        "A-effect.1-fragment:fragscale":"1.000",
        "A-effect.1-fragment:rotation":"0.000",
        "A-effect.1-huerotate":"false",
        "A-effect.1-huerotate:huerotate":"0.000",
        "A-effect.1-huerotate:huescale":"1.000",
        "A-effect.1-huerotate:satscale":"0.500",
        "A-effect.1-kaleidoscope":"false",
        "A-effect.1-kaleidoscope:angles":"0.300",
        "A-effect.1-kaleidoscope:inputrotation":"0.500",
        "A-effect.1-kaleidoscope:opacity":"1.000",
        "A-effect.1-kaleidoscope:rotation":"0.000",
        "A-effect.1-kaleidoscope:zoom":"0.580",
        "A-effect.1-mirror":"false",
        "A-effect.1-mirror:flipx":"0",
        "A-effect.1-mirror:flipy":"0",
        "A-effect.1-mirror:in/out":"1.000",
        "A-effect.1-mirror:x":"0.500",
        "A-effect.1-mirror:y":"0.500",
        "A-effect.1-mirrorquad":"false",
        "A-effect.1-mirrorquad:flipx":"0",
        "A-effect.1-mirrorquad:flipy":"0",
        "A-effect.1-posterize":"false",
        "A-effect.1-posterize:posterize":"0.190",
        "A-effect.1-trails":"true",
        "A-effect.1-trails:feedback":"0.000",
        "A-effect.1-twisted":"false",
        "A-effect.1-twisted:radius":"0.310",
        "A-effect.1-twisted:twirl":"0.500",
        "A-effect.2-blur":"false",
        "A-effect.2-blur:blurxdistance":"0.740",
        "A-effect.2-blur:blurydistance":"0.783",
        "A-effect.2-blur:gaussian":"0.107",
        "A-effect.2-blur:quality":"1.000",
        "A-effect.2-displace":"false",
        "A-effect.2-displace:threshold":"0.000",
        "A-effect.2-displace:xfactor":"0.000",
        "A-effect.2-displace:yfactor":"0.000",
        "A-effect.2-edgedetection":"false",
        "A-effect.2-edgedetection:mode":"1.000",
        "A-effect.2-edgedetection:multiplier":"0.800",
        "A-effect.2-fragment":"false",
        "A-effect.2-fragment:distance":"0.330",
        "A-effect.2-fragment:fragments":"0.300",
        "A-effect.2-fragment:fragrotationx":"0.500",
        "A-effect.2-fragment:fragrotationy":"0.500",
        "A-effect.2-fragment:fragrotationz":"0.500",
        "A-effect.2-fragment:fragscale":"1.000",
        "A-effect.2-fragment:rotation":"0.000",
        "A-effect.2-huerotate":"false",
        "A-effect.2-huerotate:huerotate":"0.000",
        "A-effect.2-huerotate:huescale":"1.000",
        "A-effect.2-huerotate:satscale":"0.500",
        "A-effect.2-kaleidoscope":"false",
        "A-effect.2-kaleidoscope:angles":"0.300",
        "A-effect.2-kaleidoscope:inputrotation":"0.500",
        "A-effect.2-kaleidoscope:opacity":"1.000",
        "A-effect.2-kaleidoscope:rotation":"0.000",
        "A-effect.2-kaleidoscope:zoom":"0.580",
        "A-effect.2-mirror":"false",
        "A-effect.2-mirror:flipx":"0",
        "A-effect.2-mirror:flipy":"0",
        "A-effect.2-mirror:in/out":"1.000",
        "A-effect.2-mirror:x":"0.500",
        "A-effect.2-mirror:y":"0.500",
        "A-effect.2-mirrorquad":"false",
        "A-effect.2-mirrorquad:flipx":"0",
        "A-effect.2-mirrorquad:flipy":"0",
        "A-effect.2-posterize":"false",
        "A-effect.2-posterize:posterize":"0.190",
        "A-effect.2-trails":"false",
        "A-effect.2-trails:feedback":"0.000",
        "A-effect.2-twisted":"false",
        "A-effect.2-twisted:radius":"0.310",
        "A-effect.2-twisted:twirl":"0.500",
        "A-visual.alphafinal":"0.100",
        "A-visual.alphainitial":"0.890",
        "A-visual.alphatime":"5.286",
        "A-visual.aspect":"0.500",
        "A-visual.bounce":"false",
        "A-sound.controllerstyle":"modulationonly",
        "A-visual.filled":"true",
        "A-visual.gravity":"0",
        "A-visual.hue1final":"0.000",
        "A-visual.hue1initial":"36.000",
        "A-visual.hue1time":"2.003",
        "A-visual.hue2final":"0.000",
        "A-visual.hue2initial":"36.000",
        "A-visual.hue2time":"2.003",
        "A-visual.justification":"center",
        "A-visual.lifetime":"10.000",
        "A-visual.luminance":"0.500",
        "A-sound.midifile":"jsbach",
        "A-visual.mirrortype":"none",
        "A-visual.movedir":"random90",
        "A-visual.noisevertexx":"0.000",
        "A-visual.noisevertexy":"0.000",
        "A-visual.nsprites":"50",
        "A-sound.pitchmax":"80",
        "A-sound.pitchmin":"33",
        "A-visual.placement":"cursor",
        "A-visual.rotangdir":"left",
        "A-visual.rotanginit":"0.000",
        "A-visual.rotangspeed":"120.000",
        "A-visual.rotauto":"false",
        "A-visual.saturation":"1.000",
        "A-visual.shape":"circle",
        "A-visual.sizefinal":"4.423",
        "A-visual.sizeinitial":"3.400",
        "A-visual.sizetime":"3.565",
        "A-visual.smoothxyz":"3",
        "A-visual.speed":"0.130",
        "A-visual.spritesource":"cursor",
        "A-sound.synth":"P_06_C_01",
        "A-visual.thickness":"4.900",
        "A-sound.velocitymax":"127",
        "A-sound.velocitymin":"48",
        "A-sound.xcontroller":"3",
        "A-sound.ycontroller":"2",
        "A-sound.zcontroller":"1",
        "A-visual.zmin":"0.100",
        "B-effect.1-blur":"true",
        "B-effect.1-blur:blurxdistance":"0.200",
        "B-effect.1-blur:blurydistance":"0.280",
        "B-effect.1-blur:gaussian":"0.170",
        "B-effect.1-blur:quality":"0.280",
        "B-effect.1-displace":"false",
        "B-effect.1-displace:threshold":"0.115",
        "B-effect.1-displace:xfactor":"0.760",
        "B-effect.1-displace:yfactor":"0.240",
        "B-effect.1-edgedetection":"false",
        "B-effect.1-edgedetection:mode":"0.920",
        "B-effect.1-edgedetection:multiplier":"0.240",
        "B-effect.1-fragment":"false",
        "B-effect.1-fragment:distance":"0.179",
        "B-effect.1-fragment:fragments":"0.823",
        "B-effect.1-fragment:fragrotationx":"0.979",
        "B-effect.1-fragment:fragrotationy":"0.897",
        "B-effect.1-fragment:fragrotationz":"0.691",
        "B-effect.1-fragment:fragscale":"1.000",
        "B-effect.1-fragment:rotation":"0.155",
        "B-effect.1-huerotate":"false",
        "B-effect.1-huerotate:huerotate":"0.713",
        "B-effect.1-huerotate:huescale":"0.017",
        "B-effect.1-huerotate:satscale":"0.791",
        "B-effect.1-kaleidoscope":"false",
        "B-effect.1-kaleidoscope:angles":"0.300",
        "B-effect.1-kaleidoscope:inputrotation":"0.500",
        "B-effect.1-kaleidoscope:opacity":"1.000",
        "B-effect.1-kaleidoscope:rotation":"0.000",
        "B-effect.1-kaleidoscope:zoom":"0.580",
        "B-effect.1-mirror":"false",
        "B-effect.1-mirror:flipx":"0",
        "B-effect.1-mirror:flipy":"0",
        "B-effect.1-mirror:in/out":"0.360",
        "B-effect.1-mirror:x":"0.500",
        "B-effect.1-mirror:y":"0.500",
        "B-effect.1-mirrorquad":"false",
        "B-effect.1-mirrorquad:flipx":"1",
        "B-effect.1-mirrorquad:flipy":"0",
        "B-effect.1-posterize":"false",
        "B-effect.1-posterize:posterize":"0.190",
        "B-effect.1-trails":"false",
        "B-effect.1-trails:feedback":"0.550",
        "B-effect.1-twisted":"false",
        "B-effect.1-twisted:radius":"0.310",
        "B-effect.1-twisted:twirl":"0.500",
        "B-effect.2-blur":"false",
        "B-effect.2-blur:blurxdistance":"0.100",
        "B-effect.2-blur:blurydistance":"0.080",
        "B-effect.2-blur:gaussian":"0.170",
        "B-effect.2-blur:quality":"0.280",
        "B-effect.2-displace":"false",
        "B-effect.2-displace:threshold":"0.008",
        "B-effect.2-displace:xfactor":"0.760",
        "B-effect.2-displace:yfactor":"0.240",
        "B-effect.2-edgedetection":"false",
        "B-effect.2-edgedetection:mode":"0.920",
        "B-effect.2-edgedetection:multiplier":"0.240",
        "B-effect.2-fragment":"false",
        "B-effect.2-fragment:distance":"0.697",
        "B-effect.2-fragment:fragments":"0.200",
        "B-effect.2-fragment:fragrotationx":"0.660",
        "B-effect.2-fragment:fragrotationy":"0.378",
        "B-effect.2-fragment:fragrotationz":"0.942",
        "B-effect.2-fragment:fragscale":"1.000",
        "B-effect.2-fragment:rotation":"0.408",
        "B-effect.2-huerotate":"false",
        "B-effect.2-huerotate:huerotate":"0.390",
        "B-effect.2-huerotate:huescale":"0.631",
        "B-effect.2-huerotate:satscale":"0.291",
        "B-effect.2-kaleidoscope":"false",
        "B-effect.2-kaleidoscope:angles":"0.300",
        "B-effect.2-kaleidoscope:inputrotation":"0.500",
        "B-effect.2-kaleidoscope:opacity":"1.000",
        "B-effect.2-kaleidoscope:rotation":"0.000",
        "B-effect.2-kaleidoscope:zoom":"0.580",
        "B-effect.2-mirror":"false",
        "B-effect.2-mirror:flipx":"1",
        "B-effect.2-mirror:flipy":"0",
        "B-effect.2-mirror:in/out":"0.720",
        "B-effect.2-mirror:x":"0.500",
        "B-effect.2-mirror:y":"0.500",
        "B-effect.2-mirrorquad":"false",
        "B-effect.2-mirrorquad:flipx":"0",
        "B-effect.2-mirrorquad:flipy":"1",
        "B-effect.2-posterize":"false",
        "B-effect.2-posterize:posterize":"0.190",
        "B-effect.2-trails":"false",
        "B-effect.2-trails:feedback":"0.550",
        "B-effect.2-twisted":"false",
        "B-effect.2-twisted:radius":"0.310",
        "B-effect.2-twisted:twirl":"0.500",
        "B-visual.alphafinal":"0.000",
        "B-visual.alphainitial":"0.753",
        "B-visual.alphatime":"2.446",
        "B-visual.aspect":"0.500",
        "B-visual.bounce":"false",
        "B-sound.controllerstyle":"modulationonly",
        "B-visual.filled":"true",
        "B-visual.gravity":"0",
        "B-visual.hue1final":"59.121",
        "B-visual.hue1initial":"15.181",
        "B-visual.hue1time":"5.000",
        "B-visual.hue2final":"59.121",
        "B-visual.hue2initial":"15.181",
        "B-visual.hue2time":"5.000",
        "B-visual.justification":"center",
        "B-visual.lifetime":"6.000",
        "B-visual.luminance":"0.500",
        "B-sound.midifile":"jsbach",
        "B-visual.mirrortype":"none",
        "B-visual.movedir":"cursor",
        "B-visual.noisevertexx":"0.000",
        "B-visual.noisevertexy":"0.000",
        "B-visual.nsprites":"144",
        "B-sound.pitchmax":"67",
        "B-sound.pitchmin":"40",
        "B-visual.placement":"cursor",
        "B-visual.rotangdir":"left",
        "B-visual.rotanginit":"0.000",
        "B-visual.rotangspeed":"0.000",
        "B-visual.rotauto":"false",
        "B-visual.saturation":"1.000",
        "B-visual.shape":"circle",
        "B-visual.sizefinal":"8.890",
        "B-visual.sizeinitial":"0.990",
        "B-visual.sizetime":"5.005",
        "B-visual.smoothxyz":"6",
        "B-visual.speed":"0.014",
        "B-visual.spritesource":"cursor",
        "B-sound.synth":"P_04_C_03",
        "B-visual.thickness":"1.903",
        "B-sound.velocitymax":"127",
        "B-sound.velocitymin":"13",
        "B-sound.xcontroller":"1",
        "B-sound.ycontroller":"1",
        "B-sound.zcontroller":"1",
        "B-visual.zmin":"0.100",
        "C-effect.1-blur":"true",
        "C-effect.1-blur:blurxdistance":"0.400",
        "C-effect.1-blur:blurydistance":"0.380",
        "C-effect.1-blur:gaussian":"0.170",
        "C-effect.1-blur:quality":"0.480",
        "C-effect.1-displace":"false",
        "C-effect.1-displace:threshold":"0.000",
        "C-effect.1-displace:xfactor":"0.760",
        "C-effect.1-displace:yfactor":"0.240",
        "C-effect.1-edgedetection":"false",
        "C-effect.1-edgedetection:mode":"0.920",
        "C-effect.1-edgedetection:multiplier":"0.240",
        "C-effect.1-fragment":"false",
        "C-effect.1-fragment:distance":"0.330",
        "C-effect.1-fragment:fragments":"0.300",
        "C-effect.1-fragment:fragrotationx":"0.500",
        "C-effect.1-fragment:fragrotationy":"0.500",
        "C-effect.1-fragment:fragrotationz":"0.500",
        "C-effect.1-fragment:fragscale":"1.000",
        "C-effect.1-fragment:rotation":"0.000",
        "C-effect.1-huerotate":"false",
        "C-effect.1-huerotate:huerotate":"0.000",
        "C-effect.1-huerotate:huescale":"1.000",
        "C-effect.1-huerotate:satscale":"0.500",
        "C-effect.1-kaleidoscope":"false",
        "C-effect.1-kaleidoscope:angles":"0.300",
        "C-effect.1-kaleidoscope:inputrotation":"0.500",
        "C-effect.1-kaleidoscope:opacity":"1.000",
        "C-effect.1-kaleidoscope:rotation":"0.000",
        "C-effect.1-kaleidoscope:zoom":"0.580",
        "C-effect.1-mirror":"false",
        "C-effect.1-mirror:flipx":"0",
        "C-effect.1-mirror:flipy":"0",
        "C-effect.1-mirror:in/out":"1.000",
        "C-effect.1-mirror:x":"0.500",
        "C-effect.1-mirror:y":"0.500",
        "C-effect.1-mirrorquad":"false",
        "C-effect.1-mirrorquad:flipx":"0",
        "C-effect.1-mirrorquad:flipy":"0",
        "C-effect.1-posterize":"true",
        "C-effect.1-posterize:posterize":"0.190",
        "C-effect.1-trails":"true",
        "C-effect.1-trails:feedback":"0.550",
        "C-effect.1-twisted":"false",
        "C-effect.1-twisted:radius":"0.310",
        "C-effect.1-twisted:twirl":"0.500",
        "C-effect.2-blur":"false",
        "C-effect.2-blur:blurxdistance":"0.400",
        "C-effect.2-blur:blurydistance":"0.380",
        "C-effect.2-blur:gaussian":"0.170",
        "C-effect.2-blur:quality":"0.480",
        "C-effect.2-displace":"false",
        "C-effect.2-displace:threshold":"0.000",
        "C-effect.2-displace:xfactor":"0.760",
        "C-effect.2-displace:yfactor":"0.240",
        "C-effect.2-edgedetection":"false",
        "C-effect.2-edgedetection:mode":"0.920",
        "C-effect.2-edgedetection:multiplier":"0.240",
        "C-effect.2-fragment":"false",
        "C-effect.2-fragment:distance":"0.330",
        "C-effect.2-fragment:fragments":"0.300",
        "C-effect.2-fragment:fragrotationx":"0.500",
        "C-effect.2-fragment:fragrotationy":"0.500",
        "C-effect.2-fragment:fragrotationz":"0.500",
        "C-effect.2-fragment:fragscale":"1.000",
        "C-effect.2-fragment:rotation":"0.000",
        "C-effect.2-huerotate":"false",
        "C-effect.2-huerotate:huerotate":"0.000",
        "C-effect.2-huerotate:huescale":"1.000",
        "C-effect.2-huerotate:satscale":"0.500",
        "C-effect.2-kaleidoscope":"false",
        "C-effect.2-kaleidoscope:angles":"0.300",
        "C-effect.2-kaleidoscope:inputrotation":"0.500",
        "C-effect.2-kaleidoscope:opacity":"1.000",
        "C-effect.2-kaleidoscope:rotation":"0.000",
        "C-effect.2-kaleidoscope:zoom":"0.580",
        "C-effect.2-mirror":"false",
        "C-effect.2-mirror:flipx":"0",
        "C-effect.2-mirror:flipy":"0",
        "C-effect.2-mirror:in/out":"1.000",
        "C-effect.2-mirror:x":"0.500",
        "C-effect.2-mirror:y":"0.500",
        "C-effect.2-mirrorquad":"false",
        "C-effect.2-mirrorquad:flipx":"0",
        "C-effect.2-mirrorquad:flipy":"0",
        "C-effect.2-posterize":"false",
        "C-effect.2-posterize:posterize":"0.190",
        "C-effect.2-trails":"false",
        "C-effect.2-trails:feedback":"0.550",
        "C-effect.2-twisted":"false",
        "C-effect.2-twisted:radius":"0.310",
        "C-effect.2-twisted:twirl":"0.500",
        "C-visual.alphafinal":"0.000",
        "C-visual.alphainitial":"1.000",
        "C-visual.alphatime":"6.882",
        "C-visual.aspect":"0.500",
        "C-visual.bounce":"false",
        "C-sound.controllerstyle":"modulationonly",
        "C-visual.filled":"false",
        "C-visual.gravity":"0",
        "C-visual.hue1final":"0.000",
        "C-visual.hue1initial":"32.400",
        "C-visual.hue1time":"3.002",
        "C-visual.hue2final":"0.000",
        "C-visual.hue2initial":"32.400",
        "C-visual.hue2time":"3.002",
        "C-visual.justification":"center",
        "C-visual.lifetime":"10.000",
        "C-visual.luminance":"0.600",
        "C-sound.midifile":"jsbach",
        "C-visual.mirrortype":"none",
        "C-visual.movedir":"random",
        "C-visual.noisevertexx":"0.000",
        "C-visual.noisevertexy":"0.000",
        "C-visual.nsprites":"148",
        "C-sound.pitchmax":"80",
        "C-sound.pitchmin":"33",
        "C-visual.placement":"cursor",
        "C-visual.rotangdir":"random",
        "C-visual.rotanginit":"0.000",
        "C-visual.rotangspeed":"72.000",
        "C-visual.rotauto":"true",
        "C-visual.saturation":"1.000",
        "C-visual.shape":"circle",
        "C-visual.sizefinal":"9.010",
        "C-visual.sizeinitial":"2.000",
        "C-visual.sizetime":"5.077",
        "C-visual.smoothxyz":"3",
        "C-visual.speed":"0.060",
        "C-visual.spritesource":"cursor",
        "C-sound.synth":"P_01_C_08",
        "C-visual.thickness":"8.002",
        "C-sound.velocitymax":"127",
        "C-sound.velocitymin":"48",
        "C-sound.xcontroller":"3",
        "C-sound.ycontroller":"2",
        "C-sound.zcontroller":"1",
        "C-visual.zmin":"0.204",
        "D-effect.1-blur":"false",
        "D-effect.1-blur:blurxdistance":"0.448",
        "D-effect.1-blur:blurydistance":"0.682",
        "D-effect.1-blur:gaussian":"0.948",
        "D-effect.1-blur:quality":"0.914",
        "D-effect.1-displace":"false",
        "D-effect.1-displace:threshold":"0.221",
        "D-effect.1-displace:xfactor":"0.960",
        "D-effect.1-displace:yfactor":"0.748",
        "D-effect.1-edgedetection":"false",
        "D-effect.1-edgedetection:mode":"0.650",
        "D-effect.1-edgedetection:multiplier":"0.463",
        "D-effect.1-fragment":"false",
        "D-effect.1-fragment:distance":"0.839",
        "D-effect.1-fragment:fragments":"0.876",
        "D-effect.1-fragment:fragrotationx":"0.078",
        "D-effect.1-fragment:fragrotationy":"0.377",
        "D-effect.1-fragment:fragrotationz":"0.848",
        "D-effect.1-fragment:fragscale":"0.253",
        "D-effect.1-fragment:rotation":"0.588",
        "D-effect.1-huerotate":"false",
        "D-effect.1-huerotate:huerotate":"0.787",
        "D-effect.1-huerotate:huescale":"0.849",
        "D-effect.1-huerotate:satscale":"0.445",
        "D-effect.1-kaleidoscope":"false",
        "D-effect.1-kaleidoscope:angles":"0.894",
        "D-effect.1-kaleidoscope:inputrotation":"0.723",
        "D-effect.1-kaleidoscope:opacity":"1.000",
        "D-effect.1-kaleidoscope:rotation":"0.179",
        "D-effect.1-kaleidoscope:zoom":"0.816",
        "D-effect.1-mirror":"false",
        "D-effect.1-mirror:flipx":"0",
        "D-effect.1-mirror:flipy":"0",
        "D-effect.1-mirror:in/out":"0.233",
        "D-effect.1-mirror:x":"0.500",
        "D-effect.1-mirror:y":"0.500",
        "D-effect.1-mirrorquad":"false",
        "D-effect.1-mirrorquad:flipx":"0",
        "D-effect.1-mirrorquad:flipy":"0",
        "D-effect.1-posterize":"false",
        "D-effect.1-posterize:posterize":"0.404",
        "D-effect.1-trails":"true",
        "D-effect.1-trails:feedback":"0.550",
        "D-effect.1-twisted":"false",
        "D-effect.1-twisted:radius":"0.947",
        "D-effect.1-twisted:twirl":"0.561",
        "D-effect.2-blur":"true",
        "D-effect.2-blur:blurxdistance":"0.091",
        "D-effect.2-blur:blurydistance":"0.719",
        "D-effect.2-blur:gaussian":"0.447",
        "D-effect.2-blur:quality":"0.607",
        "D-effect.2-displace":"true",
        "D-effect.2-displace:threshold":"0.220",
        "D-effect.2-displace:xfactor":"0.271",
        "D-effect.2-displace:yfactor":"0.088",
        "D-effect.2-edgedetection":"false",
        "D-effect.2-edgedetection:mode":"0.890",
        "D-effect.2-edgedetection:multiplier":"0.384",
        "D-effect.2-fragment":"false",
        "D-effect.2-fragment:distance":"0.528",
        "D-effect.2-fragment:fragments":"0.892",
        "D-effect.2-fragment:fragrotationx":"0.041",
        "D-effect.2-fragment:fragrotationy":"0.702",
        "D-effect.2-fragment:fragrotationz":"0.102",
        "D-effect.2-fragment:fragscale":"0.870",
        "D-effect.2-fragment:rotation":"0.225",
        "D-effect.2-huerotate":"false",
        "D-effect.2-huerotate:huerotate":"0.680",
        "D-effect.2-huerotate:huescale":"0.166",
        "D-effect.2-huerotate:satscale":"0.081",
        "D-effect.2-kaleidoscope":"false",
        "D-effect.2-kaleidoscope:angles":"0.671",
        "D-effect.2-kaleidoscope:inputrotation":"0.007",
        "D-effect.2-kaleidoscope:opacity":"1.000",
        "D-effect.2-kaleidoscope:rotation":"0.466",
        "D-effect.2-kaleidoscope:zoom":"0.824",
        "D-effect.2-mirror":"false",
        "D-effect.2-mirror:flipx":"0",
        "D-effect.2-mirror:flipy":"0",
        "D-effect.2-mirror:in/out":"0.426",
        "D-effect.2-mirror:x":"0.500",
        "D-effect.2-mirror:y":"0.500",
        "D-effect.2-mirrorquad":"false",
        "D-effect.2-mirrorquad:flipx":"1",
        "D-effect.2-mirrorquad:flipy":"1",
        "D-effect.2-posterize":"false",
        "D-effect.2-posterize:posterize":"0.119",
        "D-effect.2-trails":"true",
        "D-effect.2-trails:feedback":"0.550",
        "D-effect.2-twisted":"false",
        "D-effect.2-twisted:radius":"0.940",
        "D-effect.2-twisted:twirl":"0.813",
        "D-visual.alphafinal":"0.000",
        "D-visual.alphainitial":"0.916",
        "D-visual.alphatime":"7.510",
        "D-visual.aspect":"0.669",
        "D-visual.bounce":"true",
        "D-sound.controllerstyle":"modulationonly",
        "D-visual.filled":"false",
        "D-visual.gravity":"0",
        "D-visual.hue1final":"0.000",
        "D-visual.hue1initial":"16.935",
        "D-visual.hue1time":"1.005",
        "D-visual.hue2final":"0.000",
        "D-visual.hue2initial":"36.008",
        "D-visual.hue2time":"1.427",
        "D-visual.justification":"center",
        "D-visual.lifetime":"2.813",
        "D-visual.luminance":"0.500",
        "D-sound.midifile":"jsbach",
        "D-visual.mirrortype":"none",
        "D-visual.movedir":"updown",
        "D-visual.noisevertexx":"0.000",
        "D-visual.noisevertexy":"0.000",
        "D-visual.nsprites":"9529",
        "D-sound.pitchmax":"80",
        "D-sound.pitchmin":"33",
        "D-visual.placement":"cursor",
        "D-visual.rotangdir":"right",
        "D-visual.rotanginit":"277.991",
        "D-visual.rotangspeed":"-29.772",
        "D-visual.rotauto":"true",
        "D-visual.saturation":"0.900",
        "D-visual.shape":"square",
        "D-visual.sizefinal":"2.279",
        "D-visual.sizeinitial":"1.612",
        "D-visual.sizetime":"8.242",
        "D-visual.smoothxyz":"5",
        "D-visual.speed":"0.076",
        "D-visual.spritesource":"cursor",
        "D-sound.synth":"P_02_C_05",
        "D-visual.thickness":"7.391",
        "D-sound.velocitymax":"127",
        "D-sound.velocitymin":"1",
        "D-sound.xcontroller":"3",
        "D-sound.ycontroller":"2",
        "D-sound.zcontroller":"1",
        "D-visual.zmin":"0.004"
    }
}
