{
    "params":{
        "A-effect.1-blur":"true",
        "A-effect.1-blur:blurxdistance":"0.100",
        "A-effect.1-blur:blurydistance":"0.080",
        "A-effect.1-blur:gaussian":"0.170",
        "A-effect.1-blur:quality":"0.280",
        "A-effect.1-displace":"true",
        "A-effect.1-displace:threshold":"0.000",
        "A-effect.1-displace:xfactor":"0.760",
        "A-effect.1-displace:yfactor":"0.240",
        "A-effect.1-edgedetection":"false",
        "A-effect.1-edgedetection:mode":"0.920",
        "A-effect.1-edgedetection:multiplier":"0.240",
        "A-effect.1-fragment":"false",
        "A-effect.1-fragment:distance":"0.000",
        "A-effect.1-fragment:fragments":"0.210",
        "A-effect.1-fragment:fragrotationx":"0.500",
        "A-effect.1-fragment:fragrotationy":"0.500",
        "A-effect.1-fragment:fragrotationz":"0.500",
        "A-effect.1-fragment:fragscale":"1.000",
        "A-effect.1-fragment:rotation":"0.000",
        "A-effect.1-huerotate":"false",
        "A-effect.1-huerotate:huerotate":"0.000",
        "A-effect.1-huerotate:huescale":"1.000",
        "A-effect.1-huerotate:satscale":"0.500",
        "A-effect.1-kaleidoscope":"false",
        "A-effect.1-kaleidoscope:angles":"0.300",
        "A-effect.1-kaleidoscope:inputrotation":"0.500",
        "A-effect.1-kaleidoscope:opacity":"1.000",
        "A-effect.1-kaleidoscope:rotation":"0.000",
        "A-effect.1-kaleidoscope:zoom":"0.580",
        "A-effect.1-mirror":"false",
        "A-effect.1-mirror:flipx":"0",
        "A-effect.1-mirror:flipy":"0",
        "A-effect.1-mirror:in/out":"1.000",
        "A-effect.1-mirror:x":"0.500",
        "A-effect.1-mirror:y":"0.500",
        "A-effect.1-mirrorquad":"false",
        "A-effect.1-mirrorquad:flipx":"0",
        "A-effect.1-mirrorquad:flipy":"0",
        "A-effect.1-posterize":"false",
        "A-effect.1-posterize:posterize":"0.190",
        "A-effect.1-trails":"true",
        "A-effect.1-trails:feedback":"0.550",
        "A-effect.1-twisted":"false",
        "A-effect.1-twisted:radius":"0.310",
        "A-effect.1-twisted:twirl":"0.500",
        "A-effect.2-blur":"false",
        "A-effect.2-blur:blurxdistance":"0.100",
        "A-effect.2-blur:blurydistance":"0.080",
        "A-effect.2-blur:gaussian":"0.170",
        "A-effect.2-blur:quality":"0.280",
        "A-effect.2-displace":"false",
        "A-effect.2-displace:threshold":"0.000",
        "A-effect.2-displace:xfactor":"0.760",
        "A-effect.2-displace:yfactor":"0.240",
        "A-effect.2-edgedetection":"false",
        "A-effect.2-edgedetection:mode":"0.920",
        "A-effect.2-edgedetection:multiplier":"0.240",
        "A-effect.2-fragment":"false",
        "A-effect.2-fragment:distance":"0.330",
        "A-effect.2-fragment:fragments":"0.300",
        "A-effect.2-fragment:fragrotationx":"0.500",
        "A-effect.2-fragment:fragrotationy":"0.500",
        "A-effect.2-fragment:fragrotationz":"0.500",
        "A-effect.2-fragment:fragscale":"1.000",
        "A-effect.2-fragment:rotation":"0.000",
        "A-effect.2-huerotate":"false",
        "A-effect.2-huerotate:huerotate":"0.000",
        "A-effect.2-huerotate:huescale":"1.000",
        "A-effect.2-huerotate:satscale":"0.500",
        "A-effect.2-kaleidoscope":"false",
        "A-effect.2-kaleidoscope:angles":"0.640",
        "A-effect.2-kaleidoscope:inputrotation":"0.500",
        "A-effect.2-kaleidoscope:opacity":"1.000",
        "A-effect.2-kaleidoscope:rotation":"0.000",
        "A-effect.2-kaleidoscope:zoom":"1.000",
        "A-effect.2-mirror":"false",
        "A-effect.2-mirror:flipx":"0",
        "A-effect.2-mirror:flipy":"0",
        "A-effect.2-mirror:in/out":"1.000",
        "A-effect.2-mirror:x":"0.500",
        "A-effect.2-mirror:y":"0.500",
        "A-effect.2-mirrorquad":"false",
        "A-effect.2-mirrorquad:flipx":"0",
        "A-effect.2-mirrorquad:flipy":"0",
        "A-effect.2-posterize":"false",
        "A-effect.2-posterize:posterize":"0.190",
        "A-effect.2-trails":"false",
        "A-effect.2-trails:feedback":"0.550",
        "A-effect.2-twisted":"false",
        "A-effect.2-twisted:radius":"0.310",
        "A-effect.2-twisted:twirl":"0.500",
        "A-visual.alphafinal":"0.001",
        "A-visual.alphainitial":"1.000",
        "A-visual.alphatime":"6.285",
        "A-visual.aspect":"0.500",
        "A-visual.bounce":"false",
        "A-sound.controllerstyle":"modulationonly",
        "A-visual.filled":"false",
        "A-visual.gravity":"0",
        "A-visual.hue1final":"252.000",
        "A-visual.hue1initial":"180.000",
        "A-visual.hue1time":"2.003",
        "A-visual.hue2final":"252.000",
        "A-visual.hue2initial":"180.000",
        "A-visual.hue2time":"2.003",
        "A-visual.justification":"center",
        "A-visual.lifetime":"6.000",
        "A-visual.luminance":"0.500",
        "A-sound.midifile":"jsbach",
        "A-visual.mirrortype":"none",
        "A-visual.movedir":"up",
        "A-visual.noisevertexx":"0.000",
        "A-visual.noisevertexy":"0.000",
        "A-visual.nsprites":"1246",
        "A-sound.pitchmax":"72",
        "A-sound.pitchmin":"25",
        "A-visual.placement":"cursor",
        "A-visual.rotangdir":"left",
        "A-visual.rotanginit":"0.000",
        "A-visual.rotangspeed":"0.000",
        "A-visual.rotauto":"false",
        "A-visual.saturation":"1.000",
        "A-visual.shape":"circle",
        "A-visual.sizefinal":"10.000",
        "A-visual.sizeinitial":"2.201",
        "A-visual.sizetime":"4.538",
        "A-visual.smoothxyz":"7",
        "A-visual.speed":"0.160",
        "A-visual.spritesource":"cursor",
        "A-sound.synth":"P_11_C_02",
        "A-visual.thickness":"3.901",
        "A-sound.velocitymax":"127",
        "A-sound.velocitymin":"48",
        "A-sound.xcontroller":"1",
        "A-sound.ycontroller":"1",
        "A-sound.zcontroller":"1",
        "A-visual.zmin":"0.100",
        "B-effect.1-blur":"false",
        "B-effect.1-blur:blurxdistance":"0.768",
        "B-effect.1-blur:blurydistance":"0.258",
        "B-effect.1-blur:gaussian":"0.760",
        "B-effect.1-blur:quality":"0.650",
        "B-effect.1-displace":"true",
        "B-effect.1-displace:threshold":"0.212",
        "B-effect.1-displace:xfactor":"0.036",
        "B-effect.1-displace:yfactor":"0.773",
        "B-effect.1-edgedetection":"false",
        "B-effect.1-edgedetection:mode":"0.532",
        "B-effect.1-edgedetection:multiplier":"0.969",
        "B-effect.1-fragment":"false",
        "B-effect.1-fragment:distance":"0.563",
        "B-effect.1-fragment:fragments":"0.386",
        "B-effect.1-fragment:fragrotationx":"0.729",
        "B-effect.1-fragment:fragrotationy":"0.480",
        "B-effect.1-fragment:fragrotationz":"0.163",
        "B-effect.1-fragment:fragscale":"1.000",
        "B-effect.1-fragment:rotation":"0.972",
        "B-effect.1-huerotate":"false",
        "B-effect.1-huerotate:huerotate":"0.225",
        "B-effect.1-huerotate:huescale":"0.582",
        "B-effect.1-huerotate:satscale":"0.195",
        "B-effect.1-kaleidoscope":"false",
        "B-effect.1-kaleidoscope:angles":"0.570",
        "B-effect.1-kaleidoscope:inputrotation":"0.769",
        "B-effect.1-kaleidoscope:opacity":"1.000",
        "B-effect.1-kaleidoscope:rotation":"0.739",
        "B-effect.1-kaleidoscope:zoom":"0.161",
        "B-effect.1-mirror":"false",
        "B-effect.1-mirror:flipx":"1",
        "B-effect.1-mirror:flipy":"1",
        "B-effect.1-mirror:in/out":"0.822",
        "B-effect.1-mirror:x":"0.500",
        "B-effect.1-mirror:y":"0.500",
        "B-effect.1-mirrorquad":"false",
        "B-effect.1-mirrorquad:flipx":"1",
        "B-effect.1-mirrorquad:flipy":"0",
        "B-effect.1-posterize":"false",
        "B-effect.1-posterize:posterize":"0.475",
        "B-effect.1-trails":"false",
        "B-effect.1-trails:feedback":"0.529",
        "B-effect.1-twisted":"false",
        "B-effect.1-twisted:radius":"0.960",
        "B-effect.1-twisted:twirl":"0.531",
        "B-effect.2-blur":"false",
        "B-effect.2-blur:blurxdistance":"0.649",
        "B-effect.2-blur:blurydistance":"0.848",
        "B-effect.2-blur:gaussian":"0.002",
        "B-effect.2-blur:quality":"0.661",
        "B-effect.2-displace":"false",
        "B-effect.2-displace:threshold":"0.027",
        "B-effect.2-displace:xfactor":"0.286",
        "B-effect.2-displace:yfactor":"0.727",
        "B-effect.2-edgedetection":"false",
        "B-effect.2-edgedetection:mode":"0.557",
        "B-effect.2-edgedetection:multiplier":"0.479",
        "B-effect.2-fragment":"false",
        "B-effect.2-fragment:distance":"0.058",
        "B-effect.2-fragment:fragments":"0.902",
        "B-effect.2-fragment:fragrotationx":"0.681",
        "B-effect.2-fragment:fragrotationy":"0.132",
        "B-effect.2-fragment:fragrotationz":"0.247",
        "B-effect.2-fragment:fragscale":"1.000",
        "B-effect.2-fragment:rotation":"0.476",
        "B-effect.2-huerotate":"false",
        "B-effect.2-huerotate:huerotate":"0.897",
        "B-effect.2-huerotate:huescale":"0.131",
        "B-effect.2-huerotate:satscale":"0.095",
        "B-effect.2-kaleidoscope":"false",
        "B-effect.2-kaleidoscope:angles":"0.325",
        "B-effect.2-kaleidoscope:inputrotation":"0.623",
        "B-effect.2-kaleidoscope:opacity":"1.000",
        "B-effect.2-kaleidoscope:rotation":"0.560",
        "B-effect.2-kaleidoscope:zoom":"0.932",
        "B-effect.2-mirror":"false",
        "B-effect.2-mirror:flipx":"1",
        "B-effect.2-mirror:flipy":"0",
        "B-effect.2-mirror:in/out":"0.041",
        "B-effect.2-mirror:x":"0.500",
        "B-effect.2-mirror:y":"0.500",
        "B-effect.2-mirrorquad":"false",
        "B-effect.2-mirrorquad:flipx":"1",
        "B-effect.2-mirrorquad:flipy":"0",
        "B-effect.2-posterize":"false",
        "B-effect.2-posterize:posterize":"0.350",
        "B-effect.2-trails":"false",
        "B-effect.2-trails:feedback":"0.692",
        "B-effect.2-twisted":"false",
        "B-effect.2-twisted:radius":"0.283",
        "B-effect.2-twisted:twirl":"0.044",
        "B-visual.alphafinal":"0.000",
        "B-visual.alphainitial":"0.753",
        "B-visual.alphatime":"2.446",
        "B-visual.aspect":"0.500",
        "B-visual.bounce":"false",
        "B-sound.controllerstyle":"modulationonly",
        "B-visual.filled":"true",
        "B-visual.gravity":"0",
        "B-visual.hue1final":"59.121",
        "B-visual.hue1initial":"15.181",
        "B-visual.hue1time":"5.000",
        "B-visual.hue2final":"59.121",
        "B-visual.hue2initial":"15.181",
        "B-visual.hue2time":"5.000",
        "B-visual.justification":"center",
        "B-visual.lifetime":"6.000",
        "B-visual.luminance":"0.500",
        "B-sound.midifile":"jsbach",
        "B-visual.mirrortype":"none",
        "B-visual.movedir":"cursor",
        "B-visual.noisevertexx":"0.000",
        "B-visual.noisevertexy":"0.000",
        "B-visual.nsprites":"144",
        "B-sound.pitchmax":"67",
        "B-sound.pitchmin":"40",
        "B-visual.placement":"cursor",
        "B-visual.rotangdir":"left",
        "B-visual.rotanginit":"0.000",
        "B-visual.rotangspeed":"0.000",
        "B-visual.rotauto":"false",
        "B-visual.saturation":"1.000",
        "B-visual.shape":"circle",
        "B-visual.sizefinal":"8.890",
        "B-visual.sizeinitial":"0.990",
        "B-visual.sizetime":"5.005",
        "B-visual.smoothxyz":"6",
        "B-visual.speed":"0.014",
        "B-visual.spritesource":"cursor",
        "B-sound.synth":"P_04_C_03",
        "B-visual.thickness":"1.903",
        "B-sound.velocitymax":"127",
        "B-sound.velocitymin":"13",
        "B-sound.xcontroller":"1",
        "B-sound.ycontroller":"1",
        "B-sound.zcontroller":"1",
        "B-visual.zmin":"0.100",
        "C-effect.1-blur":"false",
        "C-effect.1-blur:blurxdistance":"0.768",
        "C-effect.1-blur:blurydistance":"0.258",
        "C-effect.1-blur:gaussian":"0.760",
        "C-effect.1-blur:quality":"0.650",
        "C-effect.1-displace":"true",
        "C-effect.1-displace:threshold":"0.212",
        "C-effect.1-displace:xfactor":"0.036",
        "C-effect.1-displace:yfactor":"0.773",
        "C-effect.1-edgedetection":"false",
        "C-effect.1-edgedetection:mode":"0.532",
        "C-effect.1-edgedetection:multiplier":"0.969",
        "C-effect.1-fragment":"false",
        "C-effect.1-fragment:distance":"0.563",
        "C-effect.1-fragment:fragments":"0.386",
        "C-effect.1-fragment:fragrotationx":"0.729",
        "C-effect.1-fragment:fragrotationy":"0.480",
        "C-effect.1-fragment:fragrotationz":"0.163",
        "C-effect.1-fragment:fragscale":"1.000",
        "C-effect.1-fragment:rotation":"0.972",
        "C-effect.1-huerotate":"false",
        "C-effect.1-huerotate:huerotate":"0.225",
        "C-effect.1-huerotate:huescale":"0.582",
        "C-effect.1-huerotate:satscale":"0.195",
        "C-effect.1-kaleidoscope":"false",
        "C-effect.1-kaleidoscope:angles":"0.570",
        "C-effect.1-kaleidoscope:inputrotation":"0.769",
        "C-effect.1-kaleidoscope:opacity":"1.000",
        "C-effect.1-kaleidoscope:rotation":"0.739",
        "C-effect.1-kaleidoscope:zoom":"0.161",
        "C-effect.1-mirror":"false",
        "C-effect.1-mirror:flipx":"1",
        "C-effect.1-mirror:flipy":"1",
        "C-effect.1-mirror:in/out":"0.822",
        "C-effect.1-mirror:x":"0.500",
        "C-effect.1-mirror:y":"0.500",
        "C-effect.1-mirrorquad":"false",
        "C-effect.1-mirrorquad:flipx":"1",
        "C-effect.1-mirrorquad:flipy":"0",
        "C-effect.1-posterize":"false",
        "C-effect.1-posterize:posterize":"0.475",
        "C-effect.1-trails":"false",
        "C-effect.1-trails:feedback":"0.529",
        "C-effect.1-twisted":"false",
        "C-effect.1-twisted:radius":"0.960",
        "C-effect.1-twisted:twirl":"0.531",
        "C-effect.2-blur":"false",
        "C-effect.2-blur:blurxdistance":"0.649",
        "C-effect.2-blur:blurydistance":"0.848",
        "C-effect.2-blur:gaussian":"0.002",
        "C-effect.2-blur:quality":"0.661",
        "C-effect.2-displace":"false",
        "C-effect.2-displace:threshold":"0.027",
        "C-effect.2-displace:xfactor":"0.286",
        "C-effect.2-displace:yfactor":"0.727",
        "C-effect.2-edgedetection":"false",
        "C-effect.2-edgedetection:mode":"0.557",
        "C-effect.2-edgedetection:multiplier":"0.479",
        "C-effect.2-fragment":"false",
        "C-effect.2-fragment:distance":"0.058",
        "C-effect.2-fragment:fragments":"0.902",
        "C-effect.2-fragment:fragrotationx":"0.681",
        "C-effect.2-fragment:fragrotationy":"0.132",
        "C-effect.2-fragment:fragrotationz":"0.247",
        "C-effect.2-fragment:fragscale":"1.000",
        "C-effect.2-fragment:rotation":"0.476",
        "C-effect.2-huerotate":"false",
        "C-effect.2-huerotate:huerotate":"0.897",
        "C-effect.2-huerotate:huescale":"0.131",
        "C-effect.2-huerotate:satscale":"0.095",
        "C-effect.2-kaleidoscope":"false",
        "C-effect.2-kaleidoscope:angles":"0.325",
        "C-effect.2-kaleidoscope:inputrotation":"0.623",
        "C-effect.2-kaleidoscope:opacity":"1.000",
        "C-effect.2-kaleidoscope:rotation":"0.560",
        "C-effect.2-kaleidoscope:zoom":"0.932",
        "C-effect.2-mirror":"false",
        "C-effect.2-mirror:flipx":"1",
        "C-effect.2-mirror:flipy":"0",
        "C-effect.2-mirror:in/out":"0.041",
        "C-effect.2-mirror:x":"0.500",
        "C-effect.2-mirror:y":"0.500",
        "C-effect.2-mirrorquad":"false",
        "C-effect.2-mirrorquad:flipx":"1",
        "C-effect.2-mirrorquad:flipy":"0",
        "C-effect.2-posterize":"false",
        "C-effect.2-posterize:posterize":"0.350",
        "C-effect.2-trails":"false",
        "C-effect.2-trails:feedback":"0.692",
        "C-effect.2-twisted":"false",
        "C-effect.2-twisted:radius":"0.283",
        "C-effect.2-twisted:twirl":"0.044",
        "C-visual.alphafinal":"0.000",
        "C-visual.alphainitial":"0.600",
        "C-visual.alphatime":"3.206",
        "C-visual.aspect":"0.289",
        "C-visual.bounce":"true",
        "C-sound.controllerstyle":"modulationonly",
        "C-visual.filled":"true",
        "C-visual.gravity":"0",
        "C-visual.hue1final":"324.000",
        "C-visual.hue1initial":"360.000",
        "C-visual.hue1time":"2.008",
        "C-visual.hue2final":"36.000",
        "C-visual.hue2initial":"72.000",
        "C-visual.hue2time":"3.906",
        "C-visual.justification":"center",
        "C-visual.lifetime":"6.000",
        "C-visual.luminance":"0.500",
        "C-sound.midifile":"jsbach",
        "C-visual.mirrortype":"none",
        "C-visual.movedir":"leftright",
        "C-visual.noisevertexx":"0.000",
        "C-visual.noisevertexy":"0.000",
        "C-visual.nsprites":"1039",
        "C-sound.pitchmax":"72",
        "C-sound.pitchmin":"50",
        "C-visual.placement":"cursor",
        "C-visual.rotangdir":"right",
        "C-visual.rotanginit":"90.000",
        "C-visual.rotangspeed":"0.000",
        "C-visual.rotauto":"false",
        "C-visual.saturation":"1.000",
        "C-visual.shape":"square",
        "C-visual.sizefinal":"1.000",
        "C-visual.sizeinitial":"3.499",
        "C-visual.sizetime":"4.606",
        "C-visual.smoothxyz":"3",
        "C-visual.speed":"0.070",
        "C-visual.spritesource":"cursor",
        "C-sound.synth":"P_09_C_07",
        "C-visual.thickness":"7.902",
        "C-sound.velocitymax":"127",
        "C-sound.velocitymin":"105",
        "C-sound.xcontroller":"1",
        "C-sound.ycontroller":"1",
        "C-sound.zcontroller":"1",
        "C-visual.zmin":"0.004",
        "D-effect.1-blur":"false",
        "D-effect.1-blur:blurxdistance":"0.768",
        "D-effect.1-blur:blurydistance":"0.258",
        "D-effect.1-blur:gaussian":"0.760",
        "D-effect.1-blur:quality":"0.650",
        "D-effect.1-displace":"true",
        "D-effect.1-displace:threshold":"0.212",
        "D-effect.1-displace:xfactor":"0.036",
        "D-effect.1-displace:yfactor":"0.773",
        "D-effect.1-edgedetection":"false",
        "D-effect.1-edgedetection:mode":"0.532",
        "D-effect.1-edgedetection:multiplier":"0.969",
        "D-effect.1-fragment":"false",
        "D-effect.1-fragment:distance":"0.563",
        "D-effect.1-fragment:fragments":"0.386",
        "D-effect.1-fragment:fragrotationx":"0.729",
        "D-effect.1-fragment:fragrotationy":"0.480",
        "D-effect.1-fragment:fragrotationz":"0.163",
        "D-effect.1-fragment:fragscale":"1.000",
        "D-effect.1-fragment:rotation":"0.972",
        "D-effect.1-huerotate":"false",
        "D-effect.1-huerotate:huerotate":"0.225",
        "D-effect.1-huerotate:huescale":"0.582",
        "D-effect.1-huerotate:satscale":"0.195",
        "D-effect.1-kaleidoscope":"false",
        "D-effect.1-kaleidoscope:angles":"0.570",
        "D-effect.1-kaleidoscope:inputrotation":"0.769",
        "D-effect.1-kaleidoscope:opacity":"1.000",
        "D-effect.1-kaleidoscope:rotation":"0.739",
        "D-effect.1-kaleidoscope:zoom":"0.161",
        "D-effect.1-mirror":"false",
        "D-effect.1-mirror:flipx":"1",
        "D-effect.1-mirror:flipy":"1",
        "D-effect.1-mirror:in/out":"0.822",
        "D-effect.1-mirror:x":"0.500",
        "D-effect.1-mirror:y":"0.500",
        "D-effect.1-mirrorquad":"false",
        "D-effect.1-mirrorquad:flipx":"1",
        "D-effect.1-mirrorquad:flipy":"0",
        "D-effect.1-posterize":"false",
        "D-effect.1-posterize:posterize":"0.475",
        "D-effect.1-trails":"false",
        "D-effect.1-trails:feedback":"0.529",
        "D-effect.1-twisted":"false",
        "D-effect.1-twisted:radius":"0.960",
        "D-effect.1-twisted:twirl":"0.531",
        "D-effect.2-blur":"false",
        "D-effect.2-blur:blurxdistance":"0.649",
        "D-effect.2-blur:blurydistance":"0.848",
        "D-effect.2-blur:gaussian":"0.002",
        "D-effect.2-blur:quality":"0.661",
        "D-effect.2-displace":"false",
        "D-effect.2-displace:threshold":"0.027",
        "D-effect.2-displace:xfactor":"0.286",
        "D-effect.2-displace:yfactor":"0.727",
        "D-effect.2-edgedetection":"false",
        "D-effect.2-edgedetection:mode":"0.557",
        "D-effect.2-edgedetection:multiplier":"0.479",
        "D-effect.2-fragment":"false",
        "D-effect.2-fragment:distance":"0.058",
        "D-effect.2-fragment:fragments":"0.902",
        "D-effect.2-fragment:fragrotationx":"0.681",
        "D-effect.2-fragment:fragrotationy":"0.132",
        "D-effect.2-fragment:fragrotationz":"0.247",
        "D-effect.2-fragment:fragscale":"1.000",
        "D-effect.2-fragment:rotation":"0.476",
        "D-effect.2-huerotate":"false",
        "D-effect.2-huerotate:huerotate":"0.897",
        "D-effect.2-huerotate:huescale":"0.131",
        "D-effect.2-huerotate:satscale":"0.095",
        "D-effect.2-kaleidoscope":"false",
        "D-effect.2-kaleidoscope:angles":"0.325",
        "D-effect.2-kaleidoscope:inputrotation":"0.623",
        "D-effect.2-kaleidoscope:opacity":"1.000",
        "D-effect.2-kaleidoscope:rotation":"0.560",
        "D-effect.2-kaleidoscope:zoom":"0.932",
        "D-effect.2-mirror":"false",
        "D-effect.2-mirror:flipx":"1",
        "D-effect.2-mirror:flipy":"0",
        "D-effect.2-mirror:in/out":"0.041",
        "D-effect.2-mirror:x":"0.500",
        "D-effect.2-mirror:y":"0.500",
        "D-effect.2-mirrorquad":"false",
        "D-effect.2-mirrorquad:flipx":"1",
        "D-effect.2-mirrorquad:flipy":"0",
        "D-effect.2-posterize":"false",
        "D-effect.2-posterize:posterize":"0.350",
        "D-effect.2-trails":"false",
        "D-effect.2-trails:feedback":"0.692",
        "D-effect.2-twisted":"false",
        "D-effect.2-twisted:radius":"0.283",
        "D-effect.2-twisted:twirl":"0.044",
        "D-visual.alphafinal":"0.000",
        "D-visual.alphainitial":"0.600",
        "D-visual.alphatime":"3.288",
        "D-visual.aspect":"0.500",
        "D-visual.bounce":"false",
        "D-sound.controllerstyle":"modulationonly",
        "D-visual.filled":"true",
        "D-visual.gravity":"0",
        "D-visual.hue1final":"288.000",
        "D-visual.hue1initial":"144.000",
        "D-visual.hue1time":"2.003",
        "D-visual.hue2final":"0.000",
        "D-visual.hue2initial":"216.360",
        "D-visual.hue2time":"2.003",
        "D-visual.justification":"center",
        "D-visual.lifetime":"10.000",
        "D-visual.luminance":"0.500",
        "D-sound.midifile":"jsbach",
        "D-visual.mirrortype":"none",
        "D-visual.movedir":"left",
        "D-visual.noisevertexx":"0.000",
        "D-visual.noisevertexy":"0.000",
        "D-visual.nsprites":"147",
        "D-sound.pitchmax":"80",
        "D-sound.pitchmin":"33",
        "D-visual.placement":"cursor",
        "D-visual.rotangdir":"right",
        "D-visual.rotanginit":"45.000",
        "D-visual.rotangspeed":"0.000",
        "D-visual.rotauto":"false",
        "D-visual.saturation":"1.000",
        "D-visual.shape":"square",
        "D-visual.sizefinal":"1.000",
        "D-visual.sizeinitial":"4.006",
        "D-visual.sizetime":"4.277",
        "D-visual.smoothxyz":"3",
        "D-visual.speed":"0.000",
        "D-visual.spritesource":"cursor",
        "D-sound.synth":"P_04_C_04",
        "D-visual.thickness":"3.007",
        "D-sound.velocitymax":"127",
        "D-sound.velocitymin":"45",
        "D-sound.xcontroller":"3",
        "D-sound.ycontroller":"2",
        "D-sound.zcontroller":"1",
        "D-visual.zmin":"0.004"
    }
}
