{
    "params":{
        "A-effect.1-blur":"true",
        "A-effect.1-blur:blurxdistance":"0.440",
        "A-effect.1-blur:blurydistance":"0.483",
        "A-effect.1-blur:gaussian":"0.077",
        "A-effect.1-blur:quality":"1.000",
        "A-effect.1-displace":"false",
        "A-effect.1-displace:threshold":"0.000",
        "A-effect.1-displace:xfactor":"0.000",
        "A-effect.1-displace:yfactor":"0.000",
        "A-effect.1-edgedetection":"false",
        "A-effect.1-edgedetection:mode":"0.400",
        "A-effect.1-edgedetection:multiplier":"1.000",
        "A-effect.1-fragment":"true",
        "A-effect.1-fragment:distance":"0.000",
        "A-effect.1-fragment:fragments":"0.210",
        "A-effect.1-fragment:fragrotationx":"0.500",
        "A-effect.1-fragment:fragrotationy":"0.500",
        "A-effect.1-fragment:fragrotationz":"0.500",
        "A-effect.1-fragment:fragscale":"1.000",
        "A-effect.1-fragment:rotation":"0.000",
        "A-effect.1-huerotate":"false",
        "A-effect.1-huerotate:huerotate":"0.000",
        "A-effect.1-huerotate:huescale":"1.000",
        "A-effect.1-huerotate:satscale":"0.500",
        "A-effect.1-kaleidoscope":"false",
        "A-effect.1-kaleidoscope:angles":"0.300",
        "A-effect.1-kaleidoscope:inputrotation":"0.500",
        "A-effect.1-kaleidoscope:opacity":"1.000",
        "A-effect.1-kaleidoscope:rotation":"0.000",
        "A-effect.1-kaleidoscope:zoom":"0.580",
        "A-effect.1-mirror":"false",
        "A-effect.1-mirror:flipx":"0",
        "A-effect.1-mirror:flipy":"0",
        "A-effect.1-mirror:in/out":"1.000",
        "A-effect.1-mirror:x":"0.500",
        "A-effect.1-mirror:y":"0.500",
        "A-effect.1-mirrorquad":"false",
        "A-effect.1-mirrorquad:flipx":"0",
        "A-effect.1-mirrorquad:flipy":"0",
        "A-effect.1-posterize":"false",
        "A-effect.1-posterize:posterize":"0.190",
        "A-effect.1-trails":"true",
        "A-effect.1-trails:feedback":"0.000",
        "A-effect.1-twisted":"false",
        "A-effect.1-twisted:radius":"0.310",
        "A-effect.1-twisted:twirl":"0.500",
        "A-effect.2-blur":"false",
        "A-effect.2-blur:blurxdistance":"0.740",
        "A-effect.2-blur:blurydistance":"0.783",
        "A-effect.2-blur:gaussian":"0.077",
        "A-effect.2-blur:quality":"1.000",
        "A-effect.2-displace":"true",
        "A-effect.2-displace:threshold":"0.000",
        "A-effect.2-displace:xfactor":"0.000",
        "A-effect.2-displace:yfactor":"0.000",
        "A-effect.2-edgedetection":"false",
        "A-effect.2-edgedetection:mode":"0.920",
        "A-effect.2-edgedetection:multiplier":"0.540",
        "A-effect.2-fragment":"false",
        "A-effect.2-fragment:distance":"0.330",
        "A-effect.2-fragment:fragments":"0.300",
        "A-effect.2-fragment:fragrotationx":"0.500",
        "A-effect.2-fragment:fragrotationy":"0.500",
        "A-effect.2-fragment:fragrotationz":"0.500",
        "A-effect.2-fragment:fragscale":"1.000",
        "A-effect.2-fragment:rotation":"0.000",
        "A-effect.2-huerotate":"false",
        "A-effect.2-huerotate:huerotate":"0.000",
        "A-effect.2-huerotate:huescale":"1.000",
        "A-effect.2-huerotate:satscale":"0.500",
        "A-effect.2-kaleidoscope":"false",
        "A-effect.2-kaleidoscope:angles":"0.300",
        "A-effect.2-kaleidoscope:inputrotation":"0.500",
        "A-effect.2-kaleidoscope:opacity":"1.000",
        "A-effect.2-kaleidoscope:rotation":"0.000",
        "A-effect.2-kaleidoscope:zoom":"0.580",
        "A-effect.2-mirror":"false",
        "A-effect.2-mirror:flipx":"0",
        "A-effect.2-mirror:flipy":"0",
        "A-effect.2-mirror:in/out":"1.000",
        "A-effect.2-mirror:x":"0.500",
        "A-effect.2-mirror:y":"0.500",
        "A-effect.2-mirrorquad":"false",
        "A-effect.2-mirrorquad:flipx":"0",
        "A-effect.2-mirrorquad:flipy":"0",
        "A-effect.2-posterize":"false",
        "A-effect.2-posterize:posterize":"0.190",
        "A-effect.2-trails":"false",
        "A-effect.2-trails:feedback":"0.000",
        "A-effect.2-twisted":"false",
        "A-effect.2-twisted:radius":"0.310",
        "A-effect.2-twisted:twirl":"0.500",
        "A-visual.alphafinal":"0.000",
        "A-visual.alphainitial":"0.860",
        "A-visual.alphatime":"2.886",
        "A-visual.aspect":"0.500",
        "A-visual.bounce":"false",
        "A-sound.controllerstyle":"modulationonly",
        "A-visual.filled":"true",
        "A-visual.gravity":"0",
        "A-visual.hue1final":"180.000",
        "A-visual.hue1initial":"216.000",
        "A-visual.hue1time":"5.000",
        "A-visual.hue2final":"180.000",
        "A-visual.hue2initial":"180.000",
        "A-visual.hue2time":"5.000",
        "A-visual.justification":"center",
        "A-visual.lifetime":"10.000",
        "A-visual.luminance":"0.500",
        "A-sound.midifile":"jsbach",
        "A-visual.mirrortype":"none",
        "A-visual.movedir":"random",
        "A-visual.noisevertexx":"0.000",
        "A-visual.noisevertexy":"0.000",
        "A-visual.nsprites":"1000",
        "A-sound.pitchmax":"80",
        "A-sound.pitchmin":"33",
        "A-visual.placement":"cursor",
        "A-visual.rotangdir":"right",
        "A-visual.rotanginit":"0.000",
        "A-visual.rotangspeed":"72.000",
        "A-visual.rotauto":"false",
        "A-visual.saturation":"1.000",
        "A-visual.shape":"circle",
        "A-visual.sizefinal":"0.000",
        "A-visual.sizeinitial":"3.007",
        "A-visual.sizetime":"3.781",
        "A-visual.smoothxyz":"6",
        "A-visual.speed":"0.260",
        "A-visual.spritesource":"cursor",
        "A-sound.synth":"P_03_C_07",
        "A-visual.thickness":"1.009",
        "A-sound.velocitymax":"127",
        "A-sound.velocitymin":"1",
        "A-sound.xcontroller":"3",
        "A-sound.ycontroller":"2",
        "A-sound.zcontroller":"1",
        "A-visual.zmin":"0.100",
        "B-effect.1-blur":"true",
        "B-effect.1-blur:blurxdistance":"0.100",
        "B-effect.1-blur:blurydistance":"0.080",
        "B-effect.1-blur:gaussian":"0.170",
        "B-effect.1-blur:quality":"0.280",
        "B-effect.1-displace":"true",
        "B-effect.1-displace:threshold":"0.115",
        "B-effect.1-displace:xfactor":"0.760",
        "B-effect.1-displace:yfactor":"0.240",
        "B-effect.1-edgedetection":"false",
        "B-effect.1-edgedetection:mode":"0.920",
        "B-effect.1-edgedetection:multiplier":"0.240",
        "B-effect.1-fragment":"false",
        "B-effect.1-fragment:distance":"0.179",
        "B-effect.1-fragment:fragments":"0.823",
        "B-effect.1-fragment:fragrotationx":"0.979",
        "B-effect.1-fragment:fragrotationy":"0.897",
        "B-effect.1-fragment:fragrotationz":"0.691",
        "B-effect.1-fragment:fragscale":"1.000",
        "B-effect.1-fragment:rotation":"0.155",
        "B-effect.1-huerotate":"false",
        "B-effect.1-huerotate:huerotate":"0.713",
        "B-effect.1-huerotate:huescale":"0.017",
        "B-effect.1-huerotate:satscale":"0.791",
        "B-effect.1-kaleidoscope":"false",
        "B-effect.1-kaleidoscope:angles":"0.300",
        "B-effect.1-kaleidoscope:inputrotation":"0.500",
        "B-effect.1-kaleidoscope:opacity":"1.000",
        "B-effect.1-kaleidoscope:rotation":"0.000",
        "B-effect.1-kaleidoscope:zoom":"0.580",
        "B-effect.1-mirror":"false",
        "B-effect.1-mirror:flipx":"0",
        "B-effect.1-mirror:flipy":"0",
        "B-effect.1-mirror:in/out":"0.360",
        "B-effect.1-mirror:x":"0.500",
        "B-effect.1-mirror:y":"0.500",
        "B-effect.1-mirrorquad":"false",
        "B-effect.1-mirrorquad:flipx":"1",
        "B-effect.1-mirrorquad:flipy":"0",
        "B-effect.1-posterize":"false",
        "B-effect.1-posterize:posterize":"0.190",
        "B-effect.1-trails":"true",
        "B-effect.1-trails:feedback":"0.550",
        "B-effect.1-twisted":"false",
        "B-effect.1-twisted:radius":"0.310",
        "B-effect.1-twisted:twirl":"0.500",
        "B-effect.2-blur":"false",
        "B-effect.2-blur:blurxdistance":"0.100",
        "B-effect.2-blur:blurydistance":"0.080",
        "B-effect.2-blur:gaussian":"0.170",
        "B-effect.2-blur:quality":"0.280",
        "B-effect.2-displace":"false",
        "B-effect.2-displace:threshold":"0.008",
        "B-effect.2-displace:xfactor":"0.760",
        "B-effect.2-displace:yfactor":"0.240",
        "B-effect.2-edgedetection":"false",
        "B-effect.2-edgedetection:mode":"0.920",
        "B-effect.2-edgedetection:multiplier":"0.240",
        "B-effect.2-fragment":"false",
        "B-effect.2-fragment:distance":"0.697",
        "B-effect.2-fragment:fragments":"0.200",
        "B-effect.2-fragment:fragrotationx":"0.660",
        "B-effect.2-fragment:fragrotationy":"0.378",
        "B-effect.2-fragment:fragrotationz":"0.942",
        "B-effect.2-fragment:fragscale":"1.000",
        "B-effect.2-fragment:rotation":"0.408",
        "B-effect.2-huerotate":"false",
        "B-effect.2-huerotate:huerotate":"0.390",
        "B-effect.2-huerotate:huescale":"0.631",
        "B-effect.2-huerotate:satscale":"0.291",
        "B-effect.2-kaleidoscope":"false",
        "B-effect.2-kaleidoscope:angles":"0.640",
        "B-effect.2-kaleidoscope:inputrotation":"0.500",
        "B-effect.2-kaleidoscope:opacity":"1.000",
        "B-effect.2-kaleidoscope:rotation":"0.000",
        "B-effect.2-kaleidoscope:zoom":"1.000",
        "B-effect.2-mirror":"false",
        "B-effect.2-mirror:flipx":"1",
        "B-effect.2-mirror:flipy":"0",
        "B-effect.2-mirror:in/out":"0.720",
        "B-effect.2-mirror:x":"0.500",
        "B-effect.2-mirror:y":"0.500",
        "B-effect.2-mirrorquad":"false",
        "B-effect.2-mirrorquad:flipx":"0",
        "B-effect.2-mirrorquad:flipy":"1",
        "B-effect.2-posterize":"false",
        "B-effect.2-posterize:posterize":"0.190",
        "B-effect.2-trails":"false",
        "B-effect.2-trails:feedback":"0.550",
        "B-effect.2-twisted":"false",
        "B-effect.2-twisted:radius":"0.310",
        "B-effect.2-twisted:twirl":"0.500",
        "B-visual.alphafinal":"0.000",
        "B-visual.alphainitial":"1.000",
        "B-visual.alphatime":"6.526",
        "B-visual.aspect":"0.200",
        "B-visual.bounce":"false",
        "B-sound.controllerstyle":"modulationonly",
        "B-visual.filled":"true",
        "B-visual.gravity":"0",
        "B-visual.hue1final":"360.000",
        "B-visual.hue1initial":"360.000",
        "B-visual.hue1time":"6.567",
        "B-visual.hue2final":"360.000",
        "B-visual.hue2initial":"360.000",
        "B-visual.hue2time":"7.639",
        "B-visual.justification":"center",
        "B-visual.lifetime":"6.264",
        "B-visual.luminance":"0.500",
        "B-sound.midifile":"jsbach",
        "B-visual.mirrortype":"none",
        "B-visual.movedir":"leftright",
        "B-visual.noisevertexx":"0.000",
        "B-visual.noisevertexy":"0.000",
        "B-visual.nsprites":"9104",
        "B-sound.pitchmax":"80",
        "B-sound.pitchmin":"33",
        "B-visual.placement":"cursor",
        "B-visual.rotangdir":"left",
        "B-visual.rotanginit":"126.840",
        "B-visual.rotangspeed":"5.760",
        "B-visual.rotauto":"true",
        "B-visual.saturation":"0.500",
        "B-visual.shape":"circle",
        "B-visual.sizefinal":"6.446",
        "B-visual.sizeinitial":"5.680",
        "B-visual.sizetime":"0.318",
        "B-visual.smoothxyz":"5",
        "B-visual.speed":"0.119",
        "B-visual.spritesource":"cursor",
        "B-sound.synth":"P_06_C_01",
        "B-visual.thickness":"2.008",
        "B-sound.velocitymax":"127",
        "B-sound.velocitymin":"48",
        "B-sound.xcontroller":"3",
        "B-sound.ycontroller":"2",
        "B-sound.zcontroller":"1",
        "B-visual.zmin":"0.004",
        "C-effect.1-blur":"true",
        "C-effect.1-blur:blurxdistance":"0.300",
        "C-effect.1-blur:blurydistance":"0.280",
        "C-effect.1-blur:gaussian":"0.670",
        "C-effect.1-blur:quality":"0.780",
        "C-effect.1-displace":"true",
        "C-effect.1-displace:threshold":"0.115",
        "C-effect.1-displace:xfactor":"0.160",
        "C-effect.1-displace:yfactor":"0.040",
        "C-effect.1-edgedetection":"false",
        "C-effect.1-edgedetection:mode":"0.920",
        "C-effect.1-edgedetection:multiplier":"0.240",
        "C-effect.1-fragment":"false",
        "C-effect.1-fragment:distance":"0.079",
        "C-effect.1-fragment:fragments":"0.623",
        "C-effect.1-fragment:fragrotationx":"0.579",
        "C-effect.1-fragment:fragrotationy":"0.587",
        "C-effect.1-fragment:fragrotationz":"0.691",
        "C-effect.1-fragment:fragscale":"1.000",
        "C-effect.1-fragment:rotation":"0.155",
        "C-effect.1-huerotate":"false",
        "C-effect.1-huerotate:huerotate":"0.713",
        "C-effect.1-huerotate:huescale":"0.017",
        "C-effect.1-huerotate:satscale":"0.791",
        "C-effect.1-kaleidoscope":"false",
        "C-effect.1-kaleidoscope:angles":"0.300",
        "C-effect.1-kaleidoscope:inputrotation":"0.500",
        "C-effect.1-kaleidoscope:opacity":"1.000",
        "C-effect.1-kaleidoscope:rotation":"0.000",
        "C-effect.1-kaleidoscope:zoom":"0.580",
        "C-effect.1-mirror":"false",
        "C-effect.1-mirror:flipx":"0",
        "C-effect.1-mirror:flipy":"0",
        "C-effect.1-mirror:in/out":"0.360",
        "C-effect.1-mirror:x":"0.500",
        "C-effect.1-mirror:y":"0.500",
        "C-effect.1-mirrorquad":"false",
        "C-effect.1-mirrorquad:flipx":"1",
        "C-effect.1-mirrorquad:flipy":"1",
        "C-effect.1-posterize":"true",
        "C-effect.1-posterize:posterize":"0.060",
        "C-effect.1-trails":"false",
        "C-effect.1-trails:feedback":"0.550",
        "C-effect.1-twisted":"false",
        "C-effect.1-twisted:radius":"0.310",
        "C-effect.1-twisted:twirl":"0.499",
        "C-effect.2-blur":"false",
        "C-effect.2-blur:blurxdistance":"0.600",
        "C-effect.2-blur:blurydistance":"0.580",
        "C-effect.2-blur:gaussian":"0.470",
        "C-effect.2-blur:quality":"0.480",
        "C-effect.2-displace":"false",
        "C-effect.2-displace:threshold":"0.008",
        "C-effect.2-displace:xfactor":"0.760",
        "C-effect.2-displace:yfactor":"0.240",
        "C-effect.2-edgedetection":"false",
        "C-effect.2-edgedetection:mode":"0.920",
        "C-effect.2-edgedetection:multiplier":"0.240",
        "C-effect.2-fragment":"false",
        "C-effect.2-fragment:distance":"0.697",
        "C-effect.2-fragment:fragments":"0.200",
        "C-effect.2-fragment:fragrotationx":"0.660",
        "C-effect.2-fragment:fragrotationy":"0.378",
        "C-effect.2-fragment:fragrotationz":"0.942",
        "C-effect.2-fragment:fragscale":"1.000",
        "C-effect.2-fragment:rotation":"0.408",
        "C-effect.2-huerotate":"false",
        "C-effect.2-huerotate:huerotate":"0.390",
        "C-effect.2-huerotate:huescale":"0.631",
        "C-effect.2-huerotate:satscale":"0.291",
        "C-effect.2-kaleidoscope":"false",
        "C-effect.2-kaleidoscope:angles":"0.640",
        "C-effect.2-kaleidoscope:inputrotation":"0.500",
        "C-effect.2-kaleidoscope:opacity":"1.000",
        "C-effect.2-kaleidoscope:rotation":"0.000",
        "C-effect.2-kaleidoscope:zoom":"1.000",
        "C-effect.2-mirror":"false",
        "C-effect.2-mirror:flipx":"1",
        "C-effect.2-mirror:flipy":"0",
        "C-effect.2-mirror:in/out":"0.720",
        "C-effect.2-mirror:x":"0.500",
        "C-effect.2-mirror:y":"0.500",
        "C-effect.2-mirrorquad":"false",
        "C-effect.2-mirrorquad:flipx":"0",
        "C-effect.2-mirrorquad:flipy":"1",
        "C-effect.2-posterize":"true",
        "C-effect.2-posterize:posterize":"0.130",
        "C-effect.2-trails":"false",
        "C-effect.2-trails:feedback":"0.550",
        "C-effect.2-twisted":"false",
        "C-effect.2-twisted:radius":"0.310",
        "C-effect.2-twisted:twirl":"0.500",
        "C-visual.alphafinal":"0.000",
        "C-visual.alphainitial":"1.000",
        "C-visual.alphatime":"6.526",
        "C-visual.aspect":"0.200",
        "C-visual.bounce":"false",
        "C-sound.controllerstyle":"modulationonly",
        "C-visual.filled":"true",
        "C-visual.gravity":"0",
        "C-visual.hue1final":"320.220",
        "C-visual.hue1initial":"212.422",
        "C-visual.hue1time":"3.570",
        "C-visual.hue2final":"147.525",
        "C-visual.hue2initial":"97.969",
        "C-visual.hue2time":"5.641",
        "C-visual.justification":"center",
        "C-visual.lifetime":"6.264",
        "C-visual.luminance":"0.500",
        "C-sound.midifile":"jsbach",
        "C-visual.mirrortype":"none",
        "C-visual.movedir":"leftright",
        "C-visual.noisevertexx":"0.000",
        "C-visual.noisevertexy":"0.000",
        "C-visual.nsprites":"9104",
        "C-sound.pitchmax":"80",
        "C-sound.pitchmin":"33",
        "C-visual.placement":"cursor",
        "C-visual.rotangdir":"random",
        "C-visual.rotanginit":"126.840",
        "C-visual.rotangspeed":"24.000",
        "C-visual.rotauto":"false",
        "C-visual.saturation":"0.500",
        "C-visual.shape":"circle",
        "C-visual.sizefinal":"4.446",
        "C-visual.sizeinitial":"3.682",
        "C-visual.sizetime":"2.316",
        "C-visual.smoothxyz":"7",
        "C-visual.speed":"0.119",
        "C-visual.spritesource":"cursor",
        "C-sound.synth":"P_06_C_01",
        "C-visual.thickness":"2.008",
        "C-sound.velocitymax":"127",
        "C-sound.velocitymin":"48",
        "C-sound.xcontroller":"3",
        "C-sound.ycontroller":"2",
        "C-sound.zcontroller":"1",
        "C-visual.zmin":"0.004",
        "D-effect.1-blur":"false",
        "D-effect.1-blur:blurxdistance":"0.440",
        "D-effect.1-blur:blurydistance":"0.675",
        "D-effect.1-blur:gaussian":"0.057",
        "D-effect.1-blur:quality":"0.283",
        "D-effect.1-displace":"false",
        "D-effect.1-displace:threshold":"0.160",
        "D-effect.1-displace:xfactor":"0.843",
        "D-effect.1-displace:yfactor":"0.945",
        "D-effect.1-edgedetection":"false",
        "D-effect.1-edgedetection:mode":"0.220",
        "D-effect.1-edgedetection:multiplier":"0.657",
        "D-effect.1-fragment":"false",
        "D-effect.1-fragment:distance":"0.299",
        "D-effect.1-fragment:fragments":"0.834",
        "D-effect.1-fragment:fragrotationx":"0.084",
        "D-effect.1-fragment:fragrotationy":"0.213",
        "D-effect.1-fragment:fragrotationz":"0.622",
        "D-effect.1-fragment:fragscale":"1.000",
        "D-effect.1-fragment:rotation":"0.777",
        "D-effect.1-huerotate":"false",
        "D-effect.1-huerotate:huerotate":"0.756",
        "D-effect.1-huerotate:huescale":"0.501",
        "D-effect.1-huerotate:satscale":"0.037",
        "D-effect.1-kaleidoscope":"false",
        "D-effect.1-kaleidoscope:angles":"0.225",
        "D-effect.1-kaleidoscope:inputrotation":"0.590",
        "D-effect.1-kaleidoscope:opacity":"1.000",
        "D-effect.1-kaleidoscope:rotation":"0.154",
        "D-effect.1-kaleidoscope:zoom":"0.303",
        "D-effect.1-mirror":"false",
        "D-effect.1-mirror:flipx":"1",
        "D-effect.1-mirror:flipy":"1",
        "D-effect.1-mirror:in/out":"0.299",
        "D-effect.1-mirror:x":"0.500",
        "D-effect.1-mirror:y":"0.500",
        "D-effect.1-mirrorquad":"false",
        "D-effect.1-mirrorquad:flipx":"1",
        "D-effect.1-mirrorquad:flipy":"1",
        "D-effect.1-posterize":"false",
        "D-effect.1-posterize:posterize":"0.357",
        "D-effect.1-trails":"false",
        "D-effect.1-trails:feedback":"0.550",
        "D-effect.1-twisted":"false",
        "D-effect.1-twisted:radius":"0.962",
        "D-effect.1-twisted:twirl":"0.115",
        "D-effect.2-blur":"true",
        "D-effect.2-blur:blurxdistance":"0.152",
        "D-effect.2-blur:blurydistance":"0.157",
        "D-effect.2-blur:gaussian":"0.438",
        "D-effect.2-blur:quality":"0.303",
        "D-effect.2-displace":"true",
        "D-effect.2-displace:threshold":"0.142",
        "D-effect.2-displace:xfactor":"0.211",
        "D-effect.2-displace:yfactor":"0.871",
        "D-effect.2-edgedetection":"false",
        "D-effect.2-edgedetection:mode":"0.147",
        "D-effect.2-edgedetection:multiplier":"0.635",
        "D-effect.2-fragment":"false",
        "D-effect.2-fragment:distance":"0.756",
        "D-effect.2-fragment:fragments":"0.885",
        "D-effect.2-fragment:fragrotationx":"0.478",
        "D-effect.2-fragment:fragrotationy":"0.358",
        "D-effect.2-fragment:fragrotationz":"0.693",
        "D-effect.2-fragment:fragscale":"1.000",
        "D-effect.2-fragment:rotation":"0.198",
        "D-effect.2-huerotate":"true",
        "D-effect.2-huerotate:huerotate":"0.044",
        "D-effect.2-huerotate:huescale":"0.938",
        "D-effect.2-huerotate:satscale":"0.100",
        "D-effect.2-kaleidoscope":"false",
        "D-effect.2-kaleidoscope:angles":"0.166",
        "D-effect.2-kaleidoscope:inputrotation":"0.500",
        "D-effect.2-kaleidoscope:opacity":"1.000",
        "D-effect.2-kaleidoscope:rotation":"0.149",
        "D-effect.2-kaleidoscope:zoom":"0.851",
        "D-effect.2-mirror":"false",
        "D-effect.2-mirror:flipx":"1",
        "D-effect.2-mirror:flipy":"1",
        "D-effect.2-mirror:in/out":"0.327",
        "D-effect.2-mirror:x":"0.500",
        "D-effect.2-mirror:y":"0.500",
        "D-effect.2-mirrorquad":"false",
        "D-effect.2-mirrorquad:flipx":"0",
        "D-effect.2-mirrorquad:flipy":"1",
        "D-effect.2-posterize":"false",
        "D-effect.2-posterize:posterize":"0.428",
        "D-effect.2-trails":"true",
        "D-effect.2-trails:feedback":"0.550",
        "D-effect.2-twisted":"false",
        "D-effect.2-twisted:radius":"0.456",
        "D-effect.2-twisted:twirl":"0.243",
        "D-visual.alphafinal":"0.000",
        "D-visual.alphainitial":"1.000",
        "D-visual.alphatime":"5.005",
        "D-visual.aspect":"0.500",
        "D-visual.bounce":"false",
        "D-sound.controllerstyle":"modulationonly",
        "D-visual.filled":"false",
        "D-visual.gravity":"0",
        "D-visual.hue1final":"176.400",
        "D-visual.hue1initial":"172.800",
        "D-visual.hue1time":"1.004",
        "D-visual.hue2final":"176.400",
        "D-visual.hue2initial":"172.800",
        "D-visual.hue2time":"1.004",
        "D-visual.justification":"center",
        "D-visual.lifetime":"10.000",
        "D-visual.luminance":"1.000",
        "D-sound.midifile":"jsbach",
        "D-visual.mirrortype":"none",
        "D-visual.movedir":"leftright",
        "D-visual.noisevertexx":"0.000",
        "D-visual.noisevertexy":"0.000",
        "D-visual.nsprites":"146",
        "D-sound.pitchmax":"80",
        "D-sound.pitchmin":"33",
        "D-visual.placement":"cursor",
        "D-visual.rotangdir":"random",
        "D-visual.rotanginit":"0.000",
        "D-visual.rotangspeed":"0.000",
        "D-visual.rotauto":"false",
        "D-visual.saturation":"1.000",
        "D-visual.shape":"square",
        "D-visual.sizefinal":"4.000",
        "D-visual.sizeinitial":"1.009",
        "D-visual.sizetime":"1.567",
        "D-visual.smoothxyz":"10",
        "D-visual.speed":"0.000",
        "D-visual.spritesource":"cursor",
        "D-sound.synth":"P_06_C_07",
        "D-visual.thickness":"10.000",
        "D-sound.velocitymax":"127",
        "D-sound.velocitymin":"48",
        "D-sound.xcontroller":"3",
        "D-sound.ycontroller":"2",
        "D-sound.zcontroller":"1",
        "D-visual.zmin":"0.100"
    }
}
