{
    "params": {
        "A-effect.1-blur":"false",
        "A-effect.1-blur:blurxdistance":"0.791000",
        "A-effect.1-blur:blurydistance":"0.774000",
        "A-effect.1-blur:gaussian":"0.890000",
        "A-effect.1-blur:quality":"0.274000",
        "A-effect.1-displace":"false",
        "A-effect.1-displace:threshold":"0.397000",
        "A-effect.1-displace:xfactor":"0.443000",
        "A-effect.1-displace:yfactor":"0.004000",
        "A-effect.1-edgedetection":"false",
        "A-effect.1-edgedetection:mode":"0.660000",
        "A-effect.1-edgedetection:multiplier":"0.625000",
        "A-effect.1-fragment":"false",
        "A-effect.1-fragment:distance":"0.798000",
        "A-effect.1-fragment:fragments":"0.750000",
        "A-effect.1-fragment:fragrotationx":"0.565000",
        "A-effect.1-fragment:fragrotationy":"0.869000",
        "A-effect.1-fragment:fragrotationz":"0.929000",
        "A-effect.1-fragment:fragscale":"1.000000",
        "A-effect.1-fragment:rotation":"0.866000",
        "A-effect.1-goo":"false",
        "A-effect.1-goo:maxdistortionx":"1.000000",
        "A-effect.1-goo:maxdistortiony":"1.000000",
        "A-effect.1-goo:maxdistortionz":"1.000000",
        "A-effect.1-goo:resolution":"16",
        "A-effect.1-goo:shade":"1.000000",
        "A-effect.1-goo:speed":"0.150000",
        "A-effect.1-huerotate":"true",
        "A-effect.1-huerotate:huerotate":"0.321000",
        "A-effect.1-huerotate:huescale":"0.532000",
        "A-effect.1-huerotate:satscale":"0.515000",
        "A-effect.1-kaleidoscope":"true",
        "A-effect.1-kaleidoscope:angles":"0.214000",
        "A-effect.1-kaleidoscope:inputrotation":"0.102000",
        "A-effect.1-kaleidoscope:opacity":"1.000000",
        "A-effect.1-kaleidoscope:rotation":"0.386000",
        "A-effect.1-kaleidoscope:zoom":"0.646000",
        "A-effect.1-mirror":"false",
        "A-effect.1-mirror:flipx":"1",
        "A-effect.1-mirror:flipy":"0",
        "A-effect.1-mirror:in/out":"0.681000",
        "A-effect.1-mirror:x":"0.500000",
        "A-effect.1-mirror:y":"0.500000",
        "A-effect.1-mirrorquad":"false",
        "A-effect.1-mirrorquad:flipx":"1",
        "A-effect.1-mirrorquad:flipy":"0",
        "A-effect.1-posterize":"false",
        "A-effect.1-posterize:posterize":"0.139000",
        "A-effect.1-trails":"false",
        "A-effect.1-trails:feedback":"0.550000",
        "A-effect.1-twisted":"false",
        "A-effect.1-twisted:radius":"0.588000",
        "A-effect.1-twisted:twirl":"0.408000",
        "A-effect.2-blur":"false",
        "A-effect.2-blur:blurxdistance":"0.421000",
        "A-effect.2-blur:blurydistance":"0.169000",
        "A-effect.2-blur:gaussian":"0.726000",
        "A-effect.2-blur:quality":"0.484000",
        "A-effect.2-displace":"true",
        "A-effect.2-displace:threshold":"0.288000",
        "A-effect.2-displace:xfactor":"0.075000",
        "A-effect.2-displace:yfactor":"0.095000",
        "A-effect.2-edgedetection":"false",
        "A-effect.2-edgedetection:mode":"0.065000",
        "A-effect.2-edgedetection:multiplier":"0.811000",
        "A-effect.2-fragment":"false",
        "A-effect.2-fragment:distance":"0.785000",
        "A-effect.2-fragment:fragments":"0.431000",
        "A-effect.2-fragment:fragrotationx":"0.790000",
        "A-effect.2-fragment:fragrotationy":"0.277000",
        "A-effect.2-fragment:fragrotationz":"0.813000",
        "A-effect.2-fragment:fragscale":"1.000000",
        "A-effect.2-fragment:rotation":"0.994000",
        "A-effect.2-goo":"false",
        "A-effect.2-goo:maxdistortionx":"1.000000",
        "A-effect.2-goo:maxdistortiony":"1.000000",
        "A-effect.2-goo:maxdistortionz":"1.000000",
        "A-effect.2-goo:resolution":"16",
        "A-effect.2-goo:shade":"1.000000",
        "A-effect.2-goo:speed":"0.150000",
        "A-effect.2-huerotate":"false",
        "A-effect.2-huerotate:huerotate":"0.762000",
        "A-effect.2-huerotate:huescale":"0.319000",
        "A-effect.2-huerotate:satscale":"0.073000",
        "A-effect.2-kaleidoscope":"false",
        "A-effect.2-kaleidoscope:angles":"0.685000",
        "A-effect.2-kaleidoscope:inputrotation":"0.059000",
        "A-effect.2-kaleidoscope:opacity":"1.000000",
        "A-effect.2-kaleidoscope:rotation":"0.780000",
        "A-effect.2-kaleidoscope:zoom":"0.051000",
        "A-effect.2-mirror":"false",
        "A-effect.2-mirror:flipx":"0",
        "A-effect.2-mirror:flipy":"0",
        "A-effect.2-mirror:in/out":"0.234000",
        "A-effect.2-mirror:x":"0.500000",
        "A-effect.2-mirror:y":"0.500000",
        "A-effect.2-mirrorquad":"false",
        "A-effect.2-mirrorquad:flipx":"1",
        "A-effect.2-mirrorquad:flipy":"0",
        "A-effect.2-posterize":"false",
        "A-effect.2-posterize:posterize":"0.215000",
        "A-effect.2-trails":"false",
        "A-effect.2-trails:feedback":"0.550000",
        "A-effect.2-twisted":"false",
        "A-effect.2-twisted:radius":"0.500000",
        "A-effect.2-twisted:twirl":"0.102000",
        "A-sound.chromatic":"false",
        "A-sound.controllerstyle":"modulationonly",
        "A-sound.midifile":"jsbach",
        "A-sound.pitchmax":"80",
        "A-sound.pitchmin":"33",
        "A-sound.synth":"P_06_C_06",
        "A-sound.velocitymax":"127",
        "A-sound.velocitymin":"1",
        "A-sound.xcontroller":"3",
        "A-sound.ycontroller":"2",
        "A-sound.zcontroller":"1",
        "A-visual.alphafinal":"0.000000",
        "A-visual.alphainitial":"1.000000",
        "A-visual.alphatime":"6.293000",
        "A-visual.aspect":"0.500000",
        "A-visual.bounce":"false",
        "A-visual.cursorsprites":"false",
        "A-visual.filled":"false",
        "A-visual.gravity":"0",
        "A-visual.hue1final":"360.000000",
        "A-visual.hue1initial":"360.000000",
        "A-visual.hue1time":"5.000000",
        "A-visual.hue2final":"360.000000",
        "A-visual.hue2initial":"360.000000",
        "A-visual.hue2time":"5.000000",
        "A-visual.justification":"center",
        "A-visual.lifetime":"10.000000",
        "A-visual.luminance":"0.500000",
        "A-visual.mirrortype":"four",
        "A-visual.movedir":"left",
        "A-visual.noisevertex":"0.000000",
        "A-visual.noisevertexx":"0.000000",
        "A-visual.noisevertexy":"0.000000",
        "A-visual.nsprites":"129",
        "A-visual.placement":"cursor",
        "A-visual.rotangdir":"left",
        "A-visual.rotanginit":"90.000000",
        "A-visual.rotangspeed":"24.000000",
        "A-visual.rotauto":"true",
        "A-visual.saturation":"1.000000",
        "A-visual.shape":"circle",
        "A-visual.sizefinal":"0.000000",
        "A-visual.sizeinitial":"4.997000",
        "A-visual.sizetime":"7.103000",
        "A-visual.smoothxyz":"10",
        "A-visual.speed":"0.010000",
        "A-visual.spritesource":"cursor",
        "A-visual.thickness":"2.008000",
        "A-visual.zmin":"0.004000",
        "B-effect.1-blur":"false",
        "B-effect.1-blur:blurxdistance":"0.791000",
        "B-effect.1-blur:blurydistance":"0.774000",
        "B-effect.1-blur:gaussian":"0.890000",
        "B-effect.1-blur:quality":"0.274000",
        "B-effect.1-displace":"false",
        "B-effect.1-displace:threshold":"0.397000",
        "B-effect.1-displace:xfactor":"0.443000",
        "B-effect.1-displace:yfactor":"0.004000",
        "B-effect.1-edgedetection":"false",
        "B-effect.1-edgedetection:mode":"0.660000",
        "B-effect.1-edgedetection:multiplier":"0.625000",
        "B-effect.1-fragment":"false",
        "B-effect.1-fragment:distance":"0.798000",
        "B-effect.1-fragment:fragments":"0.750000",
        "B-effect.1-fragment:fragrotationx":"0.565000",
        "B-effect.1-fragment:fragrotationy":"0.869000",
        "B-effect.1-fragment:fragrotationz":"0.929000",
        "B-effect.1-fragment:fragscale":"1.000000",
        "B-effect.1-fragment:rotation":"0.866000",
        "B-effect.1-goo":"false",
        "B-effect.1-goo:maxdistortionx":"1.000000",
        "B-effect.1-goo:maxdistortiony":"1.000000",
        "B-effect.1-goo:maxdistortionz":"1.000000",
        "B-effect.1-goo:resolution":"16",
        "B-effect.1-goo:shade":"1.000000",
        "B-effect.1-goo:speed":"0.150000",
        "B-effect.1-huerotate":"true",
        "B-effect.1-huerotate:huerotate":"0.721000",
        "B-effect.1-huerotate:huescale":"0.532000",
        "B-effect.1-huerotate:satscale":"0.515000",
        "B-effect.1-kaleidoscope":"true",
        "B-effect.1-kaleidoscope:angles":"0.214000",
        "B-effect.1-kaleidoscope:inputrotation":"0.102000",
        "B-effect.1-kaleidoscope:opacity":"1.000000",
        "B-effect.1-kaleidoscope:rotation":"0.386000",
        "B-effect.1-kaleidoscope:zoom":"0.646000",
        "B-effect.1-mirror":"false",
        "B-effect.1-mirror:flipx":"1",
        "B-effect.1-mirror:flipy":"0",
        "B-effect.1-mirror:in/out":"0.681000",
        "B-effect.1-mirror:x":"0.500000",
        "B-effect.1-mirror:y":"0.500000",
        "B-effect.1-mirrorquad":"false",
        "B-effect.1-mirrorquad:flipx":"1",
        "B-effect.1-mirrorquad:flipy":"0",
        "B-effect.1-posterize":"false",
        "B-effect.1-posterize:posterize":"0.139000",
        "B-effect.1-trails":"false",
        "B-effect.1-trails:feedback":"0.550000",
        "B-effect.1-twisted":"false",
        "B-effect.1-twisted:radius":"0.588000",
        "B-effect.1-twisted:twirl":"0.408000",
        "B-effect.2-blur":"false",
        "B-effect.2-blur:blurxdistance":"0.421000",
        "B-effect.2-blur:blurydistance":"0.169000",
        "B-effect.2-blur:gaussian":"0.726000",
        "B-effect.2-blur:quality":"0.484000",
        "B-effect.2-displace":"true",
        "B-effect.2-displace:threshold":"0.288000",
        "B-effect.2-displace:xfactor":"0.075000",
        "B-effect.2-displace:yfactor":"0.095000",
        "B-effect.2-edgedetection":"false",
        "B-effect.2-edgedetection:mode":"0.065000",
        "B-effect.2-edgedetection:multiplier":"0.811000",
        "B-effect.2-fragment":"false",
        "B-effect.2-fragment:distance":"0.785000",
        "B-effect.2-fragment:fragments":"0.431000",
        "B-effect.2-fragment:fragrotationx":"0.790000",
        "B-effect.2-fragment:fragrotationy":"0.277000",
        "B-effect.2-fragment:fragrotationz":"0.813000",
        "B-effect.2-fragment:fragscale":"1.000000",
        "B-effect.2-fragment:rotation":"0.994000",
        "B-effect.2-goo":"false",
        "B-effect.2-goo:maxdistortionx":"1.000000",
        "B-effect.2-goo:maxdistortiony":"1.000000",
        "B-effect.2-goo:maxdistortionz":"1.000000",
        "B-effect.2-goo:resolution":"16",
        "B-effect.2-goo:shade":"1.000000",
        "B-effect.2-goo:speed":"0.150000",
        "B-effect.2-huerotate":"false",
        "B-effect.2-huerotate:huerotate":"0.762000",
        "B-effect.2-huerotate:huescale":"0.319000",
        "B-effect.2-huerotate:satscale":"0.073000",
        "B-effect.2-kaleidoscope":"false",
        "B-effect.2-kaleidoscope:angles":"0.685000",
        "B-effect.2-kaleidoscope:inputrotation":"0.059000",
        "B-effect.2-kaleidoscope:opacity":"1.000000",
        "B-effect.2-kaleidoscope:rotation":"0.780000",
        "B-effect.2-kaleidoscope:zoom":"0.051000",
        "B-effect.2-mirror":"false",
        "B-effect.2-mirror:flipx":"0",
        "B-effect.2-mirror:flipy":"0",
        "B-effect.2-mirror:in/out":"0.234000",
        "B-effect.2-mirror:x":"0.500000",
        "B-effect.2-mirror:y":"0.500000",
        "B-effect.2-mirrorquad":"false",
        "B-effect.2-mirrorquad:flipx":"1",
        "B-effect.2-mirrorquad:flipy":"0",
        "B-effect.2-posterize":"false",
        "B-effect.2-posterize:posterize":"0.215000",
        "B-effect.2-trails":"false",
        "B-effect.2-trails:feedback":"0.550000",
        "B-effect.2-twisted":"false",
        "B-effect.2-twisted:radius":"0.500000",
        "B-effect.2-twisted:twirl":"0.102000",
        "B-sound.chromatic":"false",
        "B-sound.controllerstyle":"modulationonly",
        "B-sound.midifile":"jsbach",
        "B-sound.pitchmax":"80",
        "B-sound.pitchmin":"33",
        "B-sound.synth":"P_02_C_03",
        "B-sound.velocitymax":"127",
        "B-sound.velocitymin":"1",
        "B-sound.xcontroller":"3",
        "B-sound.ycontroller":"2",
        "B-sound.zcontroller":"1",
        "B-visual.alphafinal":"0.000000",
        "B-visual.alphainitial":"1.000000",
        "B-visual.alphatime":"6.293000",
        "B-visual.aspect":"0.500000",
        "B-visual.bounce":"false",
        "B-visual.cursorsprites":"false",
        "B-visual.filled":"true",
        "B-visual.gravity":"0",
        "B-visual.hue1final":"360.000000",
        "B-visual.hue1initial":"360.000000",
        "B-visual.hue1time":"5.000000",
        "B-visual.hue2final":"360.000000",
        "B-visual.hue2initial":"360.000000",
        "B-visual.hue2time":"5.000000",
        "B-visual.justification":"center",
        "B-visual.lifetime":"10.000000",
        "B-visual.luminance":"0.500000",
        "B-visual.mirrortype":"four",
        "B-visual.movedir":"right",
        "B-visual.noisevertex":"0.000000",
        "B-visual.noisevertexx":"0.000000",
        "B-visual.noisevertexy":"0.000000",
        "B-visual.nsprites":"129",
        "B-visual.placement":"cursor",
        "B-visual.rotangdir":"left",
        "B-visual.rotanginit":"90.000000",
        "B-visual.rotangspeed":"24.000000",
        "B-visual.rotauto":"true",
        "B-visual.saturation":"1.000000",
        "B-visual.shape":"line",
        "B-visual.sizefinal":"0.000000",
        "B-visual.sizeinitial":"4.997000",
        "B-visual.sizetime":"7.103000",
        "B-visual.smoothxyz":"10",
        "B-visual.speed":"0.055000",
        "B-visual.spritesource":"cursor",
        "B-visual.thickness":"2.008000",
        "B-visual.zmin":"0.004000",
        "C-effect.1-blur":"false",
        "C-effect.1-blur:blurxdistance":"0.791000",
        "C-effect.1-blur:blurydistance":"0.774000",
        "C-effect.1-blur:gaussian":"0.890000",
        "C-effect.1-blur:quality":"0.274000",
        "C-effect.1-displace":"false",
        "C-effect.1-displace:threshold":"0.397000",
        "C-effect.1-displace:xfactor":"0.443000",
        "C-effect.1-displace:yfactor":"0.004000",
        "C-effect.1-edgedetection":"false",
        "C-effect.1-edgedetection:mode":"0.660000",
        "C-effect.1-edgedetection:multiplier":"0.625000",
        "C-effect.1-fragment":"false",
        "C-effect.1-fragment:distance":"0.798000",
        "C-effect.1-fragment:fragments":"0.750000",
        "C-effect.1-fragment:fragrotationx":"0.565000",
        "C-effect.1-fragment:fragrotationy":"0.869000",
        "C-effect.1-fragment:fragrotationz":"0.929000",
        "C-effect.1-fragment:fragscale":"1.000000",
        "C-effect.1-fragment:rotation":"0.866000",
        "C-effect.1-goo":"false",
        "C-effect.1-goo:maxdistortionx":"1.000000",
        "C-effect.1-goo:maxdistortiony":"1.000000",
        "C-effect.1-goo:maxdistortionz":"1.000000",
        "C-effect.1-goo:resolution":"16",
        "C-effect.1-goo:shade":"1.000000",
        "C-effect.1-goo:speed":"0.150000",
        "C-effect.1-huerotate":"true",
        "C-effect.1-huerotate:huerotate":"0.621000",
        "C-effect.1-huerotate:huescale":"0.532000",
        "C-effect.1-huerotate:satscale":"0.515000",
        "C-effect.1-kaleidoscope":"true",
        "C-effect.1-kaleidoscope:angles":"0.214000",
        "C-effect.1-kaleidoscope:inputrotation":"0.102000",
        "C-effect.1-kaleidoscope:opacity":"1.000000",
        "C-effect.1-kaleidoscope:rotation":"0.386000",
        "C-effect.1-kaleidoscope:zoom":"0.646000",
        "C-effect.1-mirror":"false",
        "C-effect.1-mirror:flipx":"1",
        "C-effect.1-mirror:flipy":"0",
        "C-effect.1-mirror:in/out":"0.681000",
        "C-effect.1-mirror:x":"0.500000",
        "C-effect.1-mirror:y":"0.500000",
        "C-effect.1-mirrorquad":"false",
        "C-effect.1-mirrorquad:flipx":"1",
        "C-effect.1-mirrorquad:flipy":"0",
        "C-effect.1-posterize":"false",
        "C-effect.1-posterize:posterize":"0.139000",
        "C-effect.1-trails":"false",
        "C-effect.1-trails:feedback":"0.550000",
        "C-effect.1-twisted":"false",
        "C-effect.1-twisted:radius":"0.588000",
        "C-effect.1-twisted:twirl":"0.408000",
        "C-effect.2-blur":"false",
        "C-effect.2-blur:blurxdistance":"0.421000",
        "C-effect.2-blur:blurydistance":"0.169000",
        "C-effect.2-blur:gaussian":"0.726000",
        "C-effect.2-blur:quality":"0.484000",
        "C-effect.2-displace":"true",
        "C-effect.2-displace:threshold":"0.288000",
        "C-effect.2-displace:xfactor":"0.075000",
        "C-effect.2-displace:yfactor":"0.095000",
        "C-effect.2-edgedetection":"false",
        "C-effect.2-edgedetection:mode":"0.065000",
        "C-effect.2-edgedetection:multiplier":"0.811000",
        "C-effect.2-fragment":"false",
        "C-effect.2-fragment:distance":"0.785000",
        "C-effect.2-fragment:fragments":"0.431000",
        "C-effect.2-fragment:fragrotationx":"0.790000",
        "C-effect.2-fragment:fragrotationy":"0.277000",
        "C-effect.2-fragment:fragrotationz":"0.813000",
        "C-effect.2-fragment:fragscale":"1.000000",
        "C-effect.2-fragment:rotation":"0.994000",
        "C-effect.2-goo":"false",
        "C-effect.2-goo:maxdistortionx":"1.000000",
        "C-effect.2-goo:maxdistortiony":"1.000000",
        "C-effect.2-goo:maxdistortionz":"1.000000",
        "C-effect.2-goo:resolution":"16",
        "C-effect.2-goo:shade":"1.000000",
        "C-effect.2-goo:speed":"0.150000",
        "C-effect.2-huerotate":"false",
        "C-effect.2-huerotate:huerotate":"0.762000",
        "C-effect.2-huerotate:huescale":"0.319000",
        "C-effect.2-huerotate:satscale":"0.073000",
        "C-effect.2-kaleidoscope":"false",
        "C-effect.2-kaleidoscope:angles":"0.685000",
        "C-effect.2-kaleidoscope:inputrotation":"0.059000",
        "C-effect.2-kaleidoscope:opacity":"1.000000",
        "C-effect.2-kaleidoscope:rotation":"0.780000",
        "C-effect.2-kaleidoscope:zoom":"0.051000",
        "C-effect.2-mirror":"false",
        "C-effect.2-mirror:flipx":"0",
        "C-effect.2-mirror:flipy":"0",
        "C-effect.2-mirror:in/out":"0.234000",
        "C-effect.2-mirror:x":"0.500000",
        "C-effect.2-mirror:y":"0.500000",
        "C-effect.2-mirrorquad":"false",
        "C-effect.2-mirrorquad:flipx":"1",
        "C-effect.2-mirrorquad:flipy":"0",
        "C-effect.2-posterize":"false",
        "C-effect.2-posterize:posterize":"0.215000",
        "C-effect.2-trails":"false",
        "C-effect.2-trails:feedback":"0.550000",
        "C-effect.2-twisted":"false",
        "C-effect.2-twisted:radius":"0.500000",
        "C-effect.2-twisted:twirl":"0.102000",
        "C-sound.chromatic":"false",
        "C-sound.controllerstyle":"modulationonly",
        "C-sound.midifile":"jsbach",
        "C-sound.pitchmax":"80",
        "C-sound.pitchmin":"33",
        "C-sound.synth":"P_02_C_03",
        "C-sound.velocitymax":"127",
        "C-sound.velocitymin":"1",
        "C-sound.xcontroller":"3",
        "C-sound.ycontroller":"2",
        "C-sound.zcontroller":"1",
        "C-visual.alphafinal":"0.000000",
        "C-visual.alphainitial":"1.000000",
        "C-visual.alphatime":"6.293000",
        "C-visual.aspect":"0.500000",
        "C-visual.bounce":"false",
        "C-visual.cursorsprites":"false",
        "C-visual.filled":"false",
        "C-visual.gravity":"0",
        "C-visual.hue1final":"360.000000",
        "C-visual.hue1initial":"360.000000",
        "C-visual.hue1time":"5.000000",
        "C-visual.hue2final":"360.000000",
        "C-visual.hue2initial":"360.000000",
        "C-visual.hue2time":"5.000000",
        "C-visual.justification":"center",
        "C-visual.lifetime":"10.000000",
        "C-visual.luminance":"0.500000",
        "C-visual.mirrortype":"four",
        "C-visual.movedir":"down",
        "C-visual.noisevertex":"0.000000",
        "C-visual.noisevertexx":"0.000000",
        "C-visual.noisevertexy":"0.000000",
        "C-visual.nsprites":"129",
        "C-visual.placement":"cursor",
        "C-visual.rotangdir":"left",
        "C-visual.rotanginit":"90.000000",
        "C-visual.rotangspeed":"24.000000",
        "C-visual.rotauto":"true",
        "C-visual.saturation":"1.000000",
        "C-visual.shape":"square",
        "C-visual.sizefinal":"0.000000",
        "C-visual.sizeinitial":"4.997000",
        "C-visual.sizetime":"7.103000",
        "C-visual.smoothxyz":"10",
        "C-visual.speed":"0.000000",
        "C-visual.spritesource":"cursor",
        "C-visual.thickness":"2.008000",
        "C-visual.zmin":"0.004000",
        "D-effect.1-blur":"false",
        "D-effect.1-blur:blurxdistance":"0.791000",
        "D-effect.1-blur:blurydistance":"0.774000",
        "D-effect.1-blur:gaussian":"0.890000",
        "D-effect.1-blur:quality":"0.274000",
        "D-effect.1-displace":"false",
        "D-effect.1-displace:threshold":"0.397000",
        "D-effect.1-displace:xfactor":"0.443000",
        "D-effect.1-displace:yfactor":"0.004000",
        "D-effect.1-edgedetection":"false",
        "D-effect.1-edgedetection:mode":"0.660000",
        "D-effect.1-edgedetection:multiplier":"0.625000",
        "D-effect.1-fragment":"false",
        "D-effect.1-fragment:distance":"0.798000",
        "D-effect.1-fragment:fragments":"0.750000",
        "D-effect.1-fragment:fragrotationx":"0.565000",
        "D-effect.1-fragment:fragrotationy":"0.869000",
        "D-effect.1-fragment:fragrotationz":"0.929000",
        "D-effect.1-fragment:fragscale":"1.000000",
        "D-effect.1-fragment:rotation":"0.866000",
        "D-effect.1-goo":"false",
        "D-effect.1-goo:maxdistortionx":"1.000000",
        "D-effect.1-goo:maxdistortiony":"1.000000",
        "D-effect.1-goo:maxdistortionz":"1.000000",
        "D-effect.1-goo:resolution":"16",
        "D-effect.1-goo:shade":"1.000000",
        "D-effect.1-goo:speed":"0.150000",
        "D-effect.1-huerotate":"true",
        "D-effect.1-huerotate:huerotate":"0.921000",
        "D-effect.1-huerotate:huescale":"0.532000",
        "D-effect.1-huerotate:satscale":"0.515000",
        "D-effect.1-kaleidoscope":"true",
        "D-effect.1-kaleidoscope:angles":"0.214000",
        "D-effect.1-kaleidoscope:inputrotation":"0.102000",
        "D-effect.1-kaleidoscope:opacity":"1.000000",
        "D-effect.1-kaleidoscope:rotation":"0.386000",
        "D-effect.1-kaleidoscope:zoom":"0.646000",
        "D-effect.1-mirror":"false",
        "D-effect.1-mirror:flipx":"1",
        "D-effect.1-mirror:flipy":"0",
        "D-effect.1-mirror:in/out":"0.681000",
        "D-effect.1-mirror:x":"0.500000",
        "D-effect.1-mirror:y":"0.500000",
        "D-effect.1-mirrorquad":"false",
        "D-effect.1-mirrorquad:flipx":"1",
        "D-effect.1-mirrorquad:flipy":"0",
        "D-effect.1-posterize":"false",
        "D-effect.1-posterize:posterize":"0.139000",
        "D-effect.1-trails":"false",
        "D-effect.1-trails:feedback":"0.550000",
        "D-effect.1-twisted":"false",
        "D-effect.1-twisted:radius":"0.588000",
        "D-effect.1-twisted:twirl":"0.408000",
        "D-effect.2-blur":"false",
        "D-effect.2-blur:blurxdistance":"0.421000",
        "D-effect.2-blur:blurydistance":"0.169000",
        "D-effect.2-blur:gaussian":"0.726000",
        "D-effect.2-blur:quality":"0.484000",
        "D-effect.2-displace":"true",
        "D-effect.2-displace:threshold":"0.288000",
        "D-effect.2-displace:xfactor":"0.075000",
        "D-effect.2-displace:yfactor":"0.095000",
        "D-effect.2-edgedetection":"false",
        "D-effect.2-edgedetection:mode":"0.065000",
        "D-effect.2-edgedetection:multiplier":"0.811000",
        "D-effect.2-fragment":"false",
        "D-effect.2-fragment:distance":"0.785000",
        "D-effect.2-fragment:fragments":"0.431000",
        "D-effect.2-fragment:fragrotationx":"0.790000",
        "D-effect.2-fragment:fragrotationy":"0.277000",
        "D-effect.2-fragment:fragrotationz":"0.813000",
        "D-effect.2-fragment:fragscale":"1.000000",
        "D-effect.2-fragment:rotation":"0.994000",
        "D-effect.2-goo":"false",
        "D-effect.2-goo:maxdistortionx":"1.000000",
        "D-effect.2-goo:maxdistortiony":"1.000000",
        "D-effect.2-goo:maxdistortionz":"1.000000",
        "D-effect.2-goo:resolution":"16",
        "D-effect.2-goo:shade":"1.000000",
        "D-effect.2-goo:speed":"0.150000",
        "D-effect.2-huerotate":"false",
        "D-effect.2-huerotate:huerotate":"0.762000",
        "D-effect.2-huerotate:huescale":"0.319000",
        "D-effect.2-huerotate:satscale":"0.073000",
        "D-effect.2-kaleidoscope":"false",
        "D-effect.2-kaleidoscope:angles":"0.685000",
        "D-effect.2-kaleidoscope:inputrotation":"0.059000",
        "D-effect.2-kaleidoscope:opacity":"1.000000",
        "D-effect.2-kaleidoscope:rotation":"0.780000",
        "D-effect.2-kaleidoscope:zoom":"0.051000",
        "D-effect.2-mirror":"false",
        "D-effect.2-mirror:flipx":"0",
        "D-effect.2-mirror:flipy":"0",
        "D-effect.2-mirror:in/out":"0.234000",
        "D-effect.2-mirror:x":"0.500000",
        "D-effect.2-mirror:y":"0.500000",
        "D-effect.2-mirrorquad":"false",
        "D-effect.2-mirrorquad:flipx":"1",
        "D-effect.2-mirrorquad:flipy":"0",
        "D-effect.2-posterize":"false",
        "D-effect.2-posterize:posterize":"0.215000",
        "D-effect.2-trails":"false",
        "D-effect.2-trails:feedback":"0.550000",
        "D-effect.2-twisted":"false",
        "D-effect.2-twisted:radius":"0.500000",
        "D-effect.2-twisted:twirl":"0.102000",
        "D-sound.chromatic":"false",
        "D-sound.controllerstyle":"modulationonly",
        "D-sound.midifile":"jsbach",
        "D-sound.pitchmax":"80",
        "D-sound.pitchmin":"33",
        "D-sound.synth":"P_04_C_03",
        "D-sound.velocitymax":"127",
        "D-sound.velocitymin":"48",
        "D-sound.xcontroller":"3",
        "D-sound.ycontroller":"2",
        "D-sound.zcontroller":"1",
        "D-visual.alphafinal":"0.000000",
        "D-visual.alphainitial":"1.000000",
        "D-visual.alphatime":"6.293000",
        "D-visual.aspect":"0.500000",
        "D-visual.bounce":"false",
        "D-visual.cursorsprites":"false",
        "D-visual.filled":"false",
        "D-visual.gravity":"0",
        "D-visual.hue1final":"0.000000",
        "D-visual.hue1initial":"0.000000",
        "D-visual.hue1time":"3.002000",
        "D-visual.hue2final":"0.000000",
        "D-visual.hue2initial":"0.000000",
        "D-visual.hue2time":"5.000000",
        "D-visual.justification":"center",
        "D-visual.lifetime":"10.000000",
        "D-visual.luminance":"0.500000",
        "D-visual.mirrortype":"four",
        "D-visual.movedir":"up",
        "D-visual.noisevertex":"0.000000",
        "D-visual.noisevertexx":"0.000000",
        "D-visual.noisevertexy":"0.000000",
        "D-visual.nsprites":"1144",
        "D-visual.placement":"cursor",
        "D-visual.rotangdir":"random",
        "D-visual.rotanginit":"0.000000",
        "D-visual.rotangspeed":"0.000000",
        "D-visual.rotauto":"true",
        "D-visual.saturation":"1.000000",
        "D-visual.shape":"square",
        "D-visual.sizefinal":"2.000000",
        "D-visual.sizeinitial":"1.009000",
        "D-visual.sizetime":"1.567000",
        "D-visual.smoothxyz":"3",
        "D-visual.speed":"0.000000",
        "D-visual.spritesource":"cursor",
        "D-visual.thickness":"1.903000",
        "D-visual.zmin":"0.010000"
    }
}