{
    "params": {
        "effect.1-blur":"true",
        "effect.1-blur:blurxdistance":"0.231000",
        "effect.1-blur:blurydistance":"0.262000",
        "effect.1-blur:gaussian":"0.152668",
        "effect.1-blur:quality":"0.985190",
        "effect.1-displace":"true",
        "effect.1-displace:threshold":"0.154888",
        "effect.1-displace:xfactor":"0.565688",
        "effect.1-displace:yfactor":"0.611203",
        "effect.1-edgedetection":"false",
        "effect.1-edgedetection:mode":"0.700000",
        "effect.1-edgedetection:multiplier":"0.700000",
        "effect.1-fragment":"false",
        "effect.1-fragment:distance":"0.787759",
        "effect.1-fragment:fragments":"0.485336",
        "effect.1-fragment:fragrotationx":"0.370935",
        "effect.1-fragment:fragrotationy":"0.630668",
        "effect.1-fragment:fragrotationz":"0.974184",
        "effect.1-fragment:fragscale":"1.000000",
        "effect.1-fragment:rotation":"0.506044",
        "effect.1-goo":"false",
        "effect.1-goo:maxdistortionx":"0.485107",
        "effect.1-goo:maxdistortiony":"0.849828",
        "effect.1-goo:maxdistortionz":"0.396088",
        "effect.1-goo:resolution":"29",
        "effect.1-goo:shade":"0.867873",
        "effect.1-goo:speed":"0.098422",
        "effect.1-huerotate":"false",
        "effect.1-huerotate:huerotate":"0.423815",
        "effect.1-huerotate:huescale":"0.549249",
        "effect.1-huerotate:satscale":"0.781600",
        "effect.1-kaleidoscope":"false",
        "effect.1-kaleidoscope:angles":"0.166890",
        "effect.1-kaleidoscope:inputrotation":"0.666901",
        "effect.1-kaleidoscope:opacity":"1.000000",
        "effect.1-kaleidoscope:rotation":"0.747056",
        "effect.1-kaleidoscope:zoom":"0.836311",
        "effect.1-mirror":"false",
        "effect.1-mirror:flipx":"0",
        "effect.1-mirror:flipy":"0",
        "effect.1-mirror:in/out":"0.598360",
        "effect.1-mirror:x":"0.500000",
        "effect.1-mirror:y":"0.500000",
        "effect.1-mirrorquad":"false",
        "effect.1-mirrorquad:flipx":"1",
        "effect.1-mirrorquad:flipy":"1",
        "effect.1-posterize":"true",
        "effect.1-posterize:posterize":"0.273868",
        "effect.1-trails":"false",
        "effect.1-trails:feedback":"0.549094",
        "effect.1-twisted":"false",
        "effect.1-twisted:radius":"0.363536",
        "effect.1-twisted:twirl":"0.547811",
        "effect.2-blur":"false",
        "effect.2-blur:blurxdistance":"0.263647",
        "effect.2-blur:blurydistance":"0.862926",
        "effect.2-blur:gaussian":"0.314935",
        "effect.2-blur:quality":"0.622452",
        "effect.2-displace":"false",
        "effect.2-displace:threshold":"0.223349",
        "effect.2-displace:xfactor":"0.672840",
        "effect.2-displace:yfactor":"0.664816",
        "effect.2-edgedetection":"false",
        "effect.2-edgedetection:mode":"0.256092",
        "effect.2-edgedetection:multiplier":"0.700529",
        "effect.2-fragment":"false",
        "effect.2-fragment:distance":"0.244807",
        "effect.2-fragment:fragments":"0.073173",
        "effect.2-fragment:fragrotationx":"0.130565",
        "effect.2-fragment:fragrotationy":"0.201627",
        "effect.2-fragment:fragrotationz":"0.616027",
        "effect.2-fragment:fragscale":"1.000000",
        "effect.2-fragment:rotation":"0.011211",
        "effect.2-goo":"false",
        "effect.2-goo:maxdistortionx":"0.946562",
        "effect.2-goo:maxdistortiony":"0.562130",
        "effect.2-goo:maxdistortionz":"0.823063",
        "effect.2-goo:resolution":"25",
        "effect.2-goo:shade":"0.172470",
        "effect.2-goo:speed":"0.008616",
        "effect.2-huerotate":"false",
        "effect.2-huerotate:huerotate":"0.643845",
        "effect.2-huerotate:huescale":"0.549056",
        "effect.2-huerotate:satscale":"0.527268",
        "effect.2-kaleidoscope":"false",
        "effect.2-kaleidoscope:angles":"0.453803",
        "effect.2-kaleidoscope:inputrotation":"0.272060",
        "effect.2-kaleidoscope:opacity":"1.000000",
        "effect.2-kaleidoscope:rotation":"0.243805",
        "effect.2-kaleidoscope:zoom":"0.071969",
        "effect.2-mirror":"false",
        "effect.2-mirror:flipx":"0",
        "effect.2-mirror:flipy":"1",
        "effect.2-mirror:in/out":"0.147459",
        "effect.2-mirror:x":"0.500000",
        "effect.2-mirror:y":"0.500000",
        "effect.2-mirrorquad":"false",
        "effect.2-mirrorquad:flipx":"0",
        "effect.2-mirrorquad:flipy":"1",
        "effect.2-posterize":"false",
        "effect.2-posterize:posterize":"0.446156",
        "effect.2-trails":"true",
        "effect.2-trails:feedback":"0.736000",
        "effect.2-twisted":"false",
        "effect.2-twisted:radius":"0.649465",
        "effect.2-twisted:twirl":"0.717561",
        "misc.enable:sound":"true",
        "misc.enable:visual":"true",
        "misc.logic_sound":"true",
        "misc.logic_visual":"true",
        "misc.loop:length":"100",
        "misc.midibehaviour":"default",
        "misc.pitchfactor":"1.000000",
        "misc.pitchoffset":"0.000000",
        "misc.quant":"frets",
        "misc.scale":"newage",
        "misc.vol":"pressure",
        "sound.chromatic":"false",
        "sound.controllermax":"127",
        "sound.controllermin":"1",
        "sound.controllerstyle":"modulationonly",
        "sound.controllerzmax":"0.600000",
        "sound.controllerzmin":"0.050000",
        "sound.deltaytrig":"1.000000",
        "sound.deltaztrig":"1.000000",
        "sound.inputport":"",
        "sound.midifile":"jsbach",
        "sound.pitchmax":"80",
        "sound.pitchmin":"37",
        "sound.synth":"P_06_C_03",
        "sound.timefret1q":"1.000000",
        "sound.timefret1y":"0.150000",
        "sound.timefret2q":"0.500000",
        "sound.timefret2y":"0.500000",
        "sound.timefret3q":"0.250000",
        "sound.timefret3y":"0.800000",
        "sound.timefret4q":"0.125000",
        "sound.timefret4y":"1.000000",
        "sound.velocitymax":"127",
        "sound.velocitymin":"40",
        "sound.xcontroller":"3",
        "sound.ycontroller":"2",
        "sound.zcontroller":"1",
        "visual.alphafinal":"0.001000",
        "visual.alphainitial":"1.000000",
        "visual.alphatime":"2.289000",
        "visual.aspect":"0.500000",
        "visual.bounce":"false",
        "visual.cursorsprites":"false",
        "visual.filled":"false",
        "visual.gravity":"0",
        "visual.hue1final":"252.000000",
        "visual.hue1initial":"180.000000",
        "visual.hue1time":"2.003000",
        "visual.hue2final":"252.000000",
        "visual.hue2initial":"180.000000",
        "visual.hue2time":"2.003000",
        "visual.inputbackground":"false",
        "visual.justification":"center",
        "visual.lifetime":"6.000000",
        "visual.luminance":"0.500000",
        "visual.mirrortype":"none",
        "visual.movedir":"up",
        "visual.noisevertex":"0.000000",
        "visual.noisevertexx":"0.000000",
        "visual.noisevertexy":"0.000000",
        "visual.nsprites":"1246",
        "visual.placement":"cursor",
        "visual.rotangdir":"left",
        "visual.rotanginit":"0.000000",
        "visual.rotangspeed":"0.000000",
        "visual.rotauto":"false",
        "visual.saturation":"1.000000",
        "visual.shape":"circle",
        "visual.sizefinal":"10.000000",
        "visual.sizeinitial":"2.201000",
        "visual.sizetime":"1.541000",
        "visual.smoothxyz":"7",
        "visual.speed":"0.160000",
        "visual.spritesource":"cursor",
        "visual.spritestyle":"hue",
        "visual.thickness":"3.901000",
        "visual.zmin":"0.100000"
    }
}