{
    "params": {
        "effect.1-blur":"false",
        "effect.1-blur:blurxdistance":"0.663000",
        "effect.1-blur:blurydistance":"0.144000",
        "effect.1-blur:gaussian":"0.465000",
        "effect.1-blur:quality":"0.958000",
        "effect.1-displace":"true",
        "effect.1-displace:threshold":"0.377000",
        "effect.1-displace:xfactor":"0.648000",
        "effect.1-displace:yfactor":"0.949000",
        "effect.1-edgedetection":"false",
        "effect.1-edgedetection:mode":"0.289000",
        "effect.1-edgedetection:multiplier":"0.666000",
        "effect.1-fragment":"false",
        "effect.1-fragment:distance":"0.964000",
        "effect.1-fragment:fragments":"0.033000",
        "effect.1-fragment:fragrotationx":"0.923000",
        "effect.1-fragment:fragrotationy":"0.604000",
        "effect.1-fragment:fragrotationz":"0.896000",
        "effect.1-fragment:fragscale":"1.000000",
        "effect.1-fragment:rotation":"0.082000",
        "effect.1-goo":"false",
        "effect.1-goo:maxdistortionx":"1.000000",
        "effect.1-goo:maxdistortiony":"1.000000",
        "effect.1-goo:maxdistortionz":"1.000000",
        "effect.1-goo:resolution":"16",
        "effect.1-goo:shade":"1.000000",
        "effect.1-goo:speed":"0.150000",
        "effect.1-huerotate":"false",
        "effect.1-huerotate:huerotate":"0.523000",
        "effect.1-huerotate:huescale":"0.310000",
        "effect.1-huerotate:satscale":"0.864000",
        "effect.1-kaleidoscope":"false",
        "effect.1-kaleidoscope:angles":"0.836000",
        "effect.1-kaleidoscope:inputrotation":"0.563000",
        "effect.1-kaleidoscope:opacity":"1.000000",
        "effect.1-kaleidoscope:rotation":"0.996000",
        "effect.1-kaleidoscope:zoom":"0.455000",
        "effect.1-mirror":"false",
        "effect.1-mirror:flipx":"1",
        "effect.1-mirror:flipy":"0",
        "effect.1-mirror:in/out":"0.450000",
        "effect.1-mirror:x":"0.500000",
        "effect.1-mirror:y":"0.500000",
        "effect.1-mirrorquad":"false",
        "effect.1-mirrorquad:flipx":"0",
        "effect.1-mirrorquad:flipy":"0",
        "effect.1-posterize":"false",
        "effect.1-posterize:posterize":"0.481000",
        "effect.1-trails":"false",
        "effect.1-trails:feedback":"0.550000",
        "effect.1-twisted":"false",
        "effect.1-twisted:radius":"0.556000",
        "effect.1-twisted:twirl":"0.119000",
        "effect.2-blur":"false",
        "effect.2-blur:blurxdistance":"0.562000",
        "effect.2-blur:blurydistance":"0.172000",
        "effect.2-blur:gaussian":"0.125000",
        "effect.2-blur:quality":"0.360000",
        "effect.2-displace":"false",
        "effect.2-displace:threshold":"0.340000",
        "effect.2-displace:xfactor":"0.228000",
        "effect.2-displace:yfactor":"0.388000",
        "effect.2-edgedetection":"false",
        "effect.2-edgedetection:mode":"0.652000",
        "effect.2-edgedetection:multiplier":"0.507000",
        "effect.2-fragment":"false",
        "effect.2-fragment:distance":"0.470000",
        "effect.2-fragment:fragments":"0.938000",
        "effect.2-fragment:fragrotationx":"0.878000",
        "effect.2-fragment:fragrotationy":"0.097000",
        "effect.2-fragment:fragrotationz":"0.194000",
        "effect.2-fragment:fragscale":"1.000000",
        "effect.2-fragment:rotation":"0.310000",
        "effect.2-goo":"false",
        "effect.2-goo:maxdistortionx":"1.000000",
        "effect.2-goo:maxdistortiony":"1.000000",
        "effect.2-goo:maxdistortionz":"1.000000",
        "effect.2-goo:resolution":"16",
        "effect.2-goo:shade":"1.000000",
        "effect.2-goo:speed":"0.150000",
        "effect.2-huerotate":"true",
        "effect.2-huerotate:huerotate":"0.884000",
        "effect.2-huerotate:huescale":"0.662000",
        "effect.2-huerotate:satscale":"0.320000",
        "effect.2-kaleidoscope":"false",
        "effect.2-kaleidoscope:angles":"0.737000",
        "effect.2-kaleidoscope:inputrotation":"0.927000",
        "effect.2-kaleidoscope:opacity":"1.000000",
        "effect.2-kaleidoscope:rotation":"0.483000",
        "effect.2-kaleidoscope:zoom":"0.712000",
        "effect.2-mirror":"false",
        "effect.2-mirror:flipx":"1",
        "effect.2-mirror:flipy":"1",
        "effect.2-mirror:in/out":"0.644000",
        "effect.2-mirror:x":"0.500000",
        "effect.2-mirror:y":"0.500000",
        "effect.2-mirrorquad":"false",
        "effect.2-mirrorquad:flipx":"1",
        "effect.2-mirrorquad:flipy":"0",
        "effect.2-posterize":"false",
        "effect.2-posterize:posterize":"0.000000",
        "effect.2-trails":"true",
        "effect.2-trails:feedback":"0.550000",
        "effect.2-twisted":"false",
        "effect.2-twisted:radius":"0.261000",
        "effect.2-twisted:twirl":"0.229000",
        "misc.enable:sound":"true",
        "misc.enable:visual":"true",
        "misc.logic_sound":"true",
        "misc.logic_visual":"true",
        "misc.loop:length":"100",
        "misc.midibehaviour":"default",
        "misc.pitchfactor":"1.000000",
        "misc.pitchoffset":"0.000000",
        "misc.quant":"frets",
        "misc.scale":"newage",
        "misc.vol":"pressure",
        "sound.chromatic":"false",
        "sound.controllermax":"127",
        "sound.controllermin":"1",
        "sound.controllerstyle":"modulationonly",
        "sound.controllerzmax":"0.600000",
        "sound.controllerzmin":"0.050000",
        "sound.deltaytrig":"1.000000",
        "sound.deltaztrig":"1.000000",
        "sound.inputport":"",
        "sound.midifile":"jsbach",
        "sound.pitchmax":"80",
        "sound.pitchmin":"33",
        "sound.synth":"P_03_C_01",
        "sound.timefret1q":"1.000000",
        "sound.timefret1y":"0.150000",
        "sound.timefret2q":"0.500000",
        "sound.timefret2y":"0.500000",
        "sound.timefret3q":"0.250000",
        "sound.timefret3y":"0.800000",
        "sound.timefret4q":"0.125000",
        "sound.timefret4y":"1.000000",
        "sound.velocitymax":"127",
        "sound.velocitymin":"39",
        "sound.xcontroller":"3",
        "sound.ycontroller":"2",
        "sound.zcontroller":"1",
        "visual.alphafinal":"0.000000",
        "visual.alphainitial":"0.693000",
        "visual.alphatime":"4.573000",
        "visual.aspect":"0.730000",
        "visual.bounce":"false",
        "visual.cursorsprites":"false",
        "visual.filled":"true",
        "visual.gravity":"0",
        "visual.hue1final":"53.777000",
        "visual.hue1initial":"358.936005",
        "visual.hue1time":"1.562000",
        "visual.hue2final":"43.319000",
        "visual.hue2initial":"210.587997",
        "visual.hue2time":"1.860000",
        "visual.inputbackground":"false",
        "visual.justification":"center",
        "visual.lifetime":"4.771000",
        "visual.luminance":"0.500000",
        "visual.mirrortype":"none",
        "visual.movedir":"random90",
        "visual.noisevertex":"0.000000",
        "visual.noisevertexx":"0.000000",
        "visual.noisevertexy":"0.000000",
        "visual.nsprites":"4018",
        "visual.placement":"cursor",
        "visual.rotangdir":"right",
        "visual.rotanginit":"189.487000",
        "visual.rotangspeed":"-14.445000",
        "visual.rotauto":"true",
        "visual.saturation":"0.915000",
        "visual.shape":"triangle",
        "visual.sizefinal":"2.484000",
        "visual.sizeinitial":"1.014000",
        "visual.sizetime":"5.805000",
        "visual.smoothxyz":"5",
        "visual.speed":"0.392000",
        "visual.spritesource":"cursor",
        "visual.spritestyle":"hue",
        "visual.thickness":"4.441000",
        "visual.zmin":"0.004000"
    }
}