{
    "params":{
        "effect.1-blur":"false",
        "effect.1-blur:blurxdistance":"0.448",
        "effect.1-blur:blurydistance":"0.682",
        "effect.1-blur:gaussian":"0.948",
        "effect.1-blur:quality":"0.914",
        "effect.1-displace":"false",
        "effect.1-displace:threshold":"0.221",
        "effect.1-displace:xfactor":"0.960",
        "effect.1-displace:yfactor":"0.748",
        "effect.1-edgedetection":"false",
        "effect.1-edgedetection:mode":"0.650",
        "effect.1-edgedetection:multiplier":"0.463",
        "effect.1-fragment":"false",
        "effect.1-fragment:distance":"0.839",
        "effect.1-fragment:fragments":"0.876",
        "effect.1-fragment:fragrotationx":"0.078",
        "effect.1-fragment:fragrotationy":"0.377",
        "effect.1-fragment:fragrotationz":"0.848",
        "effect.1-fragment:fragscale":"0.253",
        "effect.1-fragment:rotation":"0.588",
        "effect.1-huerotate":"false",
        "effect.1-huerotate:huerotate":"0.787",
        "effect.1-huerotate:huescale":"0.849",
        "effect.1-huerotate:satscale":"0.445",
        "effect.1-kaleidoscope":"false",
        "effect.1-kaleidoscope:angles":"0.300",
        "effect.1-kaleidoscope:inputrotation":"0.500",
        "effect.1-kaleidoscope:opacity":"1.000",
        "effect.1-kaleidoscope:rotation":"0.000",
        "effect.1-kaleidoscope:zoom":"0.580",
        "effect.1-mirror":"false",
        "effect.1-mirror:flipx":"0",
        "effect.1-mirror:flipy":"0",
        "effect.1-mirror:in/out":"0.233",
        "effect.1-mirror:x":"0.500",
        "effect.1-mirror:y":"0.500",
        "effect.1-mirrorquad":"false",
        "effect.1-mirrorquad:flipx":"0",
        "effect.1-mirrorquad:flipy":"0",
        "effect.1-posterize":"false",
        "effect.1-posterize:posterize":"0.404",
        "effect.1-trails":"true",
        "effect.1-trails:feedback":"0.550",
        "effect.1-twisted":"false",
        "effect.1-twisted:radius":"0.947",
        "effect.1-twisted:twirl":"0.561",
        "effect.2-blur":"true",
        "effect.2-blur:blurxdistance":"0.091",
        "effect.2-blur:blurydistance":"0.719",
        "effect.2-blur:gaussian":"0.447",
        "effect.2-blur:quality":"0.607",
        "effect.2-displace":"true",
        "effect.2-displace:threshold":"0.220",
        "effect.2-displace:xfactor":"0.271",
        "effect.2-displace:yfactor":"0.088",
        "effect.2-edgedetection":"false",
        "effect.2-edgedetection:mode":"0.890",
        "effect.2-edgedetection:multiplier":"0.384",
        "effect.2-fragment":"false",
        "effect.2-fragment:distance":"0.528",
        "effect.2-fragment:fragments":"0.892",
        "effect.2-fragment:fragrotationx":"0.041",
        "effect.2-fragment:fragrotationy":"0.702",
        "effect.2-fragment:fragrotationz":"0.102",
        "effect.2-fragment:fragscale":"0.870",
        "effect.2-fragment:rotation":"0.225",
        "effect.2-huerotate":"false",
        "effect.2-huerotate:huerotate":"0.680",
        "effect.2-huerotate:huescale":"0.166",
        "effect.2-huerotate:satscale":"0.081",
        "effect.2-kaleidoscope":"false",
        "effect.2-kaleidoscope:angles":"0.300",
        "effect.2-kaleidoscope:inputrotation":"0.500",
        "effect.2-kaleidoscope:opacity":"1.000",
        "effect.2-kaleidoscope:rotation":"0.000",
        "effect.2-kaleidoscope:zoom":"0.580",
        "effect.2-mirror":"false",
        "effect.2-mirror:flipx":"0",
        "effect.2-mirror:flipy":"0",
        "effect.2-mirror:in/out":"0.426",
        "effect.2-mirror:x":"0.500",
        "effect.2-mirror:y":"0.500",
        "effect.2-mirrorquad":"false",
        "effect.2-mirrorquad:flipx":"1",
        "effect.2-mirrorquad:flipy":"1",
        "effect.2-posterize":"false",
        "effect.2-posterize:posterize":"0.119",
        "effect.2-trails":"true",
        "effect.2-trails:feedback":"0.550",
        "effect.2-twisted":"false",
        "effect.2-twisted:radius":"0.940",
        "effect.2-twisted:twirl":"0.813",
        "visual.alphafinal":"0.000",
        "visual.alphainitial":"0.999",
        "visual.alphatime":"4.287",
        "visual.aspect":"0.500",
        "visual.bounce":"false",
        "sound.controllerchan":"1",
        "sound.controllerstyle":"modulationonly",
        "sound.controllerzmax":"0.300",
        "sound.controllerzmin":"0.154",
        "misc.enable:sound":"true",
        "misc.enable:visual":"true",
        "visual.filled":"true",
        "visual.gravity":"0",
        "visual.hue1final":"205.200",
        "visual.hue1initial":"169.200",
        "visual.hue1time":"5.000",
        "visual.hue2final":"205.200",
        "visual.hue2initial":"169.200",
        "visual.hue2time":"5.000",
        "sound.inputport":"",
        "visual.justification":"center",
        "visual.lifetime":"6.000",
        "misc.logic_sound":"true",
        "misc.logic_visual":"true",
        "misc.loop:length":"100",
        "visual.luminance":"0.500",
        "misc.midibehaviour":"default",
        "sound.midifile":"jsbach",
        "visual.mirrortype":"none",
        "visual.movedir":"random90",
        "visual.noisevertexx":"0.000",
        "visual.noisevertexy":"0.000",
        "visual.nsprites":"1044",
        "misc.pitchfactor":"1.000",
        "sound.pitchmax":"70",
        "sound.pitchmin":"46",
        "misc.pitchoffset":"0.000",
        "visual.placement":"cursor",
        "misc.quant":"frets",
        "visual.rotangdir":"left",
        "visual.rotanginit":"0.000",
        "visual.rotangspeed":"0.000",
        "visual.rotauto":"false",
        "visual.saturation":"1.000",
        "misc.scale":"newage",
        "visual.shape":"circle",
        "visual.sizefinal":"2.000",
        "visual.sizeinitial":"1.009",
        "visual.sizetime":"4.078",
        "visual.smoothxyz":"3",
        "visual.speed":"0.080",
        "visual.spritesource":"cursor",
        "sound.synth":"P_04_C_08",
        "visual.thickness":"1.903",
        "sound.timefret1q":"1.000",
        "sound.timefret1y":"0.300",
        "sound.timefret2q":"0.500",
        "sound.timefret2y":"0.600",
        "sound.timefret3q":"0.250",
        "sound.timefret3y":"0.900",
        "sound.timefret4q":"0.125",
        "sound.timefret4y":"1.000",
        "sound.velocitymax":"94",
        "sound.velocitymin":"68",
        "misc.vol":"pressure",
        "sound.xcontroller":"1",
        "sound.ycontroller":"1",
        "sound.zcontroller":"1",
        "visual.zmin":"0.100"
    }
}
