{
    "params":{
        "effect.1-blur":"true",
        "effect.1-blur:blurxdistance":"0.100",
        "effect.1-blur:blurydistance":"0.080",
        "effect.1-blur:gaussian":"0.170",
        "effect.1-blur:quality":"0.280",
        "effect.1-displace":"true",
        "effect.1-displace:threshold":"0.397",
        "effect.1-displace:xfactor":"0.760",
        "effect.1-displace:yfactor":"0.240",
        "effect.1-edgedetection":"false",
        "effect.1-edgedetection:mode":"0.920",
        "effect.1-edgedetection:multiplier":"0.240",
        "effect.1-fragment":"false",
        "effect.1-fragment:distance":"0.798",
        "effect.1-fragment:fragments":"0.750",
        "effect.1-fragment:fragrotationx":"0.565",
        "effect.1-fragment:fragrotationy":"0.869",
        "effect.1-fragment:fragrotationz":"0.929",
        "effect.1-fragment:fragscale":"1.000",
        "effect.1-fragment:rotation":"0.866",
        "effect.1-huerotate":"false",
        "effect.1-huerotate:huerotate":"0.921",
        "effect.1-huerotate:huescale":"0.232",
        "effect.1-huerotate:satscale":"0.015",
        "effect.1-kaleidoscope":"false",
        "effect.1-kaleidoscope:angles":"0.300",
        "effect.1-kaleidoscope:inputrotation":"0.500",
        "effect.1-kaleidoscope:opacity":"1.000",
        "effect.1-kaleidoscope:rotation":"0.000",
        "effect.1-kaleidoscope:zoom":"0.580",
        "effect.1-mirror":"false",
        "effect.1-mirror:flipx":"1",
        "effect.1-mirror:flipy":"0",
        "effect.1-mirror:in/out":"0.681",
        "effect.1-mirror:x":"0.500",
        "effect.1-mirror:y":"0.500",
        "effect.1-mirrorquad":"false",
        "effect.1-mirrorquad:flipx":"1",
        "effect.1-mirrorquad:flipy":"0",
        "effect.1-posterize":"false",
        "effect.1-posterize:posterize":"0.190",
        "effect.1-trails":"true",
        "effect.1-trails:feedback":"0.550",
        "effect.1-twisted":"false",
        "effect.1-twisted:radius":"0.310",
        "effect.1-twisted:twirl":"0.500",
        "effect.2-blur":"false",
        "effect.2-blur:blurxdistance":"0.100",
        "effect.2-blur:blurydistance":"0.080",
        "effect.2-blur:gaussian":"0.170",
        "effect.2-blur:quality":"0.280",
        "effect.2-displace":"false",
        "effect.2-displace:threshold":"0.288",
        "effect.2-displace:xfactor":"0.760",
        "effect.2-displace:yfactor":"0.240",
        "effect.2-edgedetection":"false",
        "effect.2-edgedetection:mode":"0.920",
        "effect.2-edgedetection:multiplier":"0.240",
        "effect.2-fragment":"false",
        "effect.2-fragment:distance":"0.785",
        "effect.2-fragment:fragments":"0.431",
        "effect.2-fragment:fragrotationx":"0.790",
        "effect.2-fragment:fragrotationy":"0.277",
        "effect.2-fragment:fragrotationz":"0.813",
        "effect.2-fragment:fragscale":"1.000",
        "effect.2-fragment:rotation":"0.994",
        "effect.2-huerotate":"false",
        "effect.2-huerotate:huerotate":"0.762",
        "effect.2-huerotate:huescale":"0.319",
        "effect.2-huerotate:satscale":"0.073",
        "effect.2-kaleidoscope":"false",
        "effect.2-kaleidoscope:angles":"0.640",
        "effect.2-kaleidoscope:inputrotation":"0.500",
        "effect.2-kaleidoscope:opacity":"1.000",
        "effect.2-kaleidoscope:rotation":"0.000",
        "effect.2-kaleidoscope:zoom":"1.000",
        "effect.2-mirror":"false",
        "effect.2-mirror:flipx":"0",
        "effect.2-mirror:flipy":"0",
        "effect.2-mirror:in/out":"0.234",
        "effect.2-mirror:x":"0.500",
        "effect.2-mirror:y":"0.500",
        "effect.2-mirrorquad":"false",
        "effect.2-mirrorquad:flipx":"1",
        "effect.2-mirrorquad:flipy":"0",
        "effect.2-posterize":"false",
        "effect.2-posterize:posterize":"0.190",
        "effect.2-trails":"false",
        "effect.2-trails:feedback":"0.550",
        "effect.2-twisted":"false",
        "effect.2-twisted:radius":"0.310",
        "effect.2-twisted:twirl":"0.500",
        "visual.alphafinal":"0.000",
        "visual.alphainitial":"1.000",
        "visual.alphatime":"8.283",
        "visual.aspect":"0.100",
        "visual.bounce":"false",
        "sound.controllerchan":"1",
        "sound.controllerstyle":"modulationonly",
        "sound.controllerzmax":"0.300",
        "sound.controllerzmin":"0.050",
        "misc.enable:sound":"true",
        "misc.enable:visual":"true",
        "visual.filled":"true",
        "visual.gravity":"0",
        "visual.hue1final":"327.600",
        "visual.hue1initial":"144.000",
        "visual.hue1time":"5.000",
        "visual.hue2final":"36.000",
        "visual.hue2initial":"216.000",
        "visual.hue2time":"5.000",
        "sound.inputport":"",
        "visual.justification":"center",
        "visual.lifetime":"9.996",
        "misc.logic_sound":"true",
        "misc.logic_visual":"true",
        "misc.loop:length":"100",
        "visual.luminance":"0.500",
        "misc.midibehaviour":"default",
        "sound.midifile":"jsbach",
        "visual.mirrortype":"none",
        "visual.movedir":"leftright",
        "visual.noisevertexx":"0.000",
        "visual.noisevertexy":"0.000",
        "visual.nsprites":"1044",
        "misc.pitchfactor":"1.000",
        "sound.pitchmax":"72",
        "sound.pitchmin":"25",
        "misc.pitchoffset":"0.000",
        "visual.placement":"cursor",
        "misc.quant":"frets",
        "visual.rotangdir":"left",
        "visual.rotanginit":"90.000",
        "visual.rotangspeed":"0.000",
        "visual.rotauto":"false",
        "visual.saturation":"1.000",
        "misc.scale":"newage",
        "visual.shape":"square",
        "visual.sizefinal":"0.000",
        "visual.sizeinitial":"2.307",
        "visual.sizetime":"8.074",
        "visual.smoothxyz":"3",
        "visual.speed":"0.152",
        "visual.spritesource":"cursor",
        "sound.synth":"P_08_C_04",
        "visual.thickness":"7.003",
        "sound.timefret1q":"1.000",
        "sound.timefret1y":"0.300",
        "sound.timefret2q":"0.500",
        "sound.timefret2y":"0.600",
        "sound.timefret3q":"0.250",
        "sound.timefret3y":"0.900",
        "sound.timefret4q":"0.125",
        "sound.timefret4y":"1.000",
        "sound.velocitymax":"127",
        "sound.velocitymin":"45",
        "misc.vol":"pressure",
        "sound.xcontroller":"1",
        "sound.ycontroller":"1",
        "sound.zcontroller":"1",
        "visual.zmin":"0.004"
    }
}
