{
    "params":{
        "effect.1-blur":"true",
        "effect.1-blur:blurxdistance":"0.300",
        "effect.1-blur:blurydistance":"0.280",
        "effect.1-blur:gaussian":"0.670",
        "effect.1-blur:quality":"0.780",
        "effect.1-displace":"true",
        "effect.1-displace:threshold":"0.115",
        "effect.1-displace:xfactor":"0.160",
        "effect.1-displace:yfactor":"0.040",
        "effect.1-edgedetection":"false",
        "effect.1-edgedetection:mode":"0.920",
        "effect.1-edgedetection:multiplier":"0.240",
        "effect.1-fragment":"false",
        "effect.1-fragment:distance":"0.079",
        "effect.1-fragment:fragments":"0.623",
        "effect.1-fragment:fragrotationx":"0.579",
        "effect.1-fragment:fragrotationy":"0.587",
        "effect.1-fragment:fragrotationz":"0.691",
        "effect.1-fragment:fragscale":"1.000",
        "effect.1-fragment:rotation":"0.155",
        "effect.1-huerotate":"false",
        "effect.1-huerotate:huerotate":"0.713",
        "effect.1-huerotate:huescale":"0.017",
        "effect.1-huerotate:satscale":"0.791",
        "effect.1-kaleidoscope":"false",
        "effect.1-kaleidoscope:angles":"0.300",
        "effect.1-kaleidoscope:inputrotation":"0.500",
        "effect.1-kaleidoscope:opacity":"1.000",
        "effect.1-kaleidoscope:rotation":"0.000",
        "effect.1-kaleidoscope:zoom":"0.580",
        "effect.1-mirror":"false",
        "effect.1-mirror:flipx":"0",
        "effect.1-mirror:flipy":"0",
        "effect.1-mirror:in/out":"0.360",
        "effect.1-mirror:x":"0.500",
        "effect.1-mirror:y":"0.500",
        "effect.1-mirrorquad":"false",
        "effect.1-mirrorquad:flipx":"1",
        "effect.1-mirrorquad:flipy":"1",
        "effect.1-posterize":"true",
        "effect.1-posterize:posterize":"0.060",
        "effect.1-trails":"false",
        "effect.1-trails:feedback":"0.550",
        "effect.1-twisted":"false",
        "effect.1-twisted:radius":"0.310",
        "effect.1-twisted:twirl":"0.499",
        "effect.2-blur":"false",
        "effect.2-blur:blurxdistance":"0.600",
        "effect.2-blur:blurydistance":"0.580",
        "effect.2-blur:gaussian":"0.470",
        "effect.2-blur:quality":"0.480",
        "effect.2-displace":"false",
        "effect.2-displace:threshold":"0.008",
        "effect.2-displace:xfactor":"0.760",
        "effect.2-displace:yfactor":"0.240",
        "effect.2-edgedetection":"false",
        "effect.2-edgedetection:mode":"0.920",
        "effect.2-edgedetection:multiplier":"0.240",
        "effect.2-fragment":"false",
        "effect.2-fragment:distance":"0.697",
        "effect.2-fragment:fragments":"0.200",
        "effect.2-fragment:fragrotationx":"0.660",
        "effect.2-fragment:fragrotationy":"0.378",
        "effect.2-fragment:fragrotationz":"0.942",
        "effect.2-fragment:fragscale":"1.000",
        "effect.2-fragment:rotation":"0.408",
        "effect.2-huerotate":"false",
        "effect.2-huerotate:huerotate":"0.390",
        "effect.2-huerotate:huescale":"0.631",
        "effect.2-huerotate:satscale":"0.291",
        "effect.2-kaleidoscope":"false",
        "effect.2-kaleidoscope:angles":"0.640",
        "effect.2-kaleidoscope:inputrotation":"0.500",
        "effect.2-kaleidoscope:opacity":"1.000",
        "effect.2-kaleidoscope:rotation":"0.000",
        "effect.2-kaleidoscope:zoom":"1.000",
        "effect.2-mirror":"false",
        "effect.2-mirror:flipx":"1",
        "effect.2-mirror:flipy":"0",
        "effect.2-mirror:in/out":"0.720",
        "effect.2-mirror:x":"0.500",
        "effect.2-mirror:y":"0.500",
        "effect.2-mirrorquad":"false",
        "effect.2-mirrorquad:flipx":"0",
        "effect.2-mirrorquad:flipy":"1",
        "effect.2-posterize":"true",
        "effect.2-posterize:posterize":"0.130",
        "effect.2-trails":"false",
        "effect.2-trails:feedback":"0.550",
        "effect.2-twisted":"false",
        "effect.2-twisted:radius":"0.310",
        "effect.2-twisted:twirl":"0.500",
        "visual.alphafinal":"0.000",
        "visual.alphainitial":"1.000",
        "visual.alphatime":"6.526",
        "visual.aspect":"0.200",
        "visual.bounce":"false",
        "sound.controllerchan":"1",
        "sound.controllerstyle":"modulationonly",
        "sound.controllerzmax":"0.300",
        "sound.controllerzmin":"0.050",
        "misc.enable:sound":"true",
        "misc.enable:visual":"true",
        "visual.filled":"true",
        "visual.gravity":"0",
        "visual.hue1final":"320.220",
        "visual.hue1initial":"212.422",
        "visual.hue1time":"3.570",
        "visual.hue2final":"147.525",
        "visual.hue2initial":"97.969",
        "visual.hue2time":"5.641",
        "sound.inputport":"",
        "visual.justification":"center",
        "visual.lifetime":"6.264",
        "misc.logic_sound":"true",
        "misc.logic_visual":"true",
        "misc.loop:length":"100",
        "visual.luminance":"0.500",
        "misc.midibehaviour":"default",
        "sound.midifile":"jsbach",
        "visual.mirrortype":"none",
        "visual.movedir":"leftright",
        "visual.noisevertexx":"0.000",
        "visual.noisevertexy":"0.000",
        "visual.nsprites":"9104",
        "misc.pitchfactor":"1.000",
        "sound.pitchmax":"80",
        "sound.pitchmin":"33",
        "misc.pitchoffset":"0.000",
        "visual.placement":"cursor",
        "misc.quant":"frets",
        "visual.rotangdir":"random",
        "visual.rotanginit":"126.840",
        "visual.rotangspeed":"24.000",
        "visual.rotauto":"false",
        "visual.saturation":"0.500",
        "misc.scale":"newage",
        "visual.shape":"circle",
        "visual.sizefinal":"4.446",
        "visual.sizeinitial":"3.682",
        "visual.sizetime":"2.316",
        "visual.smoothxyz":"7",
        "visual.speed":"0.119",
        "visual.spritesource":"cursor",
        "sound.synth":"P_06_C_01",
        "visual.thickness":"2.008",
        "sound.timefret1q":"1.000",
        "sound.timefret1y":"0.150",
        "sound.timefret2q":"0.500",
        "sound.timefret2y":"0.500",
        "sound.timefret3q":"0.250",
        "sound.timefret3y":"0.800",
        "sound.timefret4q":"0.125",
        "sound.timefret4y":"1.000",
        "sound.velocitymax":"127",
        "sound.velocitymin":"48",
        "misc.vol":"pressure",
        "sound.xcontroller":"3",
        "sound.ycontroller":"2",
        "sound.zcontroller":"1",
        "visual.zmin":"0.004"
    }
}
