{
    "params":{
        "effect.1-blur":"true",
        "effect.1-blur:blurxdistance":"0.440",
        "effect.1-blur:blurydistance":"0.483",
        "effect.1-blur:gaussian":"0.077",
        "effect.1-blur:quality":"1.000",
        "effect.1-displace":"false",
        "effect.1-displace:threshold":"0.000",
        "effect.1-displace:xfactor":"0.000",
        "effect.1-displace:yfactor":"0.000",
        "effect.1-edgedetection":"false",
        "effect.1-edgedetection:mode":"0.400",
        "effect.1-edgedetection:multiplier":"1.000",
        "effect.1-fragment":"true",
        "effect.1-fragment:distance":"0.000",
        "effect.1-fragment:fragments":"0.210",
        "effect.1-fragment:fragrotationx":"0.500",
        "effect.1-fragment:fragrotationy":"0.500",
        "effect.1-fragment:fragrotationz":"0.500",
        "effect.1-fragment:fragscale":"1.000",
        "effect.1-fragment:rotation":"0.000",
        "effect.1-huerotate":"false",
        "effect.1-huerotate:huerotate":"0.000",
        "effect.1-huerotate:huescale":"1.000",
        "effect.1-huerotate:satscale":"0.500",
        "effect.1-kaleidoscope":"false",
        "effect.1-kaleidoscope:angles":"0.300",
        "effect.1-kaleidoscope:inputrotation":"0.500",
        "effect.1-kaleidoscope:opacity":"1.000",
        "effect.1-kaleidoscope:rotation":"0.000",
        "effect.1-kaleidoscope:zoom":"0.580",
        "effect.1-mirror":"false",
        "effect.1-mirror:flipx":"0",
        "effect.1-mirror:flipy":"0",
        "effect.1-mirror:in/out":"1.000",
        "effect.1-mirror:x":"0.500",
        "effect.1-mirror:y":"0.500",
        "effect.1-mirrorquad":"false",
        "effect.1-mirrorquad:flipx":"0",
        "effect.1-mirrorquad:flipy":"0",
        "effect.1-posterize":"true",
        "effect.1-posterize:posterize":"0.190",
        "effect.1-trails":"true",
        "effect.1-trails:feedback":"0.000",
        "effect.1-twisted":"false",
        "effect.1-twisted:radius":"0.310",
        "effect.1-twisted:twirl":"0.500",
        "effect.2-blur":"false",
        "effect.2-blur:blurxdistance":"0.740",
        "effect.2-blur:blurydistance":"0.783",
        "effect.2-blur:gaussian":"0.077",
        "effect.2-blur:quality":"1.000",
        "effect.2-displace":"true",
        "effect.2-displace:threshold":"0.000",
        "effect.2-displace:xfactor":"0.000",
        "effect.2-displace:yfactor":"0.000",
        "effect.2-edgedetection":"false",
        "effect.2-edgedetection:mode":"0.920",
        "effect.2-edgedetection:multiplier":"0.540",
        "effect.2-fragment":"false",
        "effect.2-fragment:distance":"0.330",
        "effect.2-fragment:fragments":"0.300",
        "effect.2-fragment:fragrotationx":"0.500",
        "effect.2-fragment:fragrotationy":"0.500",
        "effect.2-fragment:fragrotationz":"0.500",
        "effect.2-fragment:fragscale":"1.000",
        "effect.2-fragment:rotation":"0.000",
        "effect.2-huerotate":"false",
        "effect.2-huerotate:huerotate":"0.000",
        "effect.2-huerotate:huescale":"1.000",
        "effect.2-huerotate:satscale":"0.500",
        "effect.2-kaleidoscope":"false",
        "effect.2-kaleidoscope:angles":"0.300",
        "effect.2-kaleidoscope:inputrotation":"0.500",
        "effect.2-kaleidoscope:opacity":"1.000",
        "effect.2-kaleidoscope:rotation":"0.000",
        "effect.2-kaleidoscope:zoom":"0.580",
        "effect.2-mirror":"false",
        "effect.2-mirror:flipx":"0",
        "effect.2-mirror:flipy":"0",
        "effect.2-mirror:in/out":"1.000",
        "effect.2-mirror:x":"0.500",
        "effect.2-mirror:y":"0.500",
        "effect.2-mirrorquad":"false",
        "effect.2-mirrorquad:flipx":"0",
        "effect.2-mirrorquad:flipy":"0",
        "effect.2-posterize":"false",
        "effect.2-posterize:posterize":"0.190",
        "effect.2-trails":"false",
        "effect.2-trails:feedback":"0.000",
        "effect.2-twisted":"false",
        "effect.2-twisted:radius":"0.310",
        "effect.2-twisted:twirl":"0.500",
        "visual.alphafinal":"0.000",
        "visual.alphainitial":"1.000",
        "visual.alphatime":"3.488",
        "visual.aspect":"0.700",
        "visual.bounce":"false",
        "sound.controllerchan":"1",
        "sound.controllerstyle":"modulationonly",
        "sound.controllerzmax":"0.300",
        "sound.controllerzmin":"0.050",
        "misc.enable:sound":"true",
        "misc.enable:visual":"true",
        "visual.filled":"true",
        "visual.gravity":"0",
        "visual.hue1final":"69.840",
        "visual.hue1initial":"262.800",
        "visual.hue1time":"1.109",
        "visual.hue2final":"249.840",
        "visual.hue2initial":"262.800",
        "visual.hue2time":"0.110",
        "sound.inputport":"",
        "visual.justification":"center",
        "visual.lifetime":"10.000",
        "misc.logic_sound":"true",
        "misc.logic_visual":"true",
        "misc.loop:length":"100",
        "visual.luminance":"0.200",
        "misc.midibehaviour":"default",
        "sound.midifile":"jsbach",
        "visual.mirrortype":"none",
        "visual.movedir":"random",
        "visual.noisevertexx":"0.000",
        "visual.noisevertexy":"0.000",
        "visual.nsprites":"1002",
        "misc.pitchfactor":"1.000",
        "sound.pitchmax":"80",
        "sound.pitchmin":"33",
        "misc.pitchoffset":"0.000",
        "visual.placement":"cursor",
        "misc.quant":"frets",
        "visual.rotangdir":"random",
        "visual.rotanginit":"0.000",
        "visual.rotangspeed":"24.000",
        "visual.rotauto":"false",
        "visual.saturation":"1.000",
        "misc.scale":"newage",
        "visual.shape":"square",
        "visual.sizefinal":"10.000",
        "visual.sizeinitial":"0.502",
        "visual.sizetime":"6.404",
        "visual.smoothxyz":"9",
        "visual.speed":"0.000",
        "visual.spritesource":"cursor",
        "sound.synth":"P_03_C_07",
        "visual.thickness":"10.000",
        "sound.timefret1q":"1.000",
        "sound.timefret1y":"0.150",
        "sound.timefret2q":"0.500",
        "sound.timefret2y":"0.500",
        "sound.timefret3q":"0.250",
        "sound.timefret3y":"0.800",
        "sound.timefret4q":"0.125",
        "sound.timefret4y":"1.000",
        "sound.velocitymax":"127",
        "sound.velocitymin":"1",
        "misc.vol":"pressure",
        "sound.xcontroller":"3",
        "sound.ycontroller":"2",
        "sound.zcontroller":"1",
        "visual.zmin":"0.100"
    }
}
