{
    "params":{
        "effect.1-blur":"false",
        "effect.1-blur:blurxdistance":"0.663",
        "effect.1-blur:blurydistance":"0.144",
        "effect.1-blur:gaussian":"0.465",
        "effect.1-blur:quality":"0.958",
        "effect.1-displace":"true",
        "effect.1-displace:threshold":"0.377",
        "effect.1-displace:xfactor":"0.648",
        "effect.1-displace:yfactor":"0.949",
        "effect.1-edgedetection":"false",
        "effect.1-edgedetection:mode":"0.289",
        "effect.1-edgedetection:multiplier":"0.666",
        "effect.1-fragment":"false",
        "effect.1-fragment:distance":"0.964",
        "effect.1-fragment:fragments":"0.033",
        "effect.1-fragment:fragrotationx":"0.923",
        "effect.1-fragment:fragrotationy":"0.604",
        "effect.1-fragment:fragrotationz":"0.896",
        "effect.1-fragment:fragscale":"1.000",
        "effect.1-fragment:rotation":"0.082",
        "effect.1-huerotate":"false",
        "effect.1-huerotate:huerotate":"0.523",
        "effect.1-huerotate:huescale":"0.310",
        "effect.1-huerotate:satscale":"0.864",
        "effect.1-kaleidoscope":"false",
        "effect.1-kaleidoscope:angles":"0.836",
        "effect.1-kaleidoscope:inputrotation":"0.563",
        "effect.1-kaleidoscope:opacity":"1.000",
        "effect.1-kaleidoscope:rotation":"0.996",
        "effect.1-kaleidoscope:zoom":"0.455",
        "effect.1-mirror":"false",
        "effect.1-mirror:flipx":"1",
        "effect.1-mirror:flipy":"0",
        "effect.1-mirror:in/out":"0.450",
        "effect.1-mirror:x":"0.500",
        "effect.1-mirror:y":"0.500",
        "effect.1-mirrorquad":"false",
        "effect.1-mirrorquad:flipx":"0",
        "effect.1-mirrorquad:flipy":"0",
        "effect.1-posterize":"false",
        "effect.1-posterize:posterize":"0.481",
        "effect.1-trails":"false",
        "effect.1-trails:feedback":"0.550",
        "effect.1-twisted":"false",
        "effect.1-twisted:radius":"0.556",
        "effect.1-twisted:twirl":"0.119",
        "effect.2-blur":"false",
        "effect.2-blur:blurxdistance":"0.562",
        "effect.2-blur:blurydistance":"0.172",
        "effect.2-blur:gaussian":"0.125",
        "effect.2-blur:quality":"0.360",
        "effect.2-displace":"false",
        "effect.2-displace:threshold":"0.340",
        "effect.2-displace:xfactor":"0.228",
        "effect.2-displace:yfactor":"0.388",
        "effect.2-edgedetection":"false",
        "effect.2-edgedetection:mode":"0.652",
        "effect.2-edgedetection:multiplier":"0.507",
        "effect.2-fragment":"false",
        "effect.2-fragment:distance":"0.470",
        "effect.2-fragment:fragments":"0.938",
        "effect.2-fragment:fragrotationx":"0.878",
        "effect.2-fragment:fragrotationy":"0.097",
        "effect.2-fragment:fragrotationz":"0.194",
        "effect.2-fragment:fragscale":"1.000",
        "effect.2-fragment:rotation":"0.310",
        "effect.2-huerotate":"true",
        "effect.2-huerotate:huerotate":"0.884",
        "effect.2-huerotate:huescale":"0.662",
        "effect.2-huerotate:satscale":"0.320",
        "effect.2-kaleidoscope":"false",
        "effect.2-kaleidoscope:angles":"0.737",
        "effect.2-kaleidoscope:inputrotation":"0.927",
        "effect.2-kaleidoscope:opacity":"1.000",
        "effect.2-kaleidoscope:rotation":"0.483",
        "effect.2-kaleidoscope:zoom":"0.712",
        "effect.2-mirror":"false",
        "effect.2-mirror:flipx":"1",
        "effect.2-mirror:flipy":"1",
        "effect.2-mirror:in/out":"0.644",
        "effect.2-mirror:x":"0.500",
        "effect.2-mirror:y":"0.500",
        "effect.2-mirrorquad":"false",
        "effect.2-mirrorquad:flipx":"1",
        "effect.2-mirrorquad:flipy":"0",
        "effect.2-posterize":"false",
        "effect.2-posterize:posterize":"0.000",
        "effect.2-trails":"true",
        "effect.2-trails:feedback":"0.550",
        "effect.2-twisted":"false",
        "effect.2-twisted:radius":"0.261",
        "effect.2-twisted:twirl":"0.229",
        "visual.alphafinal":"0.000",
        "visual.alphainitial":"0.693",
        "visual.alphatime":"4.573",
        "visual.aspect":"0.730",
        "visual.bounce":"false",
        "sound.controllerchan":"1",
        "sound.controllerstyle":"modulationonly",
        "sound.controllerzmax":"0.300",
        "sound.controllerzmin":"0.050",
        "misc.enable:sound":"true",
        "misc.enable:visual":"true",
        "visual.filled":"true",
        "visual.gravity":"0",
        "visual.hue1final":"53.777",
        "visual.hue1initial":"358.936",
        "visual.hue1time":"1.562",
        "visual.hue2final":"43.319",
        "visual.hue2initial":"210.588",
        "visual.hue2time":"1.860",
        "sound.inputport":"",
        "visual.justification":"center",
        "visual.lifetime":"4.771",
        "misc.logic_sound":"true",
        "misc.logic_visual":"true",
        "misc.loop:length":"100",
        "visual.luminance":"0.500",
        "misc.midibehaviour":"default",
        "sound.midifile":"jsbach",
        "visual.mirrortype":"none",
        "visual.movedir":"random90",
        "visual.noisevertexx":"0.000",
        "visual.noisevertexy":"0.000",
        "visual.nsprites":"4018",
        "misc.pitchfactor":"1.000",
        "sound.pitchmax":"80",
        "sound.pitchmin":"36",
        "misc.pitchoffset":"0.000",
        "visual.placement":"cursor",
        "misc.quant":"frets",
        "visual.rotangdir":"right",
        "visual.rotanginit":"189.487",
        "visual.rotangspeed":"-14.445",
        "visual.rotauto":"true",
        "visual.saturation":"0.915",
        "misc.scale":"newage",
        "visual.shape":"triangle",
        "visual.sizefinal":"2.484",
        "visual.sizeinitial":"1.014",
        "visual.sizetime":"5.805",
        "visual.smoothxyz":"5",
        "visual.speed":"0.392",
        "visual.spritesource":"cursor",
        "sound.synth":"P_06_C_03",
        "visual.thickness":"4.441",
        "sound.timefret1q":"1.000",
        "sound.timefret1y":"0.300",
        "sound.timefret2q":"0.500",
        "sound.timefret2y":"0.600",
        "sound.timefret3q":"0.250",
        "sound.timefret3y":"0.900",
        "sound.timefret4q":"0.125",
        "sound.timefret4y":"1.000",
        "sound.velocitymax":"94",
        "sound.velocitymin":"56",
        "misc.vol":"pressure",
        "sound.xcontroller":"1",
        "sound.ycontroller":"1",
        "sound.zcontroller":"1",
        "visual.zmin":"0.004"
    }
}
