{
    "params":{
        "effect.1-blur":"true",
        "effect.1-blur:blurxdistance":"0.187",
        "effect.1-blur:blurydistance":"0.030",
        "effect.1-blur:gaussian":"0.714",
        "effect.1-blur:quality":"0.627",
        "effect.1-displace":"false",
        "effect.1-displace:threshold":"0.049",
        "effect.1-displace:xfactor":"0.187",
        "effect.1-displace:yfactor":"0.689",
        "effect.1-edgedetection":"false",
        "effect.1-edgedetection:mode":"0.601",
        "effect.1-edgedetection:multiplier":"1.000",
        "effect.1-fragment":"false",
        "effect.1-fragment:distance":"0.727",
        "effect.1-fragment:fragments":"0.248",
        "effect.1-fragment:fragrotationx":"0.537",
        "effect.1-fragment:fragrotationy":"0.700",
        "effect.1-fragment:fragrotationz":"0.359",
        "effect.1-fragment:fragscale":"1.000",
        "effect.1-fragment:rotation":"0.618",
        "effect.1-huerotate":"false",
        "effect.1-huerotate:huerotate":"0.967",
        "effect.1-huerotate:huescale":"0.243",
        "effect.1-huerotate:satscale":"0.792",
        "effect.1-kaleidoscope":"false",
        "effect.1-kaleidoscope:angles":"0.979",
        "effect.1-kaleidoscope:inputrotation":"0.280",
        "effect.1-kaleidoscope:opacity":"1.000",
        "effect.1-kaleidoscope:rotation":"0.209",
        "effect.1-kaleidoscope:zoom":"0.897",
        "effect.1-mirror":"false",
        "effect.1-mirror:flipx":"1",
        "effect.1-mirror:flipy":"0",
        "effect.1-mirror:in/out":"0.054",
        "effect.1-mirror:x":"0.500",
        "effect.1-mirror:y":"0.500",
        "effect.1-mirrorquad":"false",
        "effect.1-mirrorquad:flipx":"0",
        "effect.1-mirrorquad:flipy":"0",
        "effect.1-posterize":"true",
        "effect.1-posterize:posterize":"0.056",
        "effect.1-trails":"false",
        "effect.1-trails:feedback":"0.550",
        "effect.1-twisted":"false",
        "effect.1-twisted:radius":"0.821",
        "effect.1-twisted:twirl":"0.538",
        "effect.2-blur":"false",
        "effect.2-blur:blurxdistance":"0.201",
        "effect.2-blur:blurydistance":"0.062",
        "effect.2-blur:gaussian":"0.596",
        "effect.2-blur:quality":"0.094",
        "effect.2-displace":"false",
        "effect.2-displace:threshold":"0.083",
        "effect.2-displace:xfactor":"0.000",
        "effect.2-displace:yfactor":"0.245",
        "effect.2-edgedetection":"true",
        "effect.2-edgedetection:mode":"0.676",
        "effect.2-edgedetection:multiplier":"0.716",
        "effect.2-fragment":"false",
        "effect.2-fragment:distance":"0.665",
        "effect.2-fragment:fragments":"0.506",
        "effect.2-fragment:fragrotationx":"0.669",
        "effect.2-fragment:fragrotationy":"0.922",
        "effect.2-fragment:fragrotationz":"0.544",
        "effect.2-fragment:fragscale":"1.000",
        "effect.2-fragment:rotation":"0.372",
        "effect.2-huerotate":"false",
        "effect.2-huerotate:huerotate":"0.024",
        "effect.2-huerotate:huescale":"0.406",
        "effect.2-huerotate:satscale":"0.750",
        "effect.2-kaleidoscope":"false",
        "effect.2-kaleidoscope:angles":"0.224",
        "effect.2-kaleidoscope:inputrotation":"0.887",
        "effect.2-kaleidoscope:opacity":"1.000",
        "effect.2-kaleidoscope:rotation":"0.056",
        "effect.2-kaleidoscope:zoom":"0.889",
        "effect.2-mirror":"false",
        "effect.2-mirror:flipx":"0",
        "effect.2-mirror:flipy":"1",
        "effect.2-mirror:in/out":"0.053",
        "effect.2-mirror:x":"0.500",
        "effect.2-mirror:y":"0.500",
        "effect.2-mirrorquad":"false",
        "effect.2-mirrorquad:flipx":"0",
        "effect.2-mirrorquad:flipy":"0",
        "effect.2-posterize":"false",
        "effect.2-posterize:posterize":"0.210",
        "effect.2-trails":"false",
        "effect.2-trails:feedback":"0.550",
        "effect.2-twisted":"false",
        "effect.2-twisted:radius":"0.386",
        "effect.2-twisted:twirl":"0.414",
        "visual.alphafinal":"0.000",
        "visual.alphainitial":"1.000",
        "visual.alphatime":"6.918",
        "visual.aspect":"0.498",
        "visual.bounce":"true",
        "sound.controllerchan":"1",
        "sound.controllerstyle":"modulationonly",
        "sound.controllerzmax":"0.300",
        "sound.controllerzmin":"0.050",
        "misc.enable:sound":"true",
        "misc.enable:visual":"true",
        "visual.filled":"true",
        "visual.gravity":"0",
        "visual.hue1final":"290.983",
        "visual.hue1initial":"189.033",
        "visual.hue1time":"1.764",
        "visual.hue2final":"250.266",
        "visual.hue2initial":"177.045",
        "visual.hue2time":"1.725",
        "sound.inputport":"",
        "visual.justification":"center",
        "visual.lifetime":"2.772",
        "misc.logic_sound":"true",
        "misc.logic_visual":"true",
        "misc.loop:length":"100",
        "visual.luminance":"0.500",
        "misc.midibehaviour":"default",
        "sound.midifile":"jsbach",
        "visual.mirrortype":"none",
        "visual.movedir":"leftright",
        "visual.noisevertexx":"0.000",
        "visual.noisevertexy":"0.000",
        "visual.nsprites":"952",
        "misc.pitchfactor":"1.000",
        "sound.pitchmax":"80",
        "sound.pitchmin":"33",
        "misc.pitchoffset":"0.000",
        "visual.placement":"cursor",
        "misc.quant":"frets",
        "visual.rotangdir":"random",
        "visual.rotanginit":"0.000",
        "visual.rotangspeed":"0.000",
        "visual.rotauto":"false",
        "visual.saturation":"0.934",
        "misc.scale":"newage",
        "visual.shape":"square",
        "visual.sizefinal":"1.414",
        "visual.sizeinitial":"0.629",
        "visual.sizetime":"2.579",
        "visual.smoothxyz":"7",
        "visual.speed":"0.155",
        "visual.spritesource":"cursor",
        "sound.synth":"P_03_C_07",
        "visual.thickness":"9.362",
        "sound.timefret1q":"1.000",
        "sound.timefret1y":"0.150",
        "sound.timefret2q":"0.500",
        "sound.timefret2y":"0.500",
        "sound.timefret3q":"0.250",
        "sound.timefret3y":"0.800",
        "sound.timefret4q":"0.125",
        "sound.timefret4y":"1.000",
        "sound.velocitymax":"127",
        "sound.velocitymin":"1",
        "misc.vol":"pressure",
        "sound.xcontroller":"3",
        "sound.ycontroller":"2",
        "sound.zcontroller":"1",
        "visual.zmin":"0.004"
    }
}
