{
    "params":{
        "effect.1-blur":"false",
        "effect.1-blur:blurxdistance":"0.374",
        "effect.1-blur:blurydistance":"0.586",
        "effect.1-blur:gaussian":"0.591",
        "effect.1-blur:quality":"0.088",
        "effect.1-displace":"true",
        "effect.1-displace:threshold":"0.130",
        "effect.1-displace:xfactor":"0.152",
        "effect.1-displace:yfactor":"0.362",
        "effect.1-edgedetection":"false",
        "effect.1-edgedetection:mode":"0.938",
        "effect.1-edgedetection:multiplier":"0.908",
        "effect.1-fragment":"false",
        "effect.1-fragment:distance":"0.958",
        "effect.1-fragment:fragments":"0.290",
        "effect.1-fragment:fragrotationx":"0.840",
        "effect.1-fragment:fragrotationy":"0.346",
        "effect.1-fragment:fragrotationz":"0.882",
        "effect.1-fragment:fragscale":"1.000",
        "effect.1-fragment:rotation":"0.780",
        "effect.1-huerotate":"false",
        "effect.1-huerotate:huerotate":"0.455",
        "effect.1-huerotate:huescale":"0.342",
        "effect.1-huerotate:satscale":"0.423",
        "effect.1-kaleidoscope":"false",
        "effect.1-kaleidoscope:angles":"0.567",
        "effect.1-kaleidoscope:inputrotation":"0.444",
        "effect.1-kaleidoscope:opacity":"1.000",
        "effect.1-kaleidoscope:rotation":"0.081",
        "effect.1-kaleidoscope:zoom":"0.622",
        "effect.1-mirror":"false",
        "effect.1-mirror:flipx":"1",
        "effect.1-mirror:flipy":"0",
        "effect.1-mirror:in/out":"0.844",
        "effect.1-mirror:x":"0.500",
        "effect.1-mirror:y":"0.500",
        "effect.1-mirrorquad":"false",
        "effect.1-mirrorquad:flipx":"1",
        "effect.1-mirrorquad:flipy":"1",
        "effect.1-posterize":"false",
        "effect.1-posterize:posterize":"0.450",
        "effect.1-trails":"false",
        "effect.1-trails:feedback":"0.527",
        "effect.1-twisted":"false",
        "effect.1-twisted:radius":"0.446",
        "effect.1-twisted:twirl":"0.511",
        "effect.2-blur":"false",
        "effect.2-blur:blurxdistance":"0.422",
        "effect.2-blur:blurydistance":"0.642",
        "effect.2-blur:gaussian":"0.451",
        "effect.2-blur:quality":"0.704",
        "effect.2-displace":"false",
        "effect.2-displace:threshold":"0.306",
        "effect.2-displace:xfactor":"0.581",
        "effect.2-displace:yfactor":"0.790",
        "effect.2-edgedetection":"false",
        "effect.2-edgedetection:mode":"0.575",
        "effect.2-edgedetection:multiplier":"0.659",
        "effect.2-fragment":"false",
        "effect.2-fragment:distance":"0.121",
        "effect.2-fragment:fragments":"0.284",
        "effect.2-fragment:fragrotationx":"0.550",
        "effect.2-fragment:fragrotationy":"0.049",
        "effect.2-fragment:fragrotationz":"0.947",
        "effect.2-fragment:fragscale":"1.000",
        "effect.2-fragment:rotation":"0.434",
        "effect.2-huerotate":"false",
        "effect.2-huerotate:huerotate":"0.976",
        "effect.2-huerotate:huescale":"0.146",
        "effect.2-huerotate:satscale":"0.833",
        "effect.2-kaleidoscope":"false",
        "effect.2-kaleidoscope:angles":"0.343",
        "effect.2-kaleidoscope:inputrotation":"0.483",
        "effect.2-kaleidoscope:opacity":"1.000",
        "effect.2-kaleidoscope:rotation":"0.245",
        "effect.2-kaleidoscope:zoom":"0.046",
        "effect.2-mirror":"false",
        "effect.2-mirror:flipx":"1",
        "effect.2-mirror:flipy":"1",
        "effect.2-mirror:in/out":"0.867",
        "effect.2-mirror:x":"0.500",
        "effect.2-mirror:y":"0.500",
        "effect.2-mirrorquad":"false",
        "effect.2-mirrorquad:flipx":"1",
        "effect.2-mirrorquad:flipy":"0",
        "effect.2-posterize":"false",
        "effect.2-posterize:posterize":"0.251",
        "effect.2-trails":"true",
        "effect.2-trails:feedback":"0.622",
        "effect.2-twisted":"false",
        "effect.2-twisted:radius":"0.811",
        "effect.2-twisted:twirl":"0.676",
        "visual.alphafinal":"0.000",
        "visual.alphainitial":"0.762",
        "visual.alphatime":"1.391",
        "visual.aspect":"0.544",
        "visual.bounce":"true",
        "sound.controllerchan":"1",
        "sound.controllerstyle":"modulationonly",
        "sound.controllerzmax":"0.300",
        "sound.controllerzmin":"0.050",
        "misc.enable:sound":"true",
        "misc.enable:visual":"false",
        "visual.filled":"true",
        "visual.gravity":"0",
        "visual.hue1final":"322.321",
        "visual.hue1initial":"71.141",
        "visual.hue1time":"0.797",
        "visual.hue2final":"198.365",
        "visual.hue2initial":"213.473",
        "visual.hue2time":"0.971",
        "sound.inputport":"",
        "visual.justification":"center",
        "visual.lifetime":"4.751",
        "misc.logic_sound":"midigrid",
        "misc.logic_visual":"maze4",
        "misc.loop:length":"7186",
        "visual.luminance":"0.500",
        "misc.midibehaviour":"sprite",
        "sound.midifile":"microKEY2 Air",
        "visual.mirrortype":"horizontal",
        "visual.movedir":"right",
        "visual.noisevertexx":"0.000",
        "visual.noisevertexy":"0.000",
        "visual.nsprites":"898",
        "misc.pitchfactor":"5.383",
        "sound.pitchmax":"74",
        "sound.pitchmin":"44",
        "misc.pitchoffset":"95.843",
        "visual.placement":"cursor",
        "misc.quant":"fixed",
        "visual.rotangdir":"random",
        "visual.rotanginit":"345.785",
        "visual.rotangspeed":"-38.756",
        "visual.rotauto":"true",
        "visual.saturation":"0.814",
        "misc.scale":"newage",
        "visual.shape":"triangle",
        "visual.sizefinal":"0.541",
        "visual.sizeinitial":"1.302",
        "visual.sizetime":"4.615",
        "visual.smoothxyz":"5",
        "visual.speed":"0.113",
        "visual.spritesource":"cursor",
        "sound.synth":"P_08_C_03",
        "visual.thickness":"2.836",
        "sound.timefret1q":"1.000",
        "sound.timefret1y":"0.300",
        "sound.timefret2q":"0.500",
        "sound.timefret2y":"0.600",
        "sound.timefret3q":"0.250",
        "sound.timefret3y":"0.900",
        "sound.timefret4q":"0.125",
        "sound.timefret4y":"1.000",
        "sound.velocitymax":"22",
        "sound.velocitymin":"111",
        "misc.vol":"pressure",
        "sound.xcontroller":"1",
        "sound.ycontroller":"1",
        "sound.zcontroller":"1",
        "visual.zmin":"0.004"
    }
}
