{
    "params":{
        "effect.1-blur":"false",
        "effect.1-blur:blurxdistance":"0.838",
        "effect.1-blur:blurydistance":"0.851",
        "effect.1-blur:gaussian":"0.859",
        "effect.1-blur:quality":"0.884",
        "effect.1-displace":"false",
        "effect.1-displace:threshold":"0.326",
        "effect.1-displace:xfactor":"0.310",
        "effect.1-displace:yfactor":"0.016",
        "effect.1-edgedetection":"false",
        "effect.1-edgedetection:mode":"0.600",
        "effect.1-edgedetection:multiplier":"0.436",
        "effect.1-fragment":"false",
        "effect.1-fragment:distance":"0.562",
        "effect.1-fragment:fragments":"0.460",
        "effect.1-fragment:fragrotationx":"0.772",
        "effect.1-fragment:fragrotationy":"0.097",
        "effect.1-fragment:fragrotationz":"0.212",
        "effect.1-fragment:fragscale":"1.000",
        "effect.1-fragment:rotation":"0.504",
        "effect.1-huerotate":"false",
        "effect.1-huerotate:huerotate":"0.288",
        "effect.1-huerotate:huescale":"0.408",
        "effect.1-huerotate:satscale":"0.995",
        "effect.1-kaleidoscope":"false",
        "effect.1-kaleidoscope:angles":"0.498",
        "effect.1-kaleidoscope:inputrotation":"0.466",
        "effect.1-kaleidoscope:opacity":"1.000",
        "effect.1-kaleidoscope:rotation":"0.468",
        "effect.1-kaleidoscope:zoom":"0.281",
        "effect.1-mirror":"false",
        "effect.1-mirror:flipx":"0",
        "effect.1-mirror:flipy":"0",
        "effect.1-mirror:in/out":"0.182",
        "effect.1-mirror:x":"0.500",
        "effect.1-mirror:y":"0.500",
        "effect.1-mirrorquad":"false",
        "effect.1-mirrorquad:flipx":"0",
        "effect.1-mirrorquad:flipy":"0",
        "effect.1-posterize":"false",
        "effect.1-posterize:posterize":"0.216",
        "effect.1-trails":"true",
        "effect.1-trails:feedback":"0.550",
        "effect.1-twisted":"false",
        "effect.1-twisted:radius":"0.822",
        "effect.1-twisted:twirl":"0.728",
        "effect.2-blur":"false",
        "effect.2-blur:blurxdistance":"0.232",
        "effect.2-blur:blurydistance":"0.202",
        "effect.2-blur:gaussian":"0.915",
        "effect.2-blur:quality":"0.404",
        "effect.2-displace":"true",
        "effect.2-displace:threshold":"0.176",
        "effect.2-displace:xfactor":"0.140",
        "effect.2-displace:yfactor":"0.676",
        "effect.2-edgedetection":"false",
        "effect.2-edgedetection:mode":"0.856",
        "effect.2-edgedetection:multiplier":"0.870",
        "effect.2-fragment":"false",
        "effect.2-fragment:distance":"0.934",
        "effect.2-fragment:fragments":"0.118",
        "effect.2-fragment:fragrotationx":"0.741",
        "effect.2-fragment:fragrotationy":"0.471",
        "effect.2-fragment:fragrotationz":"0.499",
        "effect.2-fragment:fragscale":"1.000",
        "effect.2-fragment:rotation":"0.766",
        "effect.2-huerotate":"false",
        "effect.2-huerotate:huerotate":"0.872",
        "effect.2-huerotate:huescale":"0.182",
        "effect.2-huerotate:satscale":"0.980",
        "effect.2-kaleidoscope":"false",
        "effect.2-kaleidoscope:angles":"0.986",
        "effect.2-kaleidoscope:inputrotation":"0.063",
        "effect.2-kaleidoscope:opacity":"1.000",
        "effect.2-kaleidoscope:rotation":"0.332",
        "effect.2-kaleidoscope:zoom":"0.090",
        "effect.2-mirror":"false",
        "effect.2-mirror:flipx":"0",
        "effect.2-mirror:flipy":"1",
        "effect.2-mirror:in/out":"0.650",
        "effect.2-mirror:x":"0.500",
        "effect.2-mirror:y":"0.500",
        "effect.2-mirrorquad":"false",
        "effect.2-mirrorquad:flipx":"1",
        "effect.2-mirrorquad:flipy":"0",
        "effect.2-posterize":"false",
        "effect.2-posterize:posterize":"0.423",
        "effect.2-trails":"true",
        "effect.2-trails:feedback":"0.550",
        "effect.2-twisted":"false",
        "effect.2-twisted:radius":"0.372",
        "effect.2-twisted:twirl":"0.551",
        "visual.alphafinal":"0.000",
        "visual.alphainitial":"1.000",
        "visual.alphatime":"3.007",
        "visual.aspect":"0.500",
        "visual.bounce":"false",
        "sound.controllerchan":"1",
        "sound.controllerstyle":"modulationonly",
        "sound.controllerzmax":"0.300",
        "sound.controllerzmin":"0.050",
        "misc.enable:sound":"true",
        "misc.enable:visual":"true",
        "visual.filled":"true",
        "visual.gravity":"0",
        "visual.hue1final":"108.000",
        "visual.hue1initial":"108.000",
        "visual.hue1time":"5.000",
        "visual.hue2final":"108.000",
        "visual.hue2initial":"108.000",
        "visual.hue2time":"5.000",
        "sound.inputport":"",
        "visual.justification":"center",
        "visual.lifetime":"10.000",
        "misc.logic_sound":"true",
        "misc.logic_visual":"true",
        "misc.loop:length":"100",
        "visual.luminance":"0.500",
        "misc.midibehaviour":"default",
        "sound.midifile":"jsbach",
        "visual.mirrortype":"none",
        "visual.movedir":"random90",
        "visual.noisevertexx":"0.000",
        "visual.noisevertexy":"0.000",
        "visual.nsprites":"1045",
        "misc.pitchfactor":"1.000",
        "sound.pitchmax":"84",
        "sound.pitchmin":"36",
        "misc.pitchoffset":"0.000",
        "visual.placement":"cursor",
        "misc.quant":"frets",
        "visual.rotangdir":"left",
        "visual.rotanginit":"0.000",
        "visual.rotangspeed":"0.000",
        "visual.rotauto":"false",
        "visual.saturation":"1.000",
        "misc.scale":"newage",
        "visual.shape":"circle",
        "visual.sizefinal":"6.000",
        "visual.sizeinitial":"0.610",
        "visual.sizetime":"1.967",
        "visual.smoothxyz":"6",
        "visual.speed":"0.070",
        "visual.spritesource":"cursor",
        "sound.synth":"P_02_C_08",
        "visual.thickness":"10.000",
        "sound.timefret1q":"1.000",
        "sound.timefret1y":"0.300",
        "sound.timefret2q":"0.500",
        "sound.timefret2y":"0.600",
        "sound.timefret3q":"0.250",
        "sound.timefret3y":"0.900",
        "sound.timefret4q":"0.125",
        "sound.timefret4y":"1.000",
        "sound.velocitymax":"94",
        "sound.velocitymin":"56",
        "misc.vol":"pressure",
        "sound.xcontroller":"1",
        "sound.ycontroller":"1",
        "sound.zcontroller":"1",
        "visual.zmin":"0.100"
    }
}
