{
    "params":{
        "effect.1-blur":"false",
        "effect.1-blur:blurxdistance":"0.197",
        "effect.1-blur:blurydistance":"0.960",
        "effect.1-blur:gaussian":"0.006",
        "effect.1-blur:quality":"0.559",
        "effect.1-displace":"false",
        "effect.1-displace:threshold":"0.204",
        "effect.1-displace:xfactor":"0.492",
        "effect.1-displace:yfactor":"0.461",
        "effect.1-edgedetection":"true",
        "effect.1-edgedetection:mode":"0.497",
        "effect.1-edgedetection:multiplier":"0.863",
        "effect.1-fragment":"false",
        "effect.1-fragment:distance":"0.351",
        "effect.1-fragment:fragments":"0.567",
        "effect.1-fragment:fragrotationx":"0.929",
        "effect.1-fragment:fragrotationy":"0.575",
        "effect.1-fragment:fragrotationz":"0.174",
        "effect.1-fragment:fragscale":"1.000",
        "effect.1-fragment:rotation":"0.481",
        "effect.1-huerotate":"false",
        "effect.1-huerotate:huerotate":"0.237",
        "effect.1-huerotate:huescale":"0.289",
        "effect.1-huerotate:satscale":"0.567",
        "effect.1-kaleidoscope":"false",
        "effect.1-kaleidoscope:angles":"0.398",
        "effect.1-kaleidoscope:inputrotation":"0.611",
        "effect.1-kaleidoscope:opacity":"1.000",
        "effect.1-kaleidoscope:rotation":"0.895",
        "effect.1-kaleidoscope:zoom":"0.792",
        "effect.1-mirror":"true",
        "effect.1-mirror:flipx":"0",
        "effect.1-mirror:flipy":"1",
        "effect.1-mirror:in/out":"0.126",
        "effect.1-mirror:x":"0.500",
        "effect.1-mirror:y":"0.500",
        "effect.1-mirrorquad":"false",
        "effect.1-mirrorquad:flipx":"1",
        "effect.1-mirrorquad:flipy":"1",
        "effect.1-posterize":"false",
        "effect.1-posterize:posterize":"0.253",
        "effect.1-trails":"false",
        "effect.1-trails:feedback":"0.587",
        "effect.1-twisted":"false",
        "effect.1-twisted:radius":"0.354",
        "effect.1-twisted:twirl":"0.000",
        "effect.2-blur":"false",
        "effect.2-blur:blurxdistance":"0.183",
        "effect.2-blur:blurydistance":"0.126",
        "effect.2-blur:gaussian":"0.663",
        "effect.2-blur:quality":"0.198",
        "effect.2-displace":"false",
        "effect.2-displace:threshold":"0.258",
        "effect.2-displace:xfactor":"0.358",
        "effect.2-displace:yfactor":"0.406",
        "effect.2-edgedetection":"false",
        "effect.2-edgedetection:mode":"0.015",
        "effect.2-edgedetection:multiplier":"0.954",
        "effect.2-fragment":"false",
        "effect.2-fragment:distance":"0.431",
        "effect.2-fragment:fragments":"0.175",
        "effect.2-fragment:fragrotationx":"0.166",
        "effect.2-fragment:fragrotationy":"0.307",
        "effect.2-fragment:fragrotationz":"0.326",
        "effect.2-fragment:fragscale":"1.000",
        "effect.2-fragment:rotation":"0.721",
        "effect.2-huerotate":"false",
        "effect.2-huerotate:huerotate":"0.623",
        "effect.2-huerotate:huescale":"0.215",
        "effect.2-huerotate:satscale":"0.623",
        "effect.2-kaleidoscope":"false",
        "effect.2-kaleidoscope:angles":"0.126",
        "effect.2-kaleidoscope:inputrotation":"0.445",
        "effect.2-kaleidoscope:opacity":"1.000",
        "effect.2-kaleidoscope:rotation":"0.179",
        "effect.2-kaleidoscope:zoom":"0.668",
        "effect.2-mirror":"true",
        "effect.2-mirror:flipx":"1",
        "effect.2-mirror:flipy":"1",
        "effect.2-mirror:in/out":"0.756",
        "effect.2-mirror:x":"0.500",
        "effect.2-mirror:y":"0.500",
        "effect.2-mirrorquad":"false",
        "effect.2-mirrorquad:flipx":"1",
        "effect.2-mirrorquad:flipy":"1",
        "effect.2-posterize":"false",
        "effect.2-posterize:posterize":"0.216",
        "effect.2-trails":"false",
        "effect.2-trails:feedback":"0.501",
        "effect.2-twisted":"false",
        "effect.2-twisted:radius":"0.789",
        "effect.2-twisted:twirl":"0.498",
        "visual.alphafinal":"0.000",
        "visual.alphainitial":"1.000",
        "visual.alphatime":"8.283",
        "visual.aspect":"0.500",
        "visual.bounce":"false",
        "sound.controllerchan":"1",
        "sound.controllerstyle":"modulationonly",
        "sound.controllerzmax":"0.300",
        "sound.controllerzmin":"0.050",
        "misc.enable:sound":"true",
        "misc.enable:visual":"true",
        "visual.filled":"true",
        "visual.gravity":"0",
        "visual.hue1final":"180.000",
        "visual.hue1initial":"252.000",
        "visual.hue1time":"6.998",
        "visual.hue2final":"180.000",
        "visual.hue2initial":"252.000",
        "visual.hue2time":"6.998",
        "sound.inputport":"",
        "visual.justification":"center",
        "visual.lifetime":"9.996",
        "misc.logic_sound":"true",
        "misc.logic_visual":"true",
        "misc.loop:length":"100",
        "visual.luminance":"0.500",
        "misc.midibehaviour":"default",
        "sound.midifile":"jsbach",
        "visual.mirrortype":"vertical",
        "visual.movedir":"random",
        "visual.noisevertexx":"0.000",
        "visual.noisevertexy":"0.000",
        "visual.nsprites":"1044",
        "misc.pitchfactor":"1.000",
        "sound.pitchmax":"72",
        "sound.pitchmin":"25",
        "misc.pitchoffset":"0.000",
        "visual.placement":"cursor",
        "misc.quant":"frets",
        "visual.rotangdir":"left",
        "visual.rotanginit":"36.000",
        "visual.rotangspeed":"24.000",
        "visual.rotauto":"false",
        "visual.saturation":"1.000",
        "misc.scale":"newage",
        "visual.shape":"line",
        "visual.sizefinal":"8.000",
        "visual.sizeinitial":"10.000",
        "visual.sizetime":"3.079",
        "visual.smoothxyz":"3",
        "visual.speed":"0.000",
        "visual.spritesource":"cursor",
        "sound.synth":"P_08_C_04",
        "visual.thickness":"4.900",
        "sound.timefret1q":"1.000",
        "sound.timefret1y":"0.300",
        "sound.timefret2q":"0.500",
        "sound.timefret2y":"0.600",
        "sound.timefret3q":"0.250",
        "sound.timefret3y":"0.900",
        "sound.timefret4q":"0.125",
        "sound.timefret4y":"1.000",
        "sound.velocitymax":"127",
        "sound.velocitymin":"48",
        "misc.vol":"pressure",
        "sound.xcontroller":"1",
        "sound.ycontroller":"1",
        "sound.zcontroller":"1",
        "visual.zmin":"0.100"
    }
}
