{
    "params":{
        "effect.1-blur":"true",
        "effect.1-blur:blurxdistance":"0.664",
        "effect.1-blur:blurydistance":"0.131",
        "effect.1-blur:gaussian":"0.157",
        "effect.1-blur:quality":"0.677",
        "effect.1-displace":"false",
        "effect.1-displace:threshold":"0.186",
        "effect.1-displace:xfactor":"0.678",
        "effect.1-displace:yfactor":"0.261",
        "effect.1-edgedetection":"false",
        "effect.1-edgedetection:mode":"0.611",
        "effect.1-edgedetection:multiplier":"0.955",
        "effect.1-fragment":"false",
        "effect.1-fragment:distance":"0.575",
        "effect.1-fragment:fragments":"0.964",
        "effect.1-fragment:fragrotationx":"0.489",
        "effect.1-fragment:fragrotationy":"0.503",
        "effect.1-fragment:fragrotationz":"0.203",
        "effect.1-fragment:fragscale":"1.000",
        "effect.1-fragment:rotation":"0.622",
        "effect.1-huerotate":"false",
        "effect.1-huerotate:huerotate":"0.538",
        "effect.1-huerotate:huescale":"0.184",
        "effect.1-huerotate:satscale":"0.507",
        "effect.1-kaleidoscope":"false",
        "effect.1-kaleidoscope:angles":"0.780",
        "effect.1-kaleidoscope:inputrotation":"0.283",
        "effect.1-kaleidoscope:opacity":"1.000",
        "effect.1-kaleidoscope:rotation":"0.552",
        "effect.1-kaleidoscope:zoom":"0.676",
        "effect.1-mirror":"true",
        "effect.1-mirror:flipx":"0",
        "effect.1-mirror:flipy":"0",
        "effect.1-mirror:in/out":"0.449",
        "effect.1-mirror:x":"0.500",
        "effect.1-mirror:y":"0.500",
        "effect.1-mirrorquad":"true",
        "effect.1-mirrorquad:flipx":"0",
        "effect.1-mirrorquad:flipy":"0",
        "effect.1-posterize":"false",
        "effect.1-posterize:posterize":"0.356",
        "effect.1-trails":"false",
        "effect.1-trails:feedback":"0.550",
        "effect.1-twisted":"false",
        "effect.1-twisted:radius":"0.760",
        "effect.1-twisted:twirl":"0.440",
        "effect.2-blur":"false",
        "effect.2-blur:blurxdistance":"0.805",
        "effect.2-blur:blurydistance":"0.093",
        "effect.2-blur:gaussian":"0.009",
        "effect.2-blur:quality":"0.836",
        "effect.2-displace":"true",
        "effect.2-displace:threshold":"0.245",
        "effect.2-displace:xfactor":"0.426",
        "effect.2-displace:yfactor":"0.664",
        "effect.2-edgedetection":"false",
        "effect.2-edgedetection:mode":"0.997",
        "effect.2-edgedetection:multiplier":"0.753",
        "effect.2-fragment":"false",
        "effect.2-fragment:distance":"0.156",
        "effect.2-fragment:fragments":"0.595",
        "effect.2-fragment:fragrotationx":"0.058",
        "effect.2-fragment:fragrotationy":"0.944",
        "effect.2-fragment:fragrotationz":"0.029",
        "effect.2-fragment:fragscale":"1.000",
        "effect.2-fragment:rotation":"0.983",
        "effect.2-huerotate":"false",
        "effect.2-huerotate:huerotate":"0.090",
        "effect.2-huerotate:huescale":"0.569",
        "effect.2-huerotate:satscale":"0.100",
        "effect.2-kaleidoscope":"false",
        "effect.2-kaleidoscope:angles":"0.239",
        "effect.2-kaleidoscope:inputrotation":"0.347",
        "effect.2-kaleidoscope:opacity":"1.000",
        "effect.2-kaleidoscope:rotation":"0.392",
        "effect.2-kaleidoscope:zoom":"0.193",
        "effect.2-mirror":"false",
        "effect.2-mirror:flipx":"1",
        "effect.2-mirror:flipy":"1",
        "effect.2-mirror:in/out":"0.860",
        "effect.2-mirror:x":"0.500",
        "effect.2-mirror:y":"0.500",
        "effect.2-mirrorquad":"false",
        "effect.2-mirrorquad:flipx":"1",
        "effect.2-mirrorquad:flipy":"0",
        "effect.2-posterize":"false",
        "effect.2-posterize:posterize":"0.206",
        "effect.2-trails":"false",
        "effect.2-trails:feedback":"0.550",
        "effect.2-twisted":"false",
        "effect.2-twisted:radius":"0.779",
        "effect.2-twisted:twirl":"0.462",
        "visual.alphafinal":"0.000",
        "visual.alphainitial":"0.885",
        "visual.alphatime":"4.878",
        "visual.aspect":"0.582",
        "visual.bounce":"false",
        "sound.controllerchan":"1",
        "sound.controllerstyle":"modulationonly",
        "sound.controllerzmax":"0.300",
        "sound.controllerzmin":"0.050",
        "misc.enable:sound":"true",
        "misc.enable:visual":"true",
        "visual.filled":"true",
        "visual.gravity":"0",
        "visual.hue1final":"285.694",
        "visual.hue1initial":"3.228",
        "visual.hue1time":"1.251",
        "visual.hue2final":"329.838",
        "visual.hue2initial":"150.451",
        "visual.hue2time":"1.620",
        "sound.inputport":"",
        "visual.justification":"center",
        "visual.lifetime":"4.609",
        "misc.logic_sound":"true",
        "misc.logic_visual":"true",
        "misc.loop:length":"100",
        "visual.luminance":"0.500",
        "misc.midibehaviour":"default",
        "sound.midifile":"jsbach",
        "visual.mirrortype":"vertical",
        "visual.movedir":"random90",
        "visual.noisevertexx":"0.000",
        "visual.noisevertexy":"0.000",
        "visual.nsprites":"3674",
        "misc.pitchfactor":"1.000",
        "sound.pitchmax":"80",
        "sound.pitchmin":"33",
        "misc.pitchoffset":"0.000",
        "visual.placement":"cursor",
        "misc.quant":"frets",
        "visual.rotangdir":"right",
        "visual.rotanginit":"168.443",
        "visual.rotangspeed":"-22.460",
        "visual.rotauto":"true",
        "visual.saturation":"0.942",
        "misc.scale":"newage",
        "visual.shape":"square",
        "visual.sizefinal":"2.578",
        "visual.sizeinitial":"1.494",
        "visual.sizetime":"6.615",
        "visual.smoothxyz":"5",
        "visual.speed":"0.499",
        "visual.spritesource":"cursor",
        "sound.synth":"P_03_C_07",
        "visual.thickness":"3.666",
        "sound.timefret1q":"1.000",
        "sound.timefret1y":"0.150",
        "sound.timefret2q":"0.500",
        "sound.timefret2y":"0.500",
        "sound.timefret3q":"0.250",
        "sound.timefret3y":"0.800",
        "sound.timefret4q":"0.125",
        "sound.timefret4y":"1.000",
        "sound.velocitymax":"127",
        "sound.velocitymin":"1",
        "misc.vol":"pressure",
        "sound.xcontroller":"3",
        "sound.ycontroller":"2",
        "sound.zcontroller":"1",
        "visual.zmin":"0.004"
    }
}
