{
    "params":{
        "effect.1-blur":"false",
        "effect.1-blur:blurxdistance":"0.100",
        "effect.1-blur:blurydistance":"0.100",
        "effect.1-blur:gaussian":"0.970",
        "effect.1-blur:quality":"0.770",
        "effect.1-displace":"false",
        "effect.1-displace:threshold":"0.296",
        "effect.1-displace:xfactor":"0.520",
        "effect.1-displace:yfactor":"0.979",
        "effect.1-edgedetection":"true",
        "effect.1-edgedetection:mode":"1.000",
        "effect.1-edgedetection:multiplier":"1.000",
        "effect.1-fragment":"false",
        "effect.1-fragment:distance":"0.858",
        "effect.1-fragment:fragments":"0.301",
        "effect.1-fragment:fragrotationx":"0.462",
        "effect.1-fragment:fragrotationy":"0.684",
        "effect.1-fragment:fragrotationz":"0.611",
        "effect.1-fragment:fragscale":"1.000",
        "effect.1-fragment:rotation":"0.821",
        "effect.1-huerotate":"false",
        "effect.1-huerotate:huerotate":"0.350",
        "effect.1-huerotate:huescale":"0.191",
        "effect.1-huerotate:satscale":"0.377",
        "effect.1-kaleidoscope":"false",
        "effect.1-kaleidoscope:angles":"0.107",
        "effect.1-kaleidoscope:inputrotation":"0.719",
        "effect.1-kaleidoscope:opacity":"1.000",
        "effect.1-kaleidoscope:rotation":"0.080",
        "effect.1-kaleidoscope:zoom":"0.343",
        "effect.1-mirror":"false",
        "effect.1-mirror:flipx":"1",
        "effect.1-mirror:flipy":"1",
        "effect.1-mirror:in/out":"0.355",
        "effect.1-mirror:x":"0.500",
        "effect.1-mirror:y":"0.500",
        "effect.1-mirrorquad":"false",
        "effect.1-mirrorquad:flipx":"0",
        "effect.1-mirrorquad:flipy":"0",
        "effect.1-posterize":"false",
        "effect.1-posterize:posterize":"0.378",
        "effect.1-trails":"false",
        "effect.1-trails:feedback":"0.550",
        "effect.1-twisted":"false",
        "effect.1-twisted:radius":"0.807",
        "effect.1-twisted:twirl":"0.052",
        "effect.2-blur":"false",
        "effect.2-blur:blurxdistance":"0.987",
        "effect.2-blur:blurydistance":"0.671",
        "effect.2-blur:gaussian":"0.534",
        "effect.2-blur:quality":"0.552",
        "effect.2-displace":"false",
        "effect.2-displace:threshold":"0.230",
        "effect.2-displace:xfactor":"0.744",
        "effect.2-displace:yfactor":"0.224",
        "effect.2-edgedetection":"false",
        "effect.2-edgedetection:mode":"0.968",
        "effect.2-edgedetection:multiplier":"0.696",
        "effect.2-fragment":"false",
        "effect.2-fragment:distance":"0.156",
        "effect.2-fragment:fragments":"0.053",
        "effect.2-fragment:fragrotationx":"0.784",
        "effect.2-fragment:fragrotationy":"0.909",
        "effect.2-fragment:fragrotationz":"0.944",
        "effect.2-fragment:fragscale":"1.000",
        "effect.2-fragment:rotation":"0.956",
        "effect.2-huerotate":"false",
        "effect.2-huerotate:huerotate":"0.687",
        "effect.2-huerotate:huescale":"0.731",
        "effect.2-huerotate:satscale":"0.776",
        "effect.2-kaleidoscope":"false",
        "effect.2-kaleidoscope:angles":"0.969",
        "effect.2-kaleidoscope:inputrotation":"0.389",
        "effect.2-kaleidoscope:opacity":"1.000",
        "effect.2-kaleidoscope:rotation":"0.969",
        "effect.2-kaleidoscope:zoom":"0.658",
        "effect.2-mirror":"true",
        "effect.2-mirror:flipx":"0",
        "effect.2-mirror:flipy":"1",
        "effect.2-mirror:in/out":"0.282",
        "effect.2-mirror:x":"0.500",
        "effect.2-mirror:y":"0.500",
        "effect.2-mirrorquad":"false",
        "effect.2-mirrorquad:flipx":"0",
        "effect.2-mirrorquad:flipy":"1",
        "effect.2-posterize":"true",
        "effect.2-posterize:posterize":"0.262",
        "effect.2-trails":"false",
        "effect.2-trails:feedback":"0.550",
        "effect.2-twisted":"false",
        "effect.2-twisted:radius":"0.513",
        "effect.2-twisted:twirl":"0.248",
        "visual.alphafinal":"0.000",
        "visual.alphainitial":"1.000",
        "visual.alphatime":"6.526",
        "visual.aspect":"0.060",
        "visual.bounce":"false",
        "sound.controllerchan":"1",
        "sound.controllerstyle":"modulationonly",
        "sound.controllerzmax":"0.300",
        "sound.controllerzmin":"0.050",
        "misc.enable:sound":"true",
        "misc.enable:visual":"true",
        "visual.filled":"true",
        "visual.gravity":"0",
        "visual.hue1final":"284.220",
        "visual.hue1initial":"64.462",
        "visual.hue1time":"1.572",
        "visual.hue2final":"291.525",
        "visual.hue2initial":"241.969",
        "visual.hue2time":"1.645",
        "sound.inputport":"",
        "visual.justification":"center",
        "visual.lifetime":"6.264",
        "misc.logic_sound":"true",
        "misc.logic_visual":"true",
        "misc.loop:length":"100",
        "visual.luminance":"0.500",
        "misc.midibehaviour":"default",
        "sound.midifile":"jsbach",
        "visual.mirrortype":"none",
        "visual.movedir":"leftright",
        "visual.noisevertexx":"0.000",
        "visual.noisevertexy":"0.000",
        "visual.nsprites":"9104",
        "misc.pitchfactor":"1.000",
        "sound.pitchmax":"80",
        "sound.pitchmin":"33",
        "misc.pitchoffset":"0.000",
        "visual.placement":"cursor",
        "misc.quant":"frets",
        "visual.rotangdir":"left",
        "visual.rotanginit":"126.840",
        "visual.rotangspeed":"1.680",
        "visual.rotauto":"true",
        "visual.saturation":"1.000",
        "misc.scale":"newage",
        "visual.shape":"line",
        "visual.sizefinal":"6.446",
        "visual.sizeinitial":"5.680",
        "visual.sizetime":"0.318",
        "visual.smoothxyz":"5",
        "visual.speed":"0.119",
        "visual.spritesource":"cursor",
        "sound.synth":"P_06_C_01",
        "visual.thickness":"10.000",
        "sound.timefret1q":"1.000",
        "sound.timefret1y":"0.150",
        "sound.timefret2q":"0.500",
        "sound.timefret2y":"0.500",
        "sound.timefret3q":"0.250",
        "sound.timefret3y":"0.800",
        "sound.timefret4q":"0.125",
        "sound.timefret4y":"1.000",
        "sound.velocitymax":"127",
        "sound.velocitymin":"48",
        "misc.vol":"pressure",
        "sound.xcontroller":"3",
        "sound.ycontroller":"2",
        "sound.zcontroller":"1",
        "visual.zmin":"0.004"
    }
}
