{
    "params":{
        "effect.1-blur":"false",
        "effect.1-blur:blurxdistance":"0.691",
        "effect.1-blur:blurydistance":"0.196",
        "effect.1-blur:gaussian":"0.044",
        "effect.1-blur:quality":"0.440",
        "effect.1-displace":"false",
        "effect.1-displace:threshold":"0.304",
        "effect.1-displace:xfactor":"0.925",
        "effect.1-displace:yfactor":"0.264",
        "effect.1-edgedetection":"false",
        "effect.1-edgedetection:mode":"0.756",
        "effect.1-edgedetection:multiplier":"0.541",
        "effect.1-fragment":"false",
        "effect.1-fragment:distance":"0.193",
        "effect.1-fragment:fragments":"0.392",
        "effect.1-fragment:fragrotationx":"0.243",
        "effect.1-fragment:fragrotationy":"0.298",
        "effect.1-fragment:fragrotationz":"0.506",
        "effect.1-fragment:fragscale":"1.000",
        "effect.1-fragment:rotation":"0.859",
        "effect.1-huerotate":"false",
        "effect.1-huerotate:huerotate":"0.467",
        "effect.1-huerotate:huescale":"0.991",
        "effect.1-huerotate:satscale":"0.054",
        "effect.1-kaleidoscope":"false",
        "effect.1-kaleidoscope:angles":"0.763",
        "effect.1-kaleidoscope:inputrotation":"0.727",
        "effect.1-kaleidoscope:opacity":"1.000",
        "effect.1-kaleidoscope:rotation":"0.968",
        "effect.1-kaleidoscope:zoom":"0.292",
        "effect.1-mirror":"false",
        "effect.1-mirror:flipx":"0",
        "effect.1-mirror:flipy":"0",
        "effect.1-mirror:in/out":"0.230",
        "effect.1-mirror:x":"0.500",
        "effect.1-mirror:y":"0.500",
        "effect.1-mirrorquad":"false",
        "effect.1-mirrorquad:flipx":"1",
        "effect.1-mirrorquad:flipy":"1",
        "effect.1-posterize":"false",
        "effect.1-posterize:posterize":"0.492",
        "effect.1-trails":"true",
        "effect.1-trails:feedback":"0.550",
        "effect.1-twisted":"false",
        "effect.1-twisted:radius":"0.968",
        "effect.1-twisted:twirl":"0.287",
        "effect.2-blur":"false",
        "effect.2-blur:blurxdistance":"0.787",
        "effect.2-blur:blurydistance":"0.017",
        "effect.2-blur:gaussian":"0.316",
        "effect.2-blur:quality":"0.551",
        "effect.2-displace":"true",
        "effect.2-displace:threshold":"0.007",
        "effect.2-displace:xfactor":"0.610",
        "effect.2-displace:yfactor":"0.807",
        "effect.2-edgedetection":"false",
        "effect.2-edgedetection:mode":"0.465",
        "effect.2-edgedetection:multiplier":"0.945",
        "effect.2-fragment":"false",
        "effect.2-fragment:distance":"0.134",
        "effect.2-fragment:fragments":"0.540",
        "effect.2-fragment:fragrotationx":"0.368",
        "effect.2-fragment:fragrotationy":"0.736",
        "effect.2-fragment:fragrotationz":"0.513",
        "effect.2-fragment:fragscale":"1.000",
        "effect.2-fragment:rotation":"0.411",
        "effect.2-huerotate":"false",
        "effect.2-huerotate:huerotate":"0.009",
        "effect.2-huerotate:huescale":"0.449",
        "effect.2-huerotate:satscale":"0.346",
        "effect.2-kaleidoscope":"false",
        "effect.2-kaleidoscope:angles":"0.104",
        "effect.2-kaleidoscope:inputrotation":"0.074",
        "effect.2-kaleidoscope:opacity":"1.000",
        "effect.2-kaleidoscope:rotation":"0.997",
        "effect.2-kaleidoscope:zoom":"0.872",
        "effect.2-mirror":"false",
        "effect.2-mirror:flipx":"0",
        "effect.2-mirror:flipy":"1",
        "effect.2-mirror:in/out":"0.151",
        "effect.2-mirror:x":"0.500",
        "effect.2-mirror:y":"0.500",
        "effect.2-mirrorquad":"false",
        "effect.2-mirrorquad:flipx":"1",
        "effect.2-mirrorquad:flipy":"0",
        "effect.2-posterize":"false",
        "effect.2-posterize:posterize":"0.405",
        "effect.2-trails":"false",
        "effect.2-trails:feedback":"0.550",
        "effect.2-twisted":"false",
        "effect.2-twisted:radius":"0.815",
        "effect.2-twisted:twirl":"0.944",
        "visual.alphafinal":"0.000",
        "visual.alphainitial":"0.800",
        "visual.alphatime":"3.506",
        "visual.aspect":"0.500",
        "visual.bounce":"false",
        "sound.controllerchan":"1",
        "sound.controllerstyle":"modulationonly",
        "sound.controllerzmax":"0.300",
        "sound.controllerzmin":"0.050",
        "misc.enable:sound":"true",
        "misc.enable:visual":"true",
        "visual.filled":"true",
        "visual.gravity":"0",
        "visual.hue1final":"180.000",
        "visual.hue1initial":"180.000",
        "visual.hue1time":"5.000",
        "visual.hue2final":"180.000",
        "visual.hue2initial":"180.000",
        "visual.hue2time":"5.000",
        "sound.inputport":"",
        "visual.justification":"center",
        "visual.lifetime":"10.000",
        "misc.logic_sound":"true",
        "misc.logic_visual":"true",
        "misc.loop:length":"100",
        "visual.luminance":"1.000",
        "misc.midibehaviour":"default",
        "sound.midifile":"jsbach",
        "visual.mirrortype":"horizontal",
        "visual.movedir":"up",
        "visual.noisevertexx":"0.000",
        "visual.noisevertexy":"0.000",
        "visual.nsprites":"1181",
        "misc.pitchfactor":"1.000",
        "sound.pitchmax":"80",
        "sound.pitchmin":"33",
        "misc.pitchoffset":"0.000",
        "visual.placement":"cursor",
        "misc.quant":"frets",
        "visual.rotangdir":"left",
        "visual.rotanginit":"0.000",
        "visual.rotangspeed":"0.000",
        "visual.rotauto":"false",
        "visual.saturation":"0.000",
        "misc.scale":"newage",
        "visual.shape":"square",
        "visual.sizefinal":"0.200",
        "visual.sizeinitial":"2.128",
        "visual.sizetime":"3.307",
        "visual.smoothxyz":"10",
        "visual.speed":"0.220",
        "visual.spritesource":"cursor",
        "sound.synth":"P_06_C_01",
        "visual.thickness":"4.900",
        "sound.timefret1q":"1.000",
        "sound.timefret1y":"0.150",
        "sound.timefret2q":"0.500",
        "sound.timefret2y":"0.500",
        "sound.timefret3q":"0.250",
        "sound.timefret3y":"0.800",
        "sound.timefret4q":"0.125",
        "sound.timefret4y":"1.000",
        "sound.velocitymax":"91",
        "sound.velocitymin":"31",
        "misc.vol":"pressure",
        "sound.xcontroller":"3",
        "sound.ycontroller":"2",
        "sound.zcontroller":"1",
        "visual.zmin":"0.200"
    }
}
