{
    "params": {
        "effect.1-blur":"true",
        "effect.1-blur:blurxdistance":"0.187000",
        "effect.1-blur:blurydistance":"0.030000",
        "effect.1-blur:gaussian":"0.714000",
        "effect.1-blur:quality":"0.627000",
        "effect.1-displace":"false",
        "effect.1-displace:threshold":"0.049000",
        "effect.1-displace:xfactor":"0.187000",
        "effect.1-displace:yfactor":"0.689000",
        "effect.1-edgedetection":"false",
        "effect.1-edgedetection:mode":"0.601000",
        "effect.1-edgedetection:multiplier":"1.000000",
        "effect.1-fragment":"false",
        "effect.1-fragment:distance":"0.727000",
        "effect.1-fragment:fragments":"0.248000",
        "effect.1-fragment:fragrotationx":"0.537000",
        "effect.1-fragment:fragrotationy":"0.700000",
        "effect.1-fragment:fragrotationz":"0.359000",
        "effect.1-fragment:fragscale":"1.000000",
        "effect.1-fragment:rotation":"0.618000",
        "effect.1-goo":"false",
        "effect.1-goo:maxdistortionx":"1.000000",
        "effect.1-goo:maxdistortiony":"1.000000",
        "effect.1-goo:maxdistortionz":"1.000000",
        "effect.1-goo:resolution":"16",
        "effect.1-goo:shade":"1.000000",
        "effect.1-goo:speed":"0.150000",
        "effect.1-huerotate":"false",
        "effect.1-huerotate:huerotate":"0.967000",
        "effect.1-huerotate:huescale":"0.243000",
        "effect.1-huerotate:satscale":"0.792000",
        "effect.1-kaleidoscope":"false",
        "effect.1-kaleidoscope:angles":"0.979000",
        "effect.1-kaleidoscope:inputrotation":"0.280000",
        "effect.1-kaleidoscope:opacity":"1.000000",
        "effect.1-kaleidoscope:rotation":"0.209000",
        "effect.1-kaleidoscope:zoom":"0.897000",
        "effect.1-mirror":"false",
        "effect.1-mirror:flipx":"1",
        "effect.1-mirror:flipy":"0",
        "effect.1-mirror:in/out":"0.054000",
        "effect.1-mirror:x":"0.500000",
        "effect.1-mirror:y":"0.500000",
        "effect.1-mirrorquad":"false",
        "effect.1-mirrorquad:flipx":"0",
        "effect.1-mirrorquad:flipy":"0",
        "effect.1-posterize":"true",
        "effect.1-posterize:posterize":"0.056000",
        "effect.1-trails":"false",
        "effect.1-trails:feedback":"0.550000",
        "effect.1-twisted":"false",
        "effect.1-twisted:radius":"0.821000",
        "effect.1-twisted:twirl":"0.538000",
        "effect.2-blur":"false",
        "effect.2-blur:blurxdistance":"0.201000",
        "effect.2-blur:blurydistance":"0.062000",
        "effect.2-blur:gaussian":"0.596000",
        "effect.2-blur:quality":"0.094000",
        "effect.2-displace":"false",
        "effect.2-displace:threshold":"0.083000",
        "effect.2-displace:xfactor":"0.000000",
        "effect.2-displace:yfactor":"0.245000",
        "effect.2-edgedetection":"true",
        "effect.2-edgedetection:mode":"0.676000",
        "effect.2-edgedetection:multiplier":"0.716000",
        "effect.2-fragment":"false",
        "effect.2-fragment:distance":"0.665000",
        "effect.2-fragment:fragments":"0.506000",
        "effect.2-fragment:fragrotationx":"0.669000",
        "effect.2-fragment:fragrotationy":"0.922000",
        "effect.2-fragment:fragrotationz":"0.544000",
        "effect.2-fragment:fragscale":"1.000000",
        "effect.2-fragment:rotation":"0.372000",
        "effect.2-goo":"false",
        "effect.2-goo:maxdistortionx":"1.000000",
        "effect.2-goo:maxdistortiony":"1.000000",
        "effect.2-goo:maxdistortionz":"1.000000",
        "effect.2-goo:resolution":"16",
        "effect.2-goo:shade":"1.000000",
        "effect.2-goo:speed":"0.150000",
        "effect.2-huerotate":"false",
        "effect.2-huerotate:huerotate":"0.024000",
        "effect.2-huerotate:huescale":"0.406000",
        "effect.2-huerotate:satscale":"0.750000",
        "effect.2-kaleidoscope":"false",
        "effect.2-kaleidoscope:angles":"0.224000",
        "effect.2-kaleidoscope:inputrotation":"0.887000",
        "effect.2-kaleidoscope:opacity":"1.000000",
        "effect.2-kaleidoscope:rotation":"0.056000",
        "effect.2-kaleidoscope:zoom":"0.889000",
        "effect.2-mirror":"false",
        "effect.2-mirror:flipx":"0",
        "effect.2-mirror:flipy":"1",
        "effect.2-mirror:in/out":"0.053000",
        "effect.2-mirror:x":"0.500000",
        "effect.2-mirror:y":"0.500000",
        "effect.2-mirrorquad":"false",
        "effect.2-mirrorquad:flipx":"0",
        "effect.2-mirrorquad:flipy":"0",
        "effect.2-posterize":"false",
        "effect.2-posterize:posterize":"0.210000",
        "effect.2-trails":"false",
        "effect.2-trails:feedback":"0.550000",
        "effect.2-twisted":"false",
        "effect.2-twisted:radius":"0.386000",
        "effect.2-twisted:twirl":"0.414000",
        "misc.enable:sound":"true",
        "misc.enable:visual":"true",
        "misc.logic_sound":"true",
        "misc.logic_visual":"true",
        "misc.loop:length":"100",
        "misc.midibehaviour":"default",
        "misc.pitchfactor":"1.000000",
        "misc.pitchoffset":"0.000000",
        "misc.quant":"frets",
        "misc.scale":"newage",
        "misc.vol":"pressure",
        "sound.chromatic":"false",
        "sound.controllermax":"127",
        "sound.controllermin":"1",
        "sound.controllerstyle":"modulationonly",
        "sound.controllerzmax":"0.300000",
        "sound.controllerzmin":"0.050000",
        "sound.deltaytrig":"1.000000",
        "sound.deltaztrig":"1.000000",
        "sound.inputport":"",
        "sound.midifile":"jsbach",
        "sound.pitchmax":"80",
        "sound.pitchmin":"33",
        "sound.synth":"P_03_C_07",
        "sound.timefret1q":"1.000000",
        "sound.timefret1y":"0.150000",
        "sound.timefret2q":"0.500000",
        "sound.timefret2y":"0.500000",
        "sound.timefret3q":"0.250000",
        "sound.timefret3y":"0.800000",
        "sound.timefret4q":"0.125000",
        "sound.timefret4y":"1.000000",
        "sound.velocitymax":"127",
        "sound.velocitymin":"1",
        "sound.xcontroller":"3",
        "sound.ycontroller":"2",
        "sound.zcontroller":"1",
        "visual.alphafinal":"0.000000",
        "visual.alphainitial":"1.000000",
        "visual.alphatime":"6.918000",
        "visual.aspect":"0.498000",
        "visual.bounce":"true",
        "visual.cursorsprites":"false",
        "visual.filled":"true",
        "visual.gravity":"0",
        "visual.hue1final":"290.983002",
        "visual.hue1initial":"189.033005",
        "visual.hue1time":"1.764000",
        "visual.hue2final":"250.266006",
        "visual.hue2initial":"177.044998",
        "visual.hue2time":"1.725000",
        "visual.justification":"center",
        "visual.lifetime":"2.772000",
        "visual.luminance":"0.500000",
        "visual.mirrortype":"none",
        "visual.movedir":"leftright",
        "visual.noisevertex":"0.000000",
        "visual.noisevertexx":"0.000000",
        "visual.noisevertexy":"0.000000",
        "visual.nsprites":"952",
        "visual.placement":"cursor",
        "visual.rotangdir":"random",
        "visual.rotanginit":"0.000000",
        "visual.rotangspeed":"0.000000",
        "visual.rotauto":"false",
        "visual.saturation":"0.934000",
        "visual.shape":"square",
        "visual.sizefinal":"1.414000",
        "visual.sizeinitial":"0.629000",
        "visual.sizetime":"2.579000",
        "visual.smoothxyz":"7",
        "visual.speed":"0.155000",
        "visual.spritesource":"cursor",
        "visual.thickness":"9.362000",
        "visual.zmin":"0.004000"
    }
}