{
    "params": {
        "effect.1-blur":"false",
        "effect.1-blur:blurxdistance":"0.768000",
        "effect.1-blur:blurydistance":"0.258000",
        "effect.1-blur:gaussian":"0.760000",
        "effect.1-blur:quality":"0.650000",
        "effect.1-displace":"true",
        "effect.1-displace:threshold":"0.212000",
        "effect.1-displace:xfactor":"0.036000",
        "effect.1-displace:yfactor":"0.773000",
        "effect.1-edgedetection":"false",
        "effect.1-edgedetection:mode":"0.532000",
        "effect.1-edgedetection:multiplier":"0.969000",
        "effect.1-fragment":"false",
        "effect.1-fragment:distance":"0.563000",
        "effect.1-fragment:fragments":"0.386000",
        "effect.1-fragment:fragrotationx":"0.729000",
        "effect.1-fragment:fragrotationy":"0.480000",
        "effect.1-fragment:fragrotationz":"0.163000",
        "effect.1-fragment:fragscale":"1.000000",
        "effect.1-fragment:rotation":"0.972000",
        "effect.1-goo":"false",
        "effect.1-goo:maxdistortionx":"1.000000",
        "effect.1-goo:maxdistortiony":"1.000000",
        "effect.1-goo:maxdistortionz":"1.000000",
        "effect.1-goo:resolution":"16",
        "effect.1-goo:shade":"1.000000",
        "effect.1-goo:speed":"0.150000",
        "effect.1-huerotate":"false",
        "effect.1-huerotate:huerotate":"0.225000",
        "effect.1-huerotate:huescale":"0.582000",
        "effect.1-huerotate:satscale":"0.195000",
        "effect.1-kaleidoscope":"false",
        "effect.1-kaleidoscope:angles":"0.570000",
        "effect.1-kaleidoscope:inputrotation":"0.769000",
        "effect.1-kaleidoscope:opacity":"1.000000",
        "effect.1-kaleidoscope:rotation":"0.739000",
        "effect.1-kaleidoscope:zoom":"0.161000",
        "effect.1-mirror":"false",
        "effect.1-mirror:flipx":"1",
        "effect.1-mirror:flipy":"1",
        "effect.1-mirror:in/out":"0.822000",
        "effect.1-mirror:x":"0.500000",
        "effect.1-mirror:y":"0.500000",
        "effect.1-mirrorquad":"false",
        "effect.1-mirrorquad:flipx":"1",
        "effect.1-mirrorquad:flipy":"0",
        "effect.1-posterize":"false",
        "effect.1-posterize:posterize":"0.475000",
        "effect.1-trails":"false",
        "effect.1-trails:feedback":"0.529000",
        "effect.1-twisted":"false",
        "effect.1-twisted:radius":"0.960000",
        "effect.1-twisted:twirl":"0.531000",
        "effect.2-blur":"false",
        "effect.2-blur:blurxdistance":"0.649000",
        "effect.2-blur:blurydistance":"0.848000",
        "effect.2-blur:gaussian":"0.002000",
        "effect.2-blur:quality":"0.661000",
        "effect.2-displace":"false",
        "effect.2-displace:threshold":"0.027000",
        "effect.2-displace:xfactor":"0.286000",
        "effect.2-displace:yfactor":"0.727000",
        "effect.2-edgedetection":"false",
        "effect.2-edgedetection:mode":"0.557000",
        "effect.2-edgedetection:multiplier":"0.479000",
        "effect.2-fragment":"false",
        "effect.2-fragment:distance":"0.058000",
        "effect.2-fragment:fragments":"0.902000",
        "effect.2-fragment:fragrotationx":"0.681000",
        "effect.2-fragment:fragrotationy":"0.132000",
        "effect.2-fragment:fragrotationz":"0.247000",
        "effect.2-fragment:fragscale":"1.000000",
        "effect.2-fragment:rotation":"0.476000",
        "effect.2-goo":"false",
        "effect.2-goo:maxdistortionx":"1.000000",
        "effect.2-goo:maxdistortiony":"1.000000",
        "effect.2-goo:maxdistortionz":"1.000000",
        "effect.2-goo:resolution":"16",
        "effect.2-goo:shade":"1.000000",
        "effect.2-goo:speed":"0.150000",
        "effect.2-huerotate":"false",
        "effect.2-huerotate:huerotate":"0.897000",
        "effect.2-huerotate:huescale":"0.131000",
        "effect.2-huerotate:satscale":"0.095000",
        "effect.2-kaleidoscope":"false",
        "effect.2-kaleidoscope:angles":"0.325000",
        "effect.2-kaleidoscope:inputrotation":"0.623000",
        "effect.2-kaleidoscope:opacity":"1.000000",
        "effect.2-kaleidoscope:rotation":"0.560000",
        "effect.2-kaleidoscope:zoom":"0.932000",
        "effect.2-mirror":"false",
        "effect.2-mirror:flipx":"1",
        "effect.2-mirror:flipy":"0",
        "effect.2-mirror:in/out":"0.041000",
        "effect.2-mirror:x":"0.500000",
        "effect.2-mirror:y":"0.500000",
        "effect.2-mirrorquad":"false",
        "effect.2-mirrorquad:flipx":"1",
        "effect.2-mirrorquad:flipy":"0",
        "effect.2-posterize":"false",
        "effect.2-posterize:posterize":"0.350000",
        "effect.2-trails":"false",
        "effect.2-trails:feedback":"0.692000",
        "effect.2-twisted":"false",
        "effect.2-twisted:radius":"0.283000",
        "effect.2-twisted:twirl":"0.044000",
        "misc.generatesound":"true",
        "misc.generatevisual":"true",
        "misc.logic_sound":"true",
        "misc.logic_visual":"true",
        "misc.midibehaviour":"default",
        "misc.pitchfactor":"1.000000",
        "misc.pitchoffset":"0.000000",
        "misc.quantstyle":"frets",
        "misc.scale":"newage",
        "misc.volstyle":"pressure",
        "sound.chromatic":"false",
        "sound.controllerstyle":"modulationonly",
        "sound.midifile":"jsbach",
        "sound.pitchmax":"92",
        "sound.pitchmin":"45",
        "sound.synth":"P_05_C_03",
        "sound.velocitymax":"127",
        "sound.velocitymin":"39",
        "sound.xcontroller":"3",
        "sound.ycontroller":"2",
        "sound.zcontroller":"1",
        "visual.alphafinal":"0.000000",
        "visual.alphainitial":"1.000000",
        "visual.alphatime":"3.000000",
        "visual.aspect":"0.500000",
        "visual.bounce":"false",
        "visual.cursorsprites":"false",
        "visual.filled":"true",
        "visual.gravity":"0",
        "visual.hue1final":"272.000000",
        "visual.hue1initial":"172.000000",
        "visual.hue1time":"2.000000",
        "visual.hue2final":"128.000000",
        "visual.hue2initial":"28.000000",
        "visual.hue2time":"2.000000",
        "visual.inputbackground":"false",
        "visual.justification":"center",
        "visual.lifetime":"3.000000",
        "visual.luminance":"0.500000",
        "visual.mirrortype":"none",
        "visual.movedir":"cursor",
        "visual.noisevertex":"0.000000",
        "visual.noisevertexx":"0.000000",
        "visual.noisevertexy":"0.000000",
        "visual.nsprites":"100",
        "visual.placement":"cursor",
        "visual.rotangdir":"random",
        "visual.rotanginit":"0.000000",
        "visual.rotangspeed":"0.000000",
        "visual.rotauto":"true",
        "visual.saturation":"1.000000",
        "visual.shape":"triangle",
        "visual.sizefinal":"3.400000",
        "visual.sizeinitial":"2.998000",
        "visual.sizetime":"2.000000",
        "visual.smoothxyz":"5",
        "visual.speed":"0.100000",
        "visual.spritesource":"cursor",
        "visual.spritestyle":"hue",
        "visual.thickness":"3.000000",
        "visual.zmin":"0.004000"
    }
}