{
    "params":{
        "effect.1-blur":"true",
        "effect.1-blur:blurxdistance":"0.600",
        "effect.1-blur:blurydistance":"0.580",
        "effect.1-blur:gaussian":"0.170",
        "effect.1-blur:quality":"0.480",
        "effect.1-displace":"false",
        "effect.1-displace:threshold":"0.000",
        "effect.1-displace:xfactor":"0.760",
        "effect.1-displace:yfactor":"0.240",
        "effect.1-edgedetection":"false",
        "effect.1-edgedetection:mode":"0.920",
        "effect.1-edgedetection:multiplier":"0.240",
        "effect.1-fragment":"false",
        "effect.1-fragment:distance":"0.330",
        "effect.1-fragment:fragments":"0.300",
        "effect.1-fragment:fragrotationx":"0.500",
        "effect.1-fragment:fragrotationy":"0.500",
        "effect.1-fragment:fragrotationz":"0.500",
        "effect.1-fragment:fragscale":"1.000",
        "effect.1-fragment:rotation":"0.000",
        "effect.1-huerotate":"false",
        "effect.1-huerotate:huerotate":"0.000",
        "effect.1-huerotate:huescale":"1.000",
        "effect.1-huerotate:satscale":"0.500",
        "effect.1-kaleidoscope":"false",
        "effect.1-kaleidoscope:angles":"0.300",
        "effect.1-kaleidoscope:inputrotation":"0.500",
        "effect.1-kaleidoscope:opacity":"1.000",
        "effect.1-kaleidoscope:rotation":"0.000",
        "effect.1-kaleidoscope:zoom":"0.580",
        "effect.1-mirror":"false",
        "effect.1-mirror:flipx":"0",
        "effect.1-mirror:flipy":"0",
        "effect.1-mirror:in/out":"1.000",
        "effect.1-mirror:x":"0.500",
        "effect.1-mirror:y":"0.500",
        "effect.1-mirrorquad":"false",
        "effect.1-mirrorquad:flipx":"0",
        "effect.1-mirrorquad:flipy":"0",
        "effect.1-posterize":"true",
        "effect.1-posterize:posterize":"0.190",
        "effect.1-trails":"true",
        "effect.1-trails:feedback":"0.550",
        "effect.1-twisted":"false",
        "effect.1-twisted:radius":"0.310",
        "effect.1-twisted:twirl":"0.500",
        "effect.2-blur":"false",
        "effect.2-blur:blurxdistance":"0.400",
        "effect.2-blur:blurydistance":"0.380",
        "effect.2-blur:gaussian":"0.170",
        "effect.2-blur:quality":"0.480",
        "effect.2-displace":"false",
        "effect.2-displace:threshold":"0.000",
        "effect.2-displace:xfactor":"0.760",
        "effect.2-displace:yfactor":"0.240",
        "effect.2-edgedetection":"false",
        "effect.2-edgedetection:mode":"0.920",
        "effect.2-edgedetection:multiplier":"0.240",
        "effect.2-fragment":"false",
        "effect.2-fragment:distance":"0.330",
        "effect.2-fragment:fragments":"0.300",
        "effect.2-fragment:fragrotationx":"0.500",
        "effect.2-fragment:fragrotationy":"0.500",
        "effect.2-fragment:fragrotationz":"0.500",
        "effect.2-fragment:fragscale":"1.000",
        "effect.2-fragment:rotation":"0.000",
        "effect.2-huerotate":"false",
        "effect.2-huerotate:huerotate":"0.000",
        "effect.2-huerotate:huescale":"1.000",
        "effect.2-huerotate:satscale":"0.500",
        "effect.2-kaleidoscope":"false",
        "effect.2-kaleidoscope:angles":"0.640",
        "effect.2-kaleidoscope:inputrotation":"0.500",
        "effect.2-kaleidoscope:opacity":"1.000",
        "effect.2-kaleidoscope:rotation":"0.000",
        "effect.2-kaleidoscope:zoom":"1.000",
        "effect.2-mirror":"false",
        "effect.2-mirror:flipx":"0",
        "effect.2-mirror:flipy":"0",
        "effect.2-mirror:in/out":"1.000",
        "effect.2-mirror:x":"0.500",
        "effect.2-mirror:y":"0.500",
        "effect.2-mirrorquad":"false",
        "effect.2-mirrorquad:flipx":"0",
        "effect.2-mirrorquad:flipy":"0",
        "effect.2-posterize":"false",
        "effect.2-posterize:posterize":"0.190",
        "effect.2-trails":"false",
        "effect.2-trails:feedback":"0.550",
        "effect.2-twisted":"false",
        "effect.2-twisted:radius":"0.310",
        "effect.2-twisted:twirl":"0.500",
        "visual.alphafinal":"0.000",
        "visual.alphainitial":"1.000",
        "visual.alphatime":"7.502",
        "visual.aspect":"0.500",
        "visual.bounce":"true",
        "sound.controllerstyle":"modulationonly",
        "visual.filled":"true",
        "visual.gravity":"0",
        "visual.hue1final":"180.000",
        "visual.hue1initial":"216.000",
        "visual.hue1time":"3.007",
        "visual.hue2final":"72.000",
        "visual.hue2initial":"180.000",
        "visual.hue2time":"4.905",
        "visual.justification":"center",
        "visual.lifetime":"6.999",
        "visual.luminance":"0.500",
        "sound.midifile":"jsbach",
        "visual.mirrortype":"none",
        "visual.movedir":"leftright",
        "visual.noisevertexx":"0.000",
        "visual.noisevertexy":"0.000",
        "visual.nsprites":"1039",
        "sound.pitchmax":"80",
        "sound.pitchmin":"33",
        "visual.placement":"cursor",
        "visual.rotangdir":"right",
        "visual.rotanginit":"90.000",
        "visual.rotangspeed":"0.000",
        "visual.rotauto":"false",
        "visual.saturation":"1.000",
        "visual.shape":"line",
        "visual.sizefinal":"2.000",
        "visual.sizeinitial":"2.500",
        "visual.sizetime":"4.606",
        "visual.smoothxyz":"3",
        "visual.speed":"0.100",
        "visual.spritesource":"cursor",
        "sound.synth":"P_03_C_01",
        "visual.thickness":"10.000",
        "sound.velocitymax":"127",
        "sound.velocitymin":"45",
        "sound.xcontroller":"3",
        "sound.ycontroller":"2",
        "sound.zcontroller":"1",
        "visual.zmin":"0.004"
    }
}
