{
    "params":{
        "effect.1-blur":"false",
        "effect.1-blur:blurxdistance":"0.791",
        "effect.1-blur:blurydistance":"0.774",
        "effect.1-blur:gaussian":"0.890",
        "effect.1-blur:quality":"0.274",
        "effect.1-displace":"false",
        "effect.1-displace:threshold":"0.397",
        "effect.1-displace:xfactor":"0.443",
        "effect.1-displace:yfactor":"0.004",
        "effect.1-edgedetection":"false",
        "effect.1-edgedetection:mode":"0.660",
        "effect.1-edgedetection:multiplier":"0.625",
        "effect.1-fragment":"false",
        "effect.1-fragment:distance":"0.798",
        "effect.1-fragment:fragments":"0.750",
        "effect.1-fragment:fragrotationx":"0.565",
        "effect.1-fragment:fragrotationy":"0.869",
        "effect.1-fragment:fragrotationz":"0.929",
        "effect.1-fragment:fragscale":"1.000",
        "effect.1-fragment:rotation":"0.866",
        "effect.1-huerotate":"false",
        "effect.1-huerotate:huerotate":"0.921",
        "effect.1-huerotate:huescale":"0.232",
        "effect.1-huerotate:satscale":"0.015",
        "effect.1-kaleidoscope":"true",
        "effect.1-kaleidoscope:angles":"0.214",
        "effect.1-kaleidoscope:inputrotation":"0.102",
        "effect.1-kaleidoscope:opacity":"1.000",
        "effect.1-kaleidoscope:rotation":"0.386",
        "effect.1-kaleidoscope:zoom":"0.646",
        "effect.1-mirror":"false",
        "effect.1-mirror:flipx":"1",
        "effect.1-mirror:flipy":"0",
        "effect.1-mirror:in/out":"0.681",
        "effect.1-mirror:x":"0.500",
        "effect.1-mirror:y":"0.500",
        "effect.1-mirrorquad":"false",
        "effect.1-mirrorquad:flipx":"1",
        "effect.1-mirrorquad:flipy":"0",
        "effect.1-posterize":"false",
        "effect.1-posterize:posterize":"0.139",
        "effect.1-trails":"false",
        "effect.1-trails:feedback":"0.550",
        "effect.1-twisted":"false",
        "effect.1-twisted:radius":"0.588",
        "effect.1-twisted:twirl":"0.408",
        "effect.2-blur":"false",
        "effect.2-blur:blurxdistance":"0.421",
        "effect.2-blur:blurydistance":"0.169",
        "effect.2-blur:gaussian":"0.726",
        "effect.2-blur:quality":"0.484",
        "effect.2-displace":"true",
        "effect.2-displace:threshold":"0.288",
        "effect.2-displace:xfactor":"0.075",
        "effect.2-displace:yfactor":"0.095",
        "effect.2-edgedetection":"false",
        "effect.2-edgedetection:mode":"0.065",
        "effect.2-edgedetection:multiplier":"0.811",
        "effect.2-fragment":"false",
        "effect.2-fragment:distance":"0.785",
        "effect.2-fragment:fragments":"0.431",
        "effect.2-fragment:fragrotationx":"0.790",
        "effect.2-fragment:fragrotationy":"0.277",
        "effect.2-fragment:fragrotationz":"0.813",
        "effect.2-fragment:fragscale":"1.000",
        "effect.2-fragment:rotation":"0.994",
        "effect.2-huerotate":"false",
        "effect.2-huerotate:huerotate":"0.762",
        "effect.2-huerotate:huescale":"0.319",
        "effect.2-huerotate:satscale":"0.073",
        "effect.2-kaleidoscope":"false",
        "effect.2-kaleidoscope:angles":"0.685",
        "effect.2-kaleidoscope:inputrotation":"0.059",
        "effect.2-kaleidoscope:opacity":"1.000",
        "effect.2-kaleidoscope:rotation":"0.780",
        "effect.2-kaleidoscope:zoom":"0.051",
        "effect.2-mirror":"false",
        "effect.2-mirror:flipx":"0",
        "effect.2-mirror:flipy":"0",
        "effect.2-mirror:in/out":"0.234",
        "effect.2-mirror:x":"0.500",
        "effect.2-mirror:y":"0.500",
        "effect.2-mirrorquad":"false",
        "effect.2-mirrorquad:flipx":"1",
        "effect.2-mirrorquad:flipy":"0",
        "effect.2-posterize":"false",
        "effect.2-posterize:posterize":"0.215",
        "effect.2-trails":"false",
        "effect.2-trails:feedback":"0.550",
        "effect.2-twisted":"false",
        "effect.2-twisted:radius":"0.500",
        "effect.2-twisted:twirl":"0.102",
        "visual.alphafinal":"0.000",
        "visual.alphainitial":"1.000",
        "visual.alphatime":"8.283",
        "visual.aspect":"0.100",
        "visual.bounce":"false",
        "sound.controllerstyle":"modulationonly",
        "visual.filled":"true",
        "visual.gravity":"0",
        "visual.hue1final":"291.600",
        "visual.hue1initial":"360.000",
        "visual.hue1time":"5.000",
        "visual.hue2final":"82.800",
        "visual.hue2initial":"72.000",
        "visual.hue2time":"5.000",
        "visual.justification":"center",
        "visual.lifetime":"9.996",
        "visual.luminance":"0.500",
        "sound.midifile":"jsbach",
        "visual.mirrortype":"none",
        "visual.movedir":"leftright",
        "visual.noisevertexx":"0.000",
        "visual.noisevertexy":"0.000",
        "visual.nsprites":"1044",
        "sound.pitchmax":"80",
        "sound.pitchmin":"33",
        "visual.placement":"cursor",
        "visual.rotangdir":"left",
        "visual.rotanginit":"90.000",
        "visual.rotangspeed":"0.000",
        "visual.rotauto":"false",
        "visual.saturation":"1.000",
        "visual.shape":"square",
        "visual.sizefinal":"0.000",
        "visual.sizeinitial":"2.307",
        "visual.sizetime":"8.074",
        "visual.smoothxyz":"3",
        "visual.speed":"0.152",
        "visual.spritesource":"cursor",
        "sound.synth":"P_01_C_04",
        "visual.thickness":"7.003",
        "sound.velocitymax":"127",
        "sound.velocitymin":"45",
        "sound.xcontroller":"3",
        "sound.ycontroller":"2",
        "sound.zcontroller":"1",
        "visual.zmin":"0.004"
    }
}
