{
    "params":{
        "effect.1-blur":"false",
        "effect.1-blur:blurxdistance":"0.205",
        "effect.1-blur:blurydistance":"0.323",
        "effect.1-blur:gaussian":"0.732",
        "effect.1-blur:quality":"0.325",
        "effect.1-displace":"true",
        "effect.1-displace:threshold":"0.159",
        "effect.1-displace:xfactor":"0.274",
        "effect.1-displace:yfactor":"0.023",
        "effect.1-edgedetection":"false",
        "effect.1-edgedetection:mode":"0.543",
        "effect.1-edgedetection:multiplier":"0.650",
        "effect.1-fragment":"false",
        "effect.1-fragment:distance":"0.505",
        "effect.1-fragment:fragments":"0.092",
        "effect.1-fragment:fragrotationx":"0.661",
        "effect.1-fragment:fragrotationy":"0.680",
        "effect.1-fragment:fragrotationz":"0.689",
        "effect.1-fragment:fragscale":"1.000",
        "effect.1-fragment:rotation":"0.773",
        "effect.1-huerotate":"false",
        "effect.1-huerotate:huerotate":"0.528",
        "effect.1-huerotate:huescale":"0.984",
        "effect.1-huerotate:satscale":"0.676",
        "effect.1-kaleidoscope":"false",
        "effect.1-kaleidoscope:angles":"0.468",
        "effect.1-kaleidoscope:inputrotation":"0.838",
        "effect.1-kaleidoscope:opacity":"1.000",
        "effect.1-kaleidoscope:rotation":"0.159",
        "effect.1-kaleidoscope:zoom":"0.587",
        "effect.1-mirror":"false",
        "effect.1-mirror:flipx":"0",
        "effect.1-mirror:flipy":"0",
        "effect.1-mirror:in/out":"0.190",
        "effect.1-mirror:x":"0.500",
        "effect.1-mirror:y":"0.500",
        "effect.1-mirrorquad":"false",
        "effect.1-mirrorquad:flipx":"1",
        "effect.1-mirrorquad:flipy":"1",
        "effect.1-posterize":"false",
        "effect.1-posterize:posterize":"0.331",
        "effect.1-trails":"false",
        "effect.1-trails:feedback":"0.643",
        "effect.1-twisted":"false",
        "effect.1-twisted:radius":"0.303",
        "effect.1-twisted:twirl":"0.073",
        "effect.2-blur":"false",
        "effect.2-blur:blurxdistance":"0.720",
        "effect.2-blur:blurydistance":"0.143",
        "effect.2-blur:gaussian":"0.441",
        "effect.2-blur:quality":"0.673",
        "effect.2-displace":"false",
        "effect.2-displace:threshold":"0.385",
        "effect.2-displace:xfactor":"0.915",
        "effect.2-displace:yfactor":"0.009",
        "effect.2-edgedetection":"true",
        "effect.2-edgedetection:mode":"0.961",
        "effect.2-edgedetection:multiplier":"0.394",
        "effect.2-fragment":"false",
        "effect.2-fragment:distance":"0.445",
        "effect.2-fragment:fragments":"0.749",
        "effect.2-fragment:fragrotationx":"0.249",
        "effect.2-fragment:fragrotationy":"0.942",
        "effect.2-fragment:fragrotationz":"0.131",
        "effect.2-fragment:fragscale":"1.000",
        "effect.2-fragment:rotation":"0.715",
        "effect.2-huerotate":"false",
        "effect.2-huerotate:huerotate":"0.954",
        "effect.2-huerotate:huescale":"0.759",
        "effect.2-huerotate:satscale":"0.642",
        "effect.2-kaleidoscope":"false",
        "effect.2-kaleidoscope:angles":"0.174",
        "effect.2-kaleidoscope:inputrotation":"0.421",
        "effect.2-kaleidoscope:opacity":"1.000",
        "effect.2-kaleidoscope:rotation":"0.263",
        "effect.2-kaleidoscope:zoom":"0.866",
        "effect.2-mirror":"false",
        "effect.2-mirror:flipx":"0",
        "effect.2-mirror:flipy":"1",
        "effect.2-mirror:in/out":"0.538",
        "effect.2-mirror:x":"0.500",
        "effect.2-mirror:y":"0.500",
        "effect.2-mirrorquad":"false",
        "effect.2-mirrorquad:flipx":"0",
        "effect.2-mirrorquad:flipy":"1",
        "effect.2-posterize":"false",
        "effect.2-posterize:posterize":"0.128",
        "effect.2-trails":"false",
        "effect.2-trails:feedback":"0.678",
        "effect.2-twisted":"false",
        "effect.2-twisted:radius":"0.362",
        "effect.2-twisted:twirl":"0.319",
        "visual.alphafinal":"0.000",
        "visual.alphainitial":"0.944",
        "visual.alphatime":"2.965",
        "visual.aspect":"0.403",
        "visual.bounce":"false",
        "sound.controllerstyle":"modulationonly",
        "visual.filled":"true",
        "visual.gravity":"0",
        "visual.hue1final":"96.114",
        "visual.hue1initial":"239.941",
        "visual.hue1time":"0.888",
        "visual.hue2final":"302.653",
        "visual.hue2initial":"140.677",
        "visual.hue2time":"0.945",
        "visual.justification":"center",
        "visual.lifetime":"4.488",
        "visual.luminance":"0.500",
        "sound.midifile":"jsbach",
        "visual.mirrortype":"none",
        "visual.movedir":"random90",
        "visual.noisevertexx":"0.000",
        "visual.noisevertexy":"0.000",
        "visual.nsprites":"7179",
        "sound.pitchmax":"80",
        "sound.pitchmin":"33",
        "visual.placement":"cursor",
        "visual.rotangdir":"left",
        "visual.rotanginit":"0.000",
        "visual.rotangspeed":"0.000",
        "visual.rotauto":"false",
        "visual.saturation":"0.972",
        "visual.shape":"square",
        "visual.sizefinal":"0.409",
        "visual.sizeinitial":"2.625",
        "visual.sizetime":"6.564",
        "visual.smoothxyz":"5",
        "visual.speed":"0.136",
        "visual.spritesource":"cursor",
        "sound.synth":"P_01_C_01",
        "visual.thickness":"6.897",
        "sound.velocitymax":"19",
        "sound.velocitymin":"114",
        "sound.xcontroller":"3",
        "sound.ycontroller":"2",
        "sound.zcontroller":"1",
        "visual.zmin":"0.004"
    }
}
