{
    "params": {
        "effect.1-blur":"true",
        "effect.1-blur:blurxdistance":"0.200000",
        "effect.1-blur:blurydistance":"0.180000",
        "effect.1-blur:gaussian":"0.170000",
        "effect.1-blur:quality":"0.280000",
        "effect.1-displace":"false",
        "effect.1-displace:threshold":"0.000000",
        "effect.1-displace:xfactor":"0.760000",
        "effect.1-displace:yfactor":"0.240000",
        "effect.1-edgedetection":"false",
        "effect.1-edgedetection:mode":"0.920000",
        "effect.1-edgedetection:multiplier":"0.640000",
        "effect.1-fragment":"true",
        "effect.1-fragment:distance":"0.000000",
        "effect.1-fragment:fragments":"0.210000",
        "effect.1-fragment:fragrotationx":"0.500000",
        "effect.1-fragment:fragrotationy":"0.500000",
        "effect.1-fragment:fragrotationz":"0.500000",
        "effect.1-fragment:fragscale":"1.000000",
        "effect.1-fragment:rotation":"0.000000",
        "effect.1-goo":"false",
        "effect.1-goo:maxdistortionx":"1.000000",
        "effect.1-goo:maxdistortiony":"1.000000",
        "effect.1-goo:maxdistortionz":"1.000000",
        "effect.1-goo:resolution":"16",
        "effect.1-goo:shade":"1.000000",
        "effect.1-goo:speed":"0.150000",
        "effect.1-huerotate":"false",
        "effect.1-huerotate:huerotate":"0.000000",
        "effect.1-huerotate:huescale":"1.000000",
        "effect.1-huerotate:satscale":"0.500000",
        "effect.1-kaleidoscope":"false",
        "effect.1-kaleidoscope:angles":"0.300000",
        "effect.1-kaleidoscope:inputrotation":"0.500000",
        "effect.1-kaleidoscope:opacity":"1.000000",
        "effect.1-kaleidoscope:rotation":"0.000000",
        "effect.1-kaleidoscope:zoom":"0.580000",
        "effect.1-mirror":"false",
        "effect.1-mirror:flipx":"0",
        "effect.1-mirror:flipy":"0",
        "effect.1-mirror:in/out":"1.000000",
        "effect.1-mirror:x":"0.500000",
        "effect.1-mirror:y":"0.500000",
        "effect.1-mirrorquad":"false",
        "effect.1-mirrorquad:flipx":"0",
        "effect.1-mirrorquad:flipy":"0",
        "effect.1-posterize":"true",
        "effect.1-posterize:posterize":"0.190000",
        "effect.1-trails":"true",
        "effect.1-trails:feedback":"0.550000",
        "effect.1-twisted":"false",
        "effect.1-twisted:radius":"0.310000",
        "effect.1-twisted:twirl":"0.500000",
        "effect.2-blur":"false",
        "effect.2-blur:blurxdistance":"0.100000",
        "effect.2-blur:blurydistance":"0.080000",
        "effect.2-blur:gaussian":"0.170000",
        "effect.2-blur:quality":"0.280000",
        "effect.2-displace":"false",
        "effect.2-displace:threshold":"0.000000",
        "effect.2-displace:xfactor":"0.760000",
        "effect.2-displace:yfactor":"0.240000",
        "effect.2-edgedetection":"true",
        "effect.2-edgedetection:mode":"0.920000",
        "effect.2-edgedetection:multiplier":"0.240000",
        "effect.2-fragment":"false",
        "effect.2-fragment:distance":"0.330000",
        "effect.2-fragment:fragments":"0.300000",
        "effect.2-fragment:fragrotationx":"0.500000",
        "effect.2-fragment:fragrotationy":"0.500000",
        "effect.2-fragment:fragrotationz":"0.500000",
        "effect.2-fragment:fragscale":"1.000000",
        "effect.2-fragment:rotation":"0.000000",
        "effect.2-goo":"false",
        "effect.2-goo:maxdistortionx":"1.000000",
        "effect.2-goo:maxdistortiony":"1.000000",
        "effect.2-goo:maxdistortionz":"1.000000",
        "effect.2-goo:resolution":"16",
        "effect.2-goo:shade":"1.000000",
        "effect.2-goo:speed":"0.150000",
        "effect.2-huerotate":"false",
        "effect.2-huerotate:huerotate":"0.000000",
        "effect.2-huerotate:huescale":"1.000000",
        "effect.2-huerotate:satscale":"0.500000",
        "effect.2-kaleidoscope":"false",
        "effect.2-kaleidoscope:angles":"0.640000",
        "effect.2-kaleidoscope:inputrotation":"0.500000",
        "effect.2-kaleidoscope:opacity":"1.000000",
        "effect.2-kaleidoscope:rotation":"0.000000",
        "effect.2-kaleidoscope:zoom":"1.000000",
        "effect.2-mirror":"false",
        "effect.2-mirror:flipx":"0",
        "effect.2-mirror:flipy":"0",
        "effect.2-mirror:in/out":"1.000000",
        "effect.2-mirror:x":"0.500000",
        "effect.2-mirror:y":"0.500000",
        "effect.2-mirrorquad":"false",
        "effect.2-mirrorquad:flipx":"0",
        "effect.2-mirrorquad:flipy":"0",
        "effect.2-posterize":"false",
        "effect.2-posterize:posterize":"0.190000",
        "effect.2-trails":"false",
        "effect.2-trails:feedback":"0.550000",
        "effect.2-twisted":"false",
        "effect.2-twisted:radius":"0.310000",
        "effect.2-twisted:twirl":"0.500000",
        "sound.chromatic":"false",
        "sound.controllerstyle":"modulationonly",
        "sound.midifile":"jsbach",
        "sound.pitchmax":"80",
        "sound.pitchmin":"33",
        "sound.synth":"P_03_C_03",
        "sound.velocitymax":"127",
        "sound.velocitymin":"48",
        "sound.xcontroller":"3",
        "sound.ycontroller":"2",
        "sound.zcontroller":"1",
        "visual.alphafinal":"0.000000",
        "visual.alphainitial":"1.000000",
        "visual.alphatime":"6.526000",
        "visual.aspect":"0.160000",
        "visual.bounce":"false",
        "visual.cursorsprites":"false",
        "visual.filled":"true",
        "visual.gravity":"0",
        "visual.hue1final":"284.220001",
        "visual.hue1initial":"64.461998",
        "visual.hue1time":"2.571000",
        "visual.hue2final":"291.524994",
        "visual.hue2initial":"61.969002",
        "visual.hue2time":"1.645000",
        "visual.justification":"center",
        "visual.lifetime":"6.264000",
        "visual.luminance":"0.500000",
        "visual.mirrortype":"none",
        "visual.movedir":"leftright",
        "visual.noisevertex":"0.000000",
        "visual.noisevertexx":"0.000000",
        "visual.noisevertexy":"0.000000",
        "visual.nsprites":"9104",
        "visual.placement":"cursor",
        "visual.rotangdir":"random",
        "visual.rotanginit":"159.240005",
        "visual.rotangspeed":"24.000000",
        "visual.rotauto":"false",
        "visual.saturation":"0.500000",
        "visual.shape":"square",
        "visual.sizefinal":"6.446000",
        "visual.sizeinitial":"5.680000",
        "visual.sizetime":"0.318000",
        "visual.smoothxyz":"5",
        "visual.speed":"0.119000",
        "visual.spritesource":"cursor",
        "visual.thickness":"4.767000",
        "visual.zmin":"0.004000"
    }
}