{
    "params":{
        "effect.1-blur":"false",
        "effect.1-blur:blurxdistance":"0.929",
        "effect.1-blur:blurydistance":"0.451",
        "effect.1-blur:gaussian":"0.829",
        "effect.1-blur:quality":"0.915",
        "effect.1-displace":"false",
        "effect.1-displace:threshold":"0.226",
        "effect.1-displace:xfactor":"0.563",
        "effect.1-displace:yfactor":"0.238",
        "effect.1-edgedetection":"false",
        "effect.1-edgedetection:mode":"0.710",
        "effect.1-edgedetection:multiplier":"0.394",
        "effect.1-fragment":"false",
        "effect.1-fragment:distance":"0.065",
        "effect.1-fragment:fragments":"0.974",
        "effect.1-fragment:fragrotationx":"0.693",
        "effect.1-fragment:fragrotationy":"0.599",
        "effect.1-fragment:fragrotationz":"0.722",
        "effect.1-fragment:fragscale":"1.000",
        "effect.1-fragment:rotation":"0.006",
        "effect.1-huerotate":"false",
        "effect.1-huerotate:huerotate":"0.129",
        "effect.1-huerotate:huescale":"0.783",
        "effect.1-huerotate:satscale":"0.325",
        "effect.1-kaleidoscope":"false",
        "effect.1-kaleidoscope:angles":"0.565",
        "effect.1-kaleidoscope:inputrotation":"0.531",
        "effect.1-kaleidoscope:opacity":"1.000",
        "effect.1-kaleidoscope:rotation":"0.656",
        "effect.1-kaleidoscope:zoom":"0.612",
        "effect.1-mirror":"false",
        "effect.1-mirror:flipx":"0",
        "effect.1-mirror:flipy":"1",
        "effect.1-mirror:in/out":"0.225",
        "effect.1-mirror:x":"0.500",
        "effect.1-mirror:y":"0.500",
        "effect.1-mirrorquad":"false",
        "effect.1-mirrorquad:flipx":"0",
        "effect.1-mirrorquad:flipy":"1",
        "effect.1-posterize":"false",
        "effect.1-posterize:posterize":"0.378",
        "effect.1-trails":"false",
        "effect.1-trails:feedback":"0.550",
        "effect.1-twisted":"false",
        "effect.1-twisted:radius":"0.733",
        "effect.1-twisted:twirl":"0.539",
        "effect.2-blur":"false",
        "effect.2-blur:blurxdistance":"0.959",
        "effect.2-blur:blurydistance":"0.656",
        "effect.2-blur:gaussian":"0.446",
        "effect.2-blur:quality":"0.247",
        "effect.2-displace":"false",
        "effect.2-displace:threshold":"0.182",
        "effect.2-displace:xfactor":"0.892",
        "effect.2-displace:yfactor":"0.924",
        "effect.2-edgedetection":"false",
        "effect.2-edgedetection:mode":"0.572",
        "effect.2-edgedetection:multiplier":"0.255",
        "effect.2-fragment":"false",
        "effect.2-fragment:distance":"0.682",
        "effect.2-fragment:fragments":"0.906",
        "effect.2-fragment:fragrotationx":"0.748",
        "effect.2-fragment:fragrotationy":"0.085",
        "effect.2-fragment:fragrotationz":"0.472",
        "effect.2-fragment:fragscale":"1.000",
        "effect.2-fragment:rotation":"0.989",
        "effect.2-huerotate":"false",
        "effect.2-huerotate:huerotate":"0.383",
        "effect.2-huerotate:huescale":"0.325",
        "effect.2-huerotate:satscale":"0.571",
        "effect.2-kaleidoscope":"false",
        "effect.2-kaleidoscope:angles":"0.885",
        "effect.2-kaleidoscope:inputrotation":"0.735",
        "effect.2-kaleidoscope:opacity":"1.000",
        "effect.2-kaleidoscope:rotation":"0.462",
        "effect.2-kaleidoscope:zoom":"0.726",
        "effect.2-mirror":"false",
        "effect.2-mirror:flipx":"1",
        "effect.2-mirror:flipy":"1",
        "effect.2-mirror:in/out":"0.440",
        "effect.2-mirror:x":"0.500",
        "effect.2-mirror:y":"0.500",
        "effect.2-mirrorquad":"false",
        "effect.2-mirrorquad:flipx":"1",
        "effect.2-mirrorquad:flipy":"0",
        "effect.2-posterize":"false",
        "effect.2-posterize:posterize":"0.199",
        "effect.2-trails":"false",
        "effect.2-trails:feedback":"0.550",
        "effect.2-twisted":"false",
        "effect.2-twisted:radius":"0.340",
        "effect.2-twisted:twirl":"0.831",
        "visual.alphafinal":"0.000",
        "visual.alphainitial":"1.000",
        "visual.alphatime":"3.000",
        "visual.aspect":"0.500",
        "visual.bounce":"false",
        "sound.controllerstyle":"modulationonly",
        "visual.filled":"true",
        "visual.gravity":"0",
        "visual.hue1final":"272.000",
        "visual.hue1initial":"172.000",
        "visual.hue1time":"2.000",
        "visual.hue2final":"128.000",
        "visual.hue2initial":"28.000",
        "visual.hue2time":"2.000",
        "visual.justification":"center",
        "visual.lifetime":"3.000",
        "visual.luminance":"0.500",
        "sound.midifile":"jsbach",
        "visual.mirrortype":"none",
        "visual.movedir":"cursor",
        "visual.noisevertexx":"0.000",
        "visual.noisevertexy":"0.000",
        "visual.nsprites":"100",
        "sound.pitchmax":"80",
        "sound.pitchmin":"33",
        "visual.placement":"cursor",
        "visual.rotangdir":"random",
        "visual.rotanginit":"0.000",
        "visual.rotangspeed":"0.000",
        "visual.rotauto":"false",
        "visual.saturation":"1.000",
        "visual.shape":"triangle",
        "visual.sizefinal":"3.400",
        "visual.sizeinitial":"2.998",
        "visual.sizetime":"2.000",
        "visual.smoothxyz":"5",
        "visual.speed":"0.100",
        "visual.spritesource":"cursor",
        "sound.synth":"P_01_C_04",
        "visual.thickness":"3.000",
        "sound.velocitymax":"127",
        "sound.velocitymin":"1",
        "sound.xcontroller":"3",
        "sound.ycontroller":"2",
        "sound.zcontroller":"1",
        "visual.zmin":"0.004"
    }
}
