{
    "params":{
        "effect.1-blur":"false",
        "effect.1-blur:blurxdistance":"0.100",
        "effect.1-blur:blurydistance":"0.080",
        "effect.1-blur:gaussian":"0.170",
        "effect.1-blur:quality":"0.280",
        "effect.1-displace":"false",
        "effect.1-displace:threshold":"0.221",
        "effect.1-displace:xfactor":"0.760",
        "effect.1-displace:yfactor":"0.240",
        "effect.1-edgedetection":"false",
        "effect.1-edgedetection:mode":"0.920",
        "effect.1-edgedetection:multiplier":"0.240",
        "effect.1-fragment":"false",
        "effect.1-fragment:distance":"0.839",
        "effect.1-fragment:fragments":"0.876",
        "effect.1-fragment:fragrotationx":"0.078",
        "effect.1-fragment:fragrotationy":"0.377",
        "effect.1-fragment:fragrotationz":"0.848",
        "effect.1-fragment:fragscale":"0.253",
        "effect.1-fragment:rotation":"0.588",
        "effect.1-huerotate":"false",
        "effect.1-huerotate:huerotate":"0.787",
        "effect.1-huerotate:huescale":"0.849",
        "effect.1-huerotate:satscale":"0.445",
        "effect.1-kaleidoscope":"false",
        "effect.1-kaleidoscope:angles":"0.300",
        "effect.1-kaleidoscope:inputrotation":"0.500",
        "effect.1-kaleidoscope:opacity":"1.000",
        "effect.1-kaleidoscope:rotation":"0.000",
        "effect.1-kaleidoscope:zoom":"0.580",
        "effect.1-mirror":"false",
        "effect.1-mirror:flipx":"0",
        "effect.1-mirror:flipy":"0",
        "effect.1-mirror:in/out":"0.233",
        "effect.1-mirror:x":"0.500",
        "effect.1-mirror:y":"0.500",
        "effect.1-mirrorquad":"false",
        "effect.1-mirrorquad:flipx":"0",
        "effect.1-mirrorquad:flipy":"0",
        "effect.1-posterize":"false",
        "effect.1-posterize:posterize":"0.190",
        "effect.1-trails":"false",
        "effect.1-trails:feedback":"0.550",
        "effect.1-twisted":"false",
        "effect.1-twisted:radius":"0.310",
        "effect.1-twisted:twirl":"0.500",
        "effect.2-blur":"false",
        "effect.2-blur:blurxdistance":"0.100",
        "effect.2-blur:blurydistance":"0.080",
        "effect.2-blur:gaussian":"0.170",
        "effect.2-blur:quality":"0.280",
        "effect.2-displace":"false",
        "effect.2-displace:threshold":"0.220",
        "effect.2-displace:xfactor":"0.760",
        "effect.2-displace:yfactor":"0.240",
        "effect.2-edgedetection":"false",
        "effect.2-edgedetection:mode":"0.920",
        "effect.2-edgedetection:multiplier":"0.240",
        "effect.2-fragment":"false",
        "effect.2-fragment:distance":"0.528",
        "effect.2-fragment:fragments":"0.892",
        "effect.2-fragment:fragrotationx":"0.041",
        "effect.2-fragment:fragrotationy":"0.702",
        "effect.2-fragment:fragrotationz":"0.102",
        "effect.2-fragment:fragscale":"0.870",
        "effect.2-fragment:rotation":"0.225",
        "effect.2-huerotate":"false",
        "effect.2-huerotate:huerotate":"0.680",
        "effect.2-huerotate:huescale":"0.166",
        "effect.2-huerotate:satscale":"0.081",
        "effect.2-kaleidoscope":"false",
        "effect.2-kaleidoscope:angles":"0.300",
        "effect.2-kaleidoscope:inputrotation":"0.500",
        "effect.2-kaleidoscope:opacity":"1.000",
        "effect.2-kaleidoscope:rotation":"0.000",
        "effect.2-kaleidoscope:zoom":"0.580",
        "effect.2-mirror":"false",
        "effect.2-mirror:flipx":"0",
        "effect.2-mirror:flipy":"0",
        "effect.2-mirror:in/out":"0.426",
        "effect.2-mirror:x":"0.500",
        "effect.2-mirror:y":"0.500",
        "effect.2-mirrorquad":"false",
        "effect.2-mirrorquad:flipx":"1",
        "effect.2-mirrorquad:flipy":"1",
        "effect.2-posterize":"false",
        "effect.2-posterize:posterize":"0.190",
        "effect.2-trails":"false",
        "effect.2-trails:feedback":"0.550",
        "effect.2-twisted":"false",
        "effect.2-twisted:radius":"0.310",
        "effect.2-twisted:twirl":"0.500",
        "visual.alphafinal":"0.000",
        "visual.alphainitial":"1.000",
        "visual.alphatime":"7.003",
        "visual.aspect":"0.500",
        "visual.bounce":"false",
        "sound.controllerstyle":"modulationonly",
        "visual.filled":"false",
        "visual.gravity":"0",
        "visual.hue1final":"176.400",
        "visual.hue1initial":"172.800",
        "visual.hue1time":"1.004",
        "visual.hue2final":"176.400",
        "visual.hue2initial":"172.800",
        "visual.hue2time":"1.004",
        "visual.justification":"center",
        "visual.lifetime":"10.000",
        "visual.luminance":"0.500",
        "sound.midifile":"jsbach",
        "visual.mirrortype":"none",
        "visual.movedir":"leftright",
        "visual.noisevertexx":"0.000",
        "visual.noisevertexy":"0.000",
        "visual.nsprites":"2044",
        "sound.pitchmax":"80",
        "sound.pitchmin":"33",
        "visual.placement":"cursor",
        "visual.rotangdir":"random",
        "visual.rotanginit":"0.000",
        "visual.rotangspeed":"5.520",
        "visual.rotauto":"false",
        "visual.saturation":"1.000",
        "visual.shape":"square",
        "visual.sizefinal":"10.000",
        "visual.sizeinitial":"0.809",
        "visual.sizetime":"6.562",
        "visual.smoothxyz":"0",
        "visual.speed":"0.000",
        "visual.spritesource":"cursor",
        "sound.synth":"P_05_C_08",
        "visual.thickness":"2.008",
        "sound.velocitymax":"127",
        "sound.velocitymin":"48",
        "sound.xcontroller":"3",
        "sound.ycontroller":"2",
        "sound.zcontroller":"1",
        "visual.zmin":"0.100"
    }
}
