{
    "params":{
        "effect.1-blur":"false",
        "effect.1-blur:blurxdistance":"0.242",
        "effect.1-blur:blurydistance":"0.944",
        "effect.1-blur:gaussian":"0.676",
        "effect.1-blur:quality":"0.355",
        "effect.1-displace":"false",
        "effect.1-displace:threshold":"0.222",
        "effect.1-displace:xfactor":"0.511",
        "effect.1-displace:yfactor":"0.126",
        "effect.1-edgedetection":"true",
        "effect.1-edgedetection:mode":"0.549",
        "effect.1-edgedetection:multiplier":"0.864",
        "effect.1-fragment":"false",
        "effect.1-fragment:distance":"0.440",
        "effect.1-fragment:fragments":"0.072",
        "effect.1-fragment:fragrotationx":"0.639",
        "effect.1-fragment:fragrotationy":"0.405",
        "effect.1-fragment:fragrotationz":"0.118",
        "effect.1-fragment:fragscale":"1.000",
        "effect.1-fragment:rotation":"0.630",
        "effect.1-huerotate":"false",
        "effect.1-huerotate:huerotate":"0.153",
        "effect.1-huerotate:huescale":"0.802",
        "effect.1-huerotate:satscale":"0.329",
        "effect.1-kaleidoscope":"true",
        "effect.1-kaleidoscope:angles":"0.293",
        "effect.1-kaleidoscope:inputrotation":"0.855",
        "effect.1-kaleidoscope:opacity":"1.000",
        "effect.1-kaleidoscope:rotation":"0.393",
        "effect.1-kaleidoscope:zoom":"0.531",
        "effect.1-mirror":"false",
        "effect.1-mirror:flipx":"0",
        "effect.1-mirror:flipy":"0",
        "effect.1-mirror:in/out":"0.550",
        "effect.1-mirror:x":"0.500",
        "effect.1-mirror:y":"0.500",
        "effect.1-mirrorquad":"false",
        "effect.1-mirrorquad:flipx":"1",
        "effect.1-mirrorquad:flipy":"0",
        "effect.1-posterize":"false",
        "effect.1-posterize:posterize":"0.382",
        "effect.1-trails":"false",
        "effect.1-trails:feedback":"0.550",
        "effect.1-twisted":"false",
        "effect.1-twisted:radius":"0.274",
        "effect.1-twisted:twirl":"0.864",
        "effect.2-blur":"false",
        "effect.2-blur:blurxdistance":"0.803",
        "effect.2-blur:blurydistance":"0.443",
        "effect.2-blur:gaussian":"0.169",
        "effect.2-blur:quality":"0.606",
        "effect.2-displace":"false",
        "effect.2-displace:threshold":"0.296",
        "effect.2-displace:xfactor":"0.402",
        "effect.2-displace:yfactor":"0.953",
        "effect.2-edgedetection":"true",
        "effect.2-edgedetection:mode":"0.879",
        "effect.2-edgedetection:multiplier":"0.688",
        "effect.2-fragment":"false",
        "effect.2-fragment:distance":"0.175",
        "effect.2-fragment:fragments":"0.465",
        "effect.2-fragment:fragrotationx":"0.652",
        "effect.2-fragment:fragrotationy":"0.178",
        "effect.2-fragment:fragrotationz":"0.137",
        "effect.2-fragment:fragscale":"1.000",
        "effect.2-fragment:rotation":"0.546",
        "effect.2-huerotate":"false",
        "effect.2-huerotate:huerotate":"0.179",
        "effect.2-huerotate:huescale":"0.611",
        "effect.2-huerotate:satscale":"0.981",
        "effect.2-kaleidoscope":"false",
        "effect.2-kaleidoscope:angles":"0.644",
        "effect.2-kaleidoscope:inputrotation":"0.751",
        "effect.2-kaleidoscope:opacity":"1.000",
        "effect.2-kaleidoscope:rotation":"0.141",
        "effect.2-kaleidoscope:zoom":"0.305",
        "effect.2-mirror":"false",
        "effect.2-mirror:flipx":"1",
        "effect.2-mirror:flipy":"1",
        "effect.2-mirror:in/out":"0.407",
        "effect.2-mirror:x":"0.500",
        "effect.2-mirror:y":"0.500",
        "effect.2-mirrorquad":"true",
        "effect.2-mirrorquad:flipx":"1",
        "effect.2-mirrorquad:flipy":"1",
        "effect.2-posterize":"false",
        "effect.2-posterize:posterize":"0.322",
        "effect.2-trails":"false",
        "effect.2-trails:feedback":"0.550",
        "effect.2-twisted":"false",
        "effect.2-twisted:radius":"0.798",
        "effect.2-twisted:twirl":"0.719",
        "visual.alphafinal":"0.000",
        "visual.alphainitial":"1.000",
        "visual.alphatime":"4.287",
        "visual.aspect":"0.500",
        "visual.bounce":"false",
        "sound.controllerstyle":"modulationonly",
        "visual.filled":"false",
        "visual.gravity":"0",
        "visual.hue1final":"0.000",
        "visual.hue1initial":"180.000",
        "visual.hue1time":"2.003",
        "visual.hue2final":"0.000",
        "visual.hue2initial":"288.000",
        "visual.hue2time":"5.000",
        "visual.justification":"center",
        "visual.lifetime":"6.000",
        "visual.luminance":"0.500",
        "sound.midifile":"jsbach",
        "visual.mirrortype":"none",
        "visual.movedir":"cursor",
        "visual.noisevertexx":"0.000",
        "visual.noisevertexy":"0.000",
        "visual.nsprites":"243",
        "sound.pitchmax":"80",
        "sound.pitchmin":"33",
        "visual.placement":"cursor",
        "visual.rotangdir":"left",
        "visual.rotanginit":"0.000",
        "visual.rotangspeed":"0.000",
        "visual.rotauto":"false",
        "visual.saturation":"1.000",
        "visual.shape":"circle",
        "visual.sizefinal":"0.000",
        "visual.sizeinitial":"5.398",
        "visual.sizetime":"4.078",
        "visual.smoothxyz":"0",
        "visual.speed":"0.100",
        "visual.spritesource":"cursor",
        "sound.synth":"P_06_C_01",
        "visual.thickness":"4.900",
        "sound.velocitymax":"91",
        "sound.velocitymin":"31",
        "sound.xcontroller":"3",
        "sound.ycontroller":"2",
        "sound.zcontroller":"1",
        "visual.zmin":"0.304"
    }
}
