{
    "params":{
        "effect.1-blur":"true",
        "effect.1-blur:blurxdistance":"0.648",
        "effect.1-blur:blurydistance":"0.768",
        "effect.1-blur:gaussian":"0.136",
        "effect.1-blur:quality":"0.934",
        "effect.1-displace":"true",
        "effect.1-displace:threshold":"0.272",
        "effect.1-displace:xfactor":"0.897",
        "effect.1-displace:yfactor":"0.727",
        "effect.1-edgedetection":"false",
        "effect.1-edgedetection:mode":"0.255",
        "effect.1-edgedetection:multiplier":"0.237",
        "effect.1-fragment":"false",
        "effect.1-fragment:distance":"0.211",
        "effect.1-fragment:fragments":"0.582",
        "effect.1-fragment:fragrotationx":"0.101",
        "effect.1-fragment:fragrotationy":"0.875",
        "effect.1-fragment:fragrotationz":"0.873",
        "effect.1-fragment:fragscale":"1.000",
        "effect.1-fragment:rotation":"0.902",
        "effect.1-huerotate":"false",
        "effect.1-huerotate:huerotate":"0.596",
        "effect.1-huerotate:huescale":"0.412",
        "effect.1-huerotate:satscale":"0.814",
        "effect.1-kaleidoscope":"false",
        "effect.1-kaleidoscope:angles":"0.488",
        "effect.1-kaleidoscope:inputrotation":"0.440",
        "effect.1-kaleidoscope:opacity":"1.000",
        "effect.1-kaleidoscope:rotation":"0.492",
        "effect.1-kaleidoscope:zoom":"0.645",
        "effect.1-mirror":"false",
        "effect.1-mirror:flipx":"0",
        "effect.1-mirror:flipy":"0",
        "effect.1-mirror:in/out":"0.606",
        "effect.1-mirror:x":"0.500",
        "effect.1-mirror:y":"0.500",
        "effect.1-mirrorquad":"false",
        "effect.1-mirrorquad:flipx":"0",
        "effect.1-mirrorquad:flipy":"0",
        "effect.1-posterize":"false",
        "effect.1-posterize:posterize":"0.413",
        "effect.1-trails":"false",
        "effect.1-trails:feedback":"0.550",
        "effect.1-twisted":"false",
        "effect.1-twisted:radius":"0.378",
        "effect.1-twisted:twirl":"0.962",
        "effect.2-blur":"false",
        "effect.2-blur:blurxdistance":"0.483",
        "effect.2-blur:blurydistance":"0.527",
        "effect.2-blur:gaussian":"0.558",
        "effect.2-blur:quality":"0.823",
        "effect.2-displace":"false",
        "effect.2-displace:threshold":"0.100",
        "effect.2-displace:xfactor":"0.460",
        "effect.2-displace:yfactor":"0.346",
        "effect.2-edgedetection":"false",
        "effect.2-edgedetection:mode":"0.266",
        "effect.2-edgedetection:multiplier":"0.748",
        "effect.2-fragment":"true",
        "effect.2-fragment:distance":"0.160",
        "effect.2-fragment:fragments":"0.753",
        "effect.2-fragment:fragrotationx":"0.822",
        "effect.2-fragment:fragrotationy":"0.845",
        "effect.2-fragment:fragrotationz":"0.247",
        "effect.2-fragment:fragscale":"1.000",
        "effect.2-fragment:rotation":"0.737",
        "effect.2-huerotate":"false",
        "effect.2-huerotate:huerotate":"0.248",
        "effect.2-huerotate:huescale":"0.896",
        "effect.2-huerotate:satscale":"0.861",
        "effect.2-kaleidoscope":"false",
        "effect.2-kaleidoscope:angles":"0.547",
        "effect.2-kaleidoscope:inputrotation":"0.009",
        "effect.2-kaleidoscope:opacity":"1.000",
        "effect.2-kaleidoscope:rotation":"0.875",
        "effect.2-kaleidoscope:zoom":"0.253",
        "effect.2-mirror":"false",
        "effect.2-mirror:flipx":"0",
        "effect.2-mirror:flipy":"1",
        "effect.2-mirror:in/out":"0.062",
        "effect.2-mirror:x":"0.500",
        "effect.2-mirror:y":"0.500",
        "effect.2-mirrorquad":"true",
        "effect.2-mirrorquad:flipx":"0",
        "effect.2-mirrorquad:flipy":"0",
        "effect.2-posterize":"false",
        "effect.2-posterize:posterize":"0.206",
        "effect.2-trails":"false",
        "effect.2-trails:feedback":"0.550",
        "effect.2-twisted":"false",
        "effect.2-twisted:radius":"0.486",
        "effect.2-twisted:twirl":"0.945",
        "visual.alphafinal":"0.000",
        "visual.alphainitial":"0.885",
        "visual.alphatime":"4.878",
        "visual.aspect":"0.582",
        "visual.bounce":"false",
        "sound.controllerstyle":"modulationonly",
        "visual.filled":"true",
        "visual.gravity":"0",
        "visual.hue1final":"285.694",
        "visual.hue1initial":"3.228",
        "visual.hue1time":"1.251",
        "visual.hue2final":"329.838",
        "visual.hue2initial":"150.451",
        "visual.hue2time":"1.620",
        "visual.justification":"center",
        "visual.lifetime":"4.609",
        "visual.luminance":"0.500",
        "sound.midifile":"jsbach",
        "visual.mirrortype":"vertical",
        "visual.movedir":"random90",
        "visual.noisevertexx":"0.000",
        "visual.noisevertexy":"0.000",
        "visual.nsprites":"3674",
        "sound.pitchmax":"80",
        "sound.pitchmin":"33",
        "visual.placement":"cursor",
        "visual.rotangdir":"right",
        "visual.rotanginit":"168.443",
        "visual.rotangspeed":"-22.460",
        "visual.rotauto":"true",
        "visual.saturation":"0.942",
        "visual.shape":"square",
        "visual.sizefinal":"2.578",
        "visual.sizeinitial":"1.494",
        "visual.sizetime":"6.615",
        "visual.smoothxyz":"5",
        "visual.speed":"0.499",
        "visual.spritesource":"cursor",
        "sound.synth":"P_03_C_07",
        "visual.thickness":"3.666",
        "sound.velocitymax":"127",
        "sound.velocitymin":"1",
        "sound.xcontroller":"3",
        "sound.ycontroller":"2",
        "sound.zcontroller":"1",
        "visual.zmin":"0.004"
    }
}
