{
    "params": {
        "effect.1-blur":"true",
        "effect.1-blur:blurxdistance":"0.100000",
        "effect.1-blur:blurydistance":"0.080000",
        "effect.1-blur:gaussian":"0.170000",
        "effect.1-blur:quality":"0.280000",
        "effect.1-displace":"true",
        "effect.1-displace:threshold":"0.000000",
        "effect.1-displace:xfactor":"0.760000",
        "effect.1-displace:yfactor":"0.240000",
        "effect.1-edgedetection":"false",
        "effect.1-edgedetection:mode":"0.920000",
        "effect.1-edgedetection:multiplier":"0.240000",
        "effect.1-fragment":"false",
        "effect.1-fragment:distance":"0.330000",
        "effect.1-fragment:fragments":"0.300000",
        "effect.1-fragment:fragrotationx":"0.500000",
        "effect.1-fragment:fragrotationy":"0.500000",
        "effect.1-fragment:fragrotationz":"0.500000",
        "effect.1-fragment:fragscale":"1.000000",
        "effect.1-fragment:rotation":"0.000000",
        "effect.1-goo":"false",
        "effect.1-goo:maxdistortionx":"1.000000",
        "effect.1-goo:maxdistortiony":"1.000000",
        "effect.1-goo:maxdistortionz":"1.000000",
        "effect.1-goo:resolution":"16",
        "effect.1-goo:shade":"1.000000",
        "effect.1-goo:speed":"0.150000",
        "effect.1-huerotate":"false",
        "effect.1-huerotate:huerotate":"0.000000",
        "effect.1-huerotate:huescale":"1.000000",
        "effect.1-huerotate:satscale":"0.500000",
        "effect.1-kaleidoscope":"false",
        "effect.1-kaleidoscope:angles":"0.300000",
        "effect.1-kaleidoscope:inputrotation":"0.500000",
        "effect.1-kaleidoscope:opacity":"1.000000",
        "effect.1-kaleidoscope:rotation":"0.000000",
        "effect.1-kaleidoscope:zoom":"0.580000",
        "effect.1-mirror":"true",
        "effect.1-mirror:flipx":"0",
        "effect.1-mirror:flipy":"0",
        "effect.1-mirror:in/out":"1.000000",
        "effect.1-mirror:x":"0.500000",
        "effect.1-mirror:y":"0.500000",
        "effect.1-mirrorquad":"true",
        "effect.1-mirrorquad:flipx":"0",
        "effect.1-mirrorquad:flipy":"0",
        "effect.1-posterize":"false",
        "effect.1-posterize:posterize":"0.190000",
        "effect.1-trails":"false",
        "effect.1-trails:feedback":"0.550000",
        "effect.1-twisted":"false",
        "effect.1-twisted:radius":"0.310000",
        "effect.1-twisted:twirl":"0.500000",
        "effect.2-blur":"false",
        "effect.2-blur:blurxdistance":"0.100000",
        "effect.2-blur:blurydistance":"0.080000",
        "effect.2-blur:gaussian":"0.170000",
        "effect.2-blur:quality":"0.280000",
        "effect.2-displace":"false",
        "effect.2-displace:threshold":"0.000000",
        "effect.2-displace:xfactor":"0.760000",
        "effect.2-displace:yfactor":"0.240000",
        "effect.2-edgedetection":"false",
        "effect.2-edgedetection:mode":"0.920000",
        "effect.2-edgedetection:multiplier":"0.240000",
        "effect.2-fragment":"false",
        "effect.2-fragment:distance":"0.330000",
        "effect.2-fragment:fragments":"0.300000",
        "effect.2-fragment:fragrotationx":"0.500000",
        "effect.2-fragment:fragrotationy":"0.500000",
        "effect.2-fragment:fragrotationz":"0.500000",
        "effect.2-fragment:fragscale":"1.000000",
        "effect.2-fragment:rotation":"0.000000",
        "effect.2-goo":"false",
        "effect.2-goo:maxdistortionx":"1.000000",
        "effect.2-goo:maxdistortiony":"1.000000",
        "effect.2-goo:maxdistortionz":"1.000000",
        "effect.2-goo:resolution":"16",
        "effect.2-goo:shade":"1.000000",
        "effect.2-goo:speed":"0.150000",
        "effect.2-huerotate":"false",
        "effect.2-huerotate:huerotate":"0.000000",
        "effect.2-huerotate:huescale":"1.000000",
        "effect.2-huerotate:satscale":"0.500000",
        "effect.2-kaleidoscope":"false",
        "effect.2-kaleidoscope:angles":"0.640000",
        "effect.2-kaleidoscope:inputrotation":"0.500000",
        "effect.2-kaleidoscope:opacity":"1.000000",
        "effect.2-kaleidoscope:rotation":"0.000000",
        "effect.2-kaleidoscope:zoom":"1.000000",
        "effect.2-mirror":"false",
        "effect.2-mirror:flipx":"0",
        "effect.2-mirror:flipy":"0",
        "effect.2-mirror:in/out":"1.000000",
        "effect.2-mirror:x":"0.500000",
        "effect.2-mirror:y":"0.500000",
        "effect.2-mirrorquad":"false",
        "effect.2-mirrorquad:flipx":"0",
        "effect.2-mirrorquad:flipy":"0",
        "effect.2-posterize":"false",
        "effect.2-posterize:posterize":"0.190000",
        "effect.2-trails":"false",
        "effect.2-trails:feedback":"0.550000",
        "effect.2-twisted":"false",
        "effect.2-twisted:radius":"0.310000",
        "effect.2-twisted:twirl":"0.500000",
        "sound.chromatic":"false",
        "sound.controllerstyle":"modulationonly",
        "sound.midifile":"jsbach",
        "sound.pitchmax":"80",
        "sound.pitchmin":"33",
        "sound.synth":"P_02_C_07",
        "sound.velocitymax":"127",
        "sound.velocitymin":"48",
        "sound.xcontroller":"3",
        "sound.ycontroller":"2",
        "sound.zcontroller":"1",
        "visual.alphafinal":"0.100000",
        "visual.alphainitial":"0.890000",
        "visual.alphatime":"5.286000",
        "visual.aspect":"0.500000",
        "visual.bounce":"false",
        "visual.cursorsprites":"false",
        "visual.filled":"true",
        "visual.gravity":"0",
        "visual.hue1final":"0.000000",
        "visual.hue1initial":"36.000000",
        "visual.hue1time":"2.003000",
        "visual.hue2final":"0.000000",
        "visual.hue2initial":"36.000000",
        "visual.hue2time":"2.003000",
        "visual.justification":"center",
        "visual.lifetime":"10.000000",
        "visual.luminance":"0.500000",
        "visual.mirrortype":"none",
        "visual.movedir":"random90",
        "visual.noisevertex":"0.000000",
        "visual.noisevertexx":"0.000000",
        "visual.noisevertexy":"0.000000",
        "visual.nsprites":"248",
        "visual.placement":"cursor",
        "visual.rotangdir":"left",
        "visual.rotanginit":"0.000000",
        "visual.rotangspeed":"120.000000",
        "visual.rotauto":"false",
        "visual.saturation":"1.000000",
        "visual.shape":"circle",
        "visual.sizefinal":"4.423000",
        "visual.sizeinitial":"3.400000",
        "visual.sizetime":"3.565000",
        "visual.smoothxyz":"3",
        "visual.speed":"0.130000",
        "visual.spritesource":"cursor",
        "visual.thickness":"4.900000",
        "visual.zmin":"0.100000"
    }
}