{
    "params":{
        "effect.1-blur":"false",
        "effect.1-blur:blurxdistance":"0.100",
        "effect.1-blur:blurydistance":"0.080",
        "effect.1-blur:gaussian":"0.170",
        "effect.1-blur:quality":"0.280",
        "effect.1-displace":"false",
        "effect.1-displace:threshold":"0.160",
        "effect.1-displace:xfactor":"0.760",
        "effect.1-displace:yfactor":"0.240",
        "effect.1-edgedetection":"false",
        "effect.1-edgedetection:mode":"0.920",
        "effect.1-edgedetection:multiplier":"1.000",
        "effect.1-fragment":"false",
        "effect.1-fragment:distance":"0.299",
        "effect.1-fragment:fragments":"0.834",
        "effect.1-fragment:fragrotationx":"0.084",
        "effect.1-fragment:fragrotationy":"0.213",
        "effect.1-fragment:fragrotationz":"0.622",
        "effect.1-fragment:fragscale":"1.000",
        "effect.1-fragment:rotation":"0.777",
        "effect.1-huerotate":"false",
        "effect.1-huerotate:huerotate":"0.756",
        "effect.1-huerotate:huescale":"0.501",
        "effect.1-huerotate:satscale":"0.037",
        "effect.1-kaleidoscope":"false",
        "effect.1-kaleidoscope:angles":"0.300",
        "effect.1-kaleidoscope:inputrotation":"0.500",
        "effect.1-kaleidoscope:opacity":"1.000",
        "effect.1-kaleidoscope:rotation":"0.000",
        "effect.1-kaleidoscope:zoom":"0.580",
        "effect.1-mirror":"false",
        "effect.1-mirror:flipx":"1",
        "effect.1-mirror:flipy":"1",
        "effect.1-mirror:in/out":"0.299",
        "effect.1-mirror:x":"0.500",
        "effect.1-mirror:y":"0.500",
        "effect.1-mirrorquad":"false",
        "effect.1-mirrorquad:flipx":"1",
        "effect.1-mirrorquad:flipy":"1",
        "effect.1-posterize":"false",
        "effect.1-posterize:posterize":"0.190",
        "effect.1-trails":"false",
        "effect.1-trails:feedback":"0.550",
        "effect.1-twisted":"false",
        "effect.1-twisted:radius":"0.310",
        "effect.1-twisted:twirl":"0.500",
        "effect.2-blur":"false",
        "effect.2-blur:blurxdistance":"0.100",
        "effect.2-blur:blurydistance":"0.080",
        "effect.2-blur:gaussian":"0.170",
        "effect.2-blur:quality":"0.280",
        "effect.2-displace":"true",
        "effect.2-displace:threshold":"0.642",
        "effect.2-displace:xfactor":"0.122",
        "effect.2-displace:yfactor":"0.122",
        "effect.2-edgedetection":"false",
        "effect.2-edgedetection:mode":"0.920",
        "effect.2-edgedetection:multiplier":"0.240",
        "effect.2-fragment":"false",
        "effect.2-fragment:distance":"0.756",
        "effect.2-fragment:fragments":"0.885",
        "effect.2-fragment:fragrotationx":"0.478",
        "effect.2-fragment:fragrotationy":"0.358",
        "effect.2-fragment:fragrotationz":"0.693",
        "effect.2-fragment:fragscale":"1.000",
        "effect.2-fragment:rotation":"0.198",
        "effect.2-huerotate":"false",
        "effect.2-huerotate:huerotate":"0.044",
        "effect.2-huerotate:huescale":"0.938",
        "effect.2-huerotate:satscale":"0.100",
        "effect.2-kaleidoscope":"false",
        "effect.2-kaleidoscope:angles":"0.300",
        "effect.2-kaleidoscope:inputrotation":"0.500",
        "effect.2-kaleidoscope:opacity":"1.000",
        "effect.2-kaleidoscope:rotation":"0.000",
        "effect.2-kaleidoscope:zoom":"0.580",
        "effect.2-mirror":"false",
        "effect.2-mirror:flipx":"1",
        "effect.2-mirror:flipy":"1",
        "effect.2-mirror:in/out":"0.327",
        "effect.2-mirror:x":"0.500",
        "effect.2-mirror:y":"0.500",
        "effect.2-mirrorquad":"false",
        "effect.2-mirrorquad:flipx":"0",
        "effect.2-mirrorquad:flipy":"1",
        "effect.2-posterize":"false",
        "effect.2-posterize:posterize":"0.190",
        "effect.2-trails":"false",
        "effect.2-trails:feedback":"0.550",
        "effect.2-twisted":"false",
        "effect.2-twisted:radius":"0.310",
        "effect.2-twisted:twirl":"0.500",
        "visual.alphafinal":"0.001",
        "visual.alphainitial":"1.000",
        "visual.alphatime":"2.289",
        "visual.aspect":"0.500",
        "visual.bounce":"false",
        "sound.controllerstyle":"modulationonly",
        "visual.filled":"false",
        "visual.gravity":"0",
        "visual.hue1final":"252.000",
        "visual.hue1initial":"180.000",
        "visual.hue1time":"2.003",
        "visual.hue2final":"252.000",
        "visual.hue2initial":"180.000",
        "visual.hue2time":"2.003",
        "visual.justification":"center",
        "visual.lifetime":"6.000",
        "visual.luminance":"0.500",
        "sound.midifile":"jsbach",
        "visual.mirrortype":"none",
        "visual.movedir":"up",
        "visual.noisevertexx":"0.000",
        "visual.noisevertexy":"0.000",
        "visual.nsprites":"1246",
        "sound.pitchmax":"72",
        "sound.pitchmin":"25",
        "visual.placement":"cursor",
        "visual.rotangdir":"left",
        "visual.rotanginit":"0.000",
        "visual.rotangspeed":"0.000",
        "visual.rotauto":"false",
        "visual.saturation":"1.000",
        "visual.shape":"circle",
        "visual.sizefinal":"0.000",
        "visual.sizeinitial":"4.199",
        "visual.sizetime":"0.242",
        "visual.smoothxyz":"7",
        "visual.speed":"0.160",
        "visual.spritesource":"cursor",
        "sound.synth":"P_10_C_06",
        "visual.thickness":"6.898",
        "sound.velocitymax":"127",
        "sound.velocitymin":"48",
        "sound.xcontroller":"1",
        "sound.ycontroller":"1",
        "sound.zcontroller":"1",
        "visual.zmin":"0.100"
    }
}
