{
    "params":{
        "effect.1-blur":"false",
        "effect.1-blur:blurxdistance":"0.001",
        "effect.1-blur:blurydistance":"0.513",
        "effect.1-blur:gaussian":"0.847",
        "effect.1-blur:quality":"0.273",
        "effect.1-displace":"false",
        "effect.1-displace:threshold":"0.072",
        "effect.1-displace:xfactor":"0.120",
        "effect.1-displace:yfactor":"0.254",
        "effect.1-edgedetection":"false",
        "effect.1-edgedetection:mode":"0.849",
        "effect.1-edgedetection:multiplier":"0.631",
        "effect.1-fragment":"false",
        "effect.1-fragment:distance":"0.155",
        "effect.1-fragment:fragments":"0.053",
        "effect.1-fragment:fragrotationx":"0.695",
        "effect.1-fragment:fragrotationy":"0.531",
        "effect.1-fragment:fragrotationz":"0.837",
        "effect.1-fragment:fragscale":"1.000",
        "effect.1-fragment:rotation":"0.469",
        "effect.1-huerotate":"false",
        "effect.1-huerotate:huerotate":"0.586",
        "effect.1-huerotate:huescale":"0.895",
        "effect.1-huerotate:satscale":"0.841",
        "effect.1-kaleidoscope":"false",
        "effect.1-kaleidoscope:angles":"0.339",
        "effect.1-kaleidoscope:inputrotation":"0.982",
        "effect.1-kaleidoscope:opacity":"1.000",
        "effect.1-kaleidoscope:rotation":"0.347",
        "effect.1-kaleidoscope:zoom":"0.052",
        "effect.1-mirror":"false",
        "effect.1-mirror:flipx":"0",
        "effect.1-mirror:flipy":"1",
        "effect.1-mirror:in/out":"0.148",
        "effect.1-mirror:x":"0.500",
        "effect.1-mirror:y":"0.500",
        "effect.1-mirrorquad":"false",
        "effect.1-mirrorquad:flipx":"1",
        "effect.1-mirrorquad:flipy":"1",
        "effect.1-posterize":"false",
        "effect.1-posterize:posterize":"0.254",
        "effect.1-trails":"false",
        "effect.1-trails:feedback":"0.550",
        "effect.1-twisted":"false",
        "effect.1-twisted:radius":"0.795",
        "effect.1-twisted:twirl":"0.093",
        "effect.2-blur":"true",
        "effect.2-blur:blurxdistance":"0.726",
        "effect.2-blur:blurydistance":"0.508",
        "effect.2-blur:gaussian":"0.403",
        "effect.2-blur:quality":"0.569",
        "effect.2-displace":"false",
        "effect.2-displace:threshold":"0.108",
        "effect.2-displace:xfactor":"0.907",
        "effect.2-displace:yfactor":"0.820",
        "effect.2-edgedetection":"false",
        "effect.2-edgedetection:mode":"0.136",
        "effect.2-edgedetection:multiplier":"0.604",
        "effect.2-fragment":"false",
        "effect.2-fragment:distance":"0.505",
        "effect.2-fragment:fragments":"0.357",
        "effect.2-fragment:fragrotationx":"0.695",
        "effect.2-fragment:fragrotationy":"0.099",
        "effect.2-fragment:fragrotationz":"0.208",
        "effect.2-fragment:fragscale":"1.000",
        "effect.2-fragment:rotation":"0.290",
        "effect.2-huerotate":"false",
        "effect.2-huerotate:huerotate":"0.866",
        "effect.2-huerotate:huescale":"0.020",
        "effect.2-huerotate:satscale":"0.533",
        "effect.2-kaleidoscope":"false",
        "effect.2-kaleidoscope:angles":"0.753",
        "effect.2-kaleidoscope:inputrotation":"0.492",
        "effect.2-kaleidoscope:opacity":"1.000",
        "effect.2-kaleidoscope:rotation":"0.792",
        "effect.2-kaleidoscope:zoom":"0.828",
        "effect.2-mirror":"false",
        "effect.2-mirror:flipx":"1",
        "effect.2-mirror:flipy":"1",
        "effect.2-mirror:in/out":"0.842",
        "effect.2-mirror:x":"0.500",
        "effect.2-mirror:y":"0.500",
        "effect.2-mirrorquad":"false",
        "effect.2-mirrorquad:flipx":"0",
        "effect.2-mirrorquad:flipy":"0",
        "effect.2-posterize":"true",
        "effect.2-posterize:posterize":"0.133",
        "effect.2-trails":"true",
        "effect.2-trails:feedback":"0.550",
        "effect.2-twisted":"false",
        "effect.2-twisted:radius":"0.350",
        "effect.2-twisted:twirl":"0.932",
        "visual.alphafinal":"0.040",
        "visual.alphainitial":"1.000",
        "visual.alphatime":"6.086",
        "visual.aspect":"0.450",
        "visual.bounce":"false",
        "sound.controllerstyle":"modulationonly",
        "visual.filled":"true",
        "visual.gravity":"0",
        "visual.hue1final":"360.000",
        "visual.hue1initial":"0.000",
        "visual.hue1time":"2.003",
        "visual.hue2final":"0.000",
        "visual.hue2initial":"360.000",
        "visual.hue2time":"2.003",
        "visual.justification":"center",
        "visual.lifetime":"10.000",
        "visual.luminance":"0.500",
        "sound.midifile":"jsbach",
        "visual.mirrortype":"none",
        "visual.movedir":"random",
        "visual.noisevertexx":"0.000",
        "visual.noisevertexy":"0.000",
        "visual.nsprites":"50",
        "sound.pitchmax":"80",
        "sound.pitchmin":"33",
        "visual.placement":"cursor",
        "visual.rotangdir":"random",
        "visual.rotanginit":"45.000",
        "visual.rotangspeed":"72.000",
        "visual.rotauto":"true",
        "visual.saturation":"1.000",
        "visual.shape":"square",
        "visual.sizefinal":"1.000",
        "visual.sizeinitial":"3.598",
        "visual.sizetime":"2.089",
        "visual.smoothxyz":"3",
        "visual.speed":"0.200",
        "visual.spritesource":"cursor",
        "sound.synth":"P_04_C_07",
        "visual.thickness":"10.000",
        "sound.velocitymax":"94",
        "sound.velocitymin":"68",
        "sound.xcontroller":"3",
        "sound.ycontroller":"2",
        "sound.zcontroller":"1",
        "visual.zmin":"0.004"
    }
}
