{
    "params":{
        "effect.1-blur":"false",
        "effect.1-blur:blurxdistance":"0.440",
        "effect.1-blur:blurydistance":"0.675",
        "effect.1-blur:gaussian":"0.057",
        "effect.1-blur:quality":"0.283",
        "effect.1-displace":"false",
        "effect.1-displace:threshold":"0.160",
        "effect.1-displace:xfactor":"0.843",
        "effect.1-displace:yfactor":"0.945",
        "effect.1-edgedetection":"false",
        "effect.1-edgedetection:mode":"0.220",
        "effect.1-edgedetection:multiplier":"0.657",
        "effect.1-fragment":"false",
        "effect.1-fragment:distance":"0.299",
        "effect.1-fragment:fragments":"0.834",
        "effect.1-fragment:fragrotationx":"0.084",
        "effect.1-fragment:fragrotationy":"0.213",
        "effect.1-fragment:fragrotationz":"0.622",
        "effect.1-fragment:fragscale":"1.000",
        "effect.1-fragment:rotation":"0.777",
        "effect.1-huerotate":"false",
        "effect.1-huerotate:huerotate":"0.756",
        "effect.1-huerotate:huescale":"0.501",
        "effect.1-huerotate:satscale":"0.037",
        "effect.1-kaleidoscope":"false",
        "effect.1-kaleidoscope:angles":"0.225",
        "effect.1-kaleidoscope:inputrotation":"0.590",
        "effect.1-kaleidoscope:opacity":"1.000",
        "effect.1-kaleidoscope:rotation":"0.154",
        "effect.1-kaleidoscope:zoom":"0.303",
        "effect.1-mirror":"false",
        "effect.1-mirror:flipx":"1",
        "effect.1-mirror:flipy":"1",
        "effect.1-mirror:in/out":"0.299",
        "effect.1-mirror:x":"0.500",
        "effect.1-mirror:y":"0.500",
        "effect.1-mirrorquad":"false",
        "effect.1-mirrorquad:flipx":"1",
        "effect.1-mirrorquad:flipy":"1",
        "effect.1-posterize":"false",
        "effect.1-posterize:posterize":"0.357",
        "effect.1-trails":"false",
        "effect.1-trails:feedback":"0.550",
        "effect.1-twisted":"false",
        "effect.1-twisted:radius":"0.962",
        "effect.1-twisted:twirl":"0.115",
        "effect.2-blur":"true",
        "effect.2-blur:blurxdistance":"0.152",
        "effect.2-blur:blurydistance":"0.157",
        "effect.2-blur:gaussian":"0.438",
        "effect.2-blur:quality":"0.303",
        "effect.2-displace":"true",
        "effect.2-displace:threshold":"0.142",
        "effect.2-displace:xfactor":"0.211",
        "effect.2-displace:yfactor":"0.871",
        "effect.2-edgedetection":"false",
        "effect.2-edgedetection:mode":"0.147",
        "effect.2-edgedetection:multiplier":"0.635",
        "effect.2-fragment":"false",
        "effect.2-fragment:distance":"0.756",
        "effect.2-fragment:fragments":"0.885",
        "effect.2-fragment:fragrotationx":"0.478",
        "effect.2-fragment:fragrotationy":"0.358",
        "effect.2-fragment:fragrotationz":"0.693",
        "effect.2-fragment:fragscale":"1.000",
        "effect.2-fragment:rotation":"0.198",
        "effect.2-huerotate":"true",
        "effect.2-huerotate:huerotate":"0.044",
        "effect.2-huerotate:huescale":"0.938",
        "effect.2-huerotate:satscale":"0.100",
        "effect.2-kaleidoscope":"false",
        "effect.2-kaleidoscope:angles":"0.166",
        "effect.2-kaleidoscope:inputrotation":"0.500",
        "effect.2-kaleidoscope:opacity":"1.000",
        "effect.2-kaleidoscope:rotation":"0.149",
        "effect.2-kaleidoscope:zoom":"0.851",
        "effect.2-mirror":"false",
        "effect.2-mirror:flipx":"1",
        "effect.2-mirror:flipy":"1",
        "effect.2-mirror:in/out":"0.327",
        "effect.2-mirror:x":"0.500",
        "effect.2-mirror:y":"0.500",
        "effect.2-mirrorquad":"false",
        "effect.2-mirrorquad:flipx":"0",
        "effect.2-mirrorquad:flipy":"1",
        "effect.2-posterize":"false",
        "effect.2-posterize:posterize":"0.428",
        "effect.2-trails":"true",
        "effect.2-trails:feedback":"0.550",
        "effect.2-twisted":"false",
        "effect.2-twisted:radius":"0.456",
        "effect.2-twisted:twirl":"0.243",
        "visual.alphafinal":"0.000",
        "visual.alphainitial":"1.000",
        "visual.alphatime":"5.005",
        "visual.aspect":"0.500",
        "visual.bounce":"false",
        "sound.controllerstyle":"modulationonly",
        "visual.filled":"false",
        "visual.gravity":"0",
        "visual.hue1final":"176.400",
        "visual.hue1initial":"172.800",
        "visual.hue1time":"1.004",
        "visual.hue2final":"176.400",
        "visual.hue2initial":"172.800",
        "visual.hue2time":"1.004",
        "visual.justification":"center",
        "visual.lifetime":"10.000",
        "visual.luminance":"1.000",
        "sound.midifile":"jsbach",
        "visual.mirrortype":"none",
        "visual.movedir":"leftright",
        "visual.noisevertexx":"0.000",
        "visual.noisevertexy":"0.000",
        "visual.nsprites":"146",
        "sound.pitchmax":"80",
        "sound.pitchmin":"33",
        "visual.placement":"cursor",
        "visual.rotangdir":"random",
        "visual.rotanginit":"0.000",
        "visual.rotangspeed":"0.000",
        "visual.rotauto":"false",
        "visual.saturation":"1.000",
        "visual.shape":"square",
        "visual.sizefinal":"10.000",
        "visual.sizeinitial":"6.004",
        "visual.sizetime":"0.568",
        "visual.smoothxyz":"10",
        "visual.speed":"0.000",
        "visual.spritesource":"cursor",
        "sound.synth":"P_03_C_06",
        "visual.thickness":"10.000",
        "sound.velocitymax":"127",
        "sound.velocitymin":"48",
        "sound.xcontroller":"3",
        "sound.ycontroller":"2",
        "sound.zcontroller":"1",
        "visual.zmin":"0.100"
    }
}
