{
    "params": {
        "effect.1-blur":"false",
        "effect.1-blur:blurxdistance":"0.791000",
        "effect.1-blur:blurydistance":"0.774000",
        "effect.1-blur:gaussian":"0.890000",
        "effect.1-blur:quality":"0.274000",
        "effect.1-displace":"false",
        "effect.1-displace:threshold":"0.397000",
        "effect.1-displace:xfactor":"0.443000",
        "effect.1-displace:yfactor":"0.004000",
        "effect.1-edgedetection":"false",
        "effect.1-edgedetection:mode":"0.660000",
        "effect.1-edgedetection:multiplier":"0.625000",
        "effect.1-fragment":"false",
        "effect.1-fragment:distance":"0.798000",
        "effect.1-fragment:fragments":"0.750000",
        "effect.1-fragment:fragrotationx":"0.565000",
        "effect.1-fragment:fragrotationy":"0.869000",
        "effect.1-fragment:fragrotationz":"0.929000",
        "effect.1-fragment:fragscale":"1.000000",
        "effect.1-fragment:rotation":"0.866000",
        "effect.1-goo":"false",
        "effect.1-goo:maxdistortionx":"1.000000",
        "effect.1-goo:maxdistortiony":"1.000000",
        "effect.1-goo:maxdistortionz":"1.000000",
        "effect.1-goo:resolution":"16",
        "effect.1-goo:shade":"1.000000",
        "effect.1-goo:speed":"0.150000",
        "effect.1-huerotate":"false",
        "effect.1-huerotate:huerotate":"0.921000",
        "effect.1-huerotate:huescale":"0.232000",
        "effect.1-huerotate:satscale":"0.015000",
        "effect.1-kaleidoscope":"true",
        "effect.1-kaleidoscope:angles":"0.214000",
        "effect.1-kaleidoscope:inputrotation":"0.102000",
        "effect.1-kaleidoscope:opacity":"1.000000",
        "effect.1-kaleidoscope:rotation":"0.386000",
        "effect.1-kaleidoscope:zoom":"0.646000",
        "effect.1-mirror":"false",
        "effect.1-mirror:flipx":"1",
        "effect.1-mirror:flipy":"0",
        "effect.1-mirror:in/out":"0.681000",
        "effect.1-mirror:x":"0.500000",
        "effect.1-mirror:y":"0.500000",
        "effect.1-mirrorquad":"false",
        "effect.1-mirrorquad:flipx":"1",
        "effect.1-mirrorquad:flipy":"0",
        "effect.1-posterize":"false",
        "effect.1-posterize:posterize":"0.139000",
        "effect.1-trails":"false",
        "effect.1-trails:feedback":"0.550000",
        "effect.1-twisted":"false",
        "effect.1-twisted:radius":"0.588000",
        "effect.1-twisted:twirl":"0.408000",
        "effect.2-blur":"false",
        "effect.2-blur:blurxdistance":"0.421000",
        "effect.2-blur:blurydistance":"0.169000",
        "effect.2-blur:gaussian":"0.726000",
        "effect.2-blur:quality":"0.484000",
        "effect.2-displace":"true",
        "effect.2-displace:threshold":"0.288000",
        "effect.2-displace:xfactor":"0.075000",
        "effect.2-displace:yfactor":"0.095000",
        "effect.2-edgedetection":"false",
        "effect.2-edgedetection:mode":"0.065000",
        "effect.2-edgedetection:multiplier":"0.811000",
        "effect.2-fragment":"false",
        "effect.2-fragment:distance":"0.785000",
        "effect.2-fragment:fragments":"0.431000",
        "effect.2-fragment:fragrotationx":"0.790000",
        "effect.2-fragment:fragrotationy":"0.277000",
        "effect.2-fragment:fragrotationz":"0.813000",
        "effect.2-fragment:fragscale":"1.000000",
        "effect.2-fragment:rotation":"0.994000",
        "effect.2-goo":"false",
        "effect.2-goo:maxdistortionx":"1.000000",
        "effect.2-goo:maxdistortiony":"1.000000",
        "effect.2-goo:maxdistortionz":"1.000000",
        "effect.2-goo:resolution":"16",
        "effect.2-goo:shade":"1.000000",
        "effect.2-goo:speed":"0.150000",
        "effect.2-huerotate":"false",
        "effect.2-huerotate:huerotate":"0.762000",
        "effect.2-huerotate:huescale":"0.319000",
        "effect.2-huerotate:satscale":"0.073000",
        "effect.2-kaleidoscope":"false",
        "effect.2-kaleidoscope:angles":"0.685000",
        "effect.2-kaleidoscope:inputrotation":"0.059000",
        "effect.2-kaleidoscope:opacity":"1.000000",
        "effect.2-kaleidoscope:rotation":"0.780000",
        "effect.2-kaleidoscope:zoom":"0.051000",
        "effect.2-mirror":"false",
        "effect.2-mirror:flipx":"0",
        "effect.2-mirror:flipy":"0",
        "effect.2-mirror:in/out":"0.234000",
        "effect.2-mirror:x":"0.500000",
        "effect.2-mirror:y":"0.500000",
        "effect.2-mirrorquad":"false",
        "effect.2-mirrorquad:flipx":"1",
        "effect.2-mirrorquad:flipy":"0",
        "effect.2-posterize":"false",
        "effect.2-posterize:posterize":"0.215000",
        "effect.2-trails":"false",
        "effect.2-trails:feedback":"0.550000",
        "effect.2-twisted":"false",
        "effect.2-twisted:radius":"0.500000",
        "effect.2-twisted:twirl":"0.102000",
        "misc.cursorstyle":"",
        "misc.generatesound":"true",
        "misc.generatevisual":"true",
        "misc.logic_sound":"true",
        "misc.logic_visual":"true",
        "misc.midibehaviour":"default",
        "misc.midiinputpatch":"A",
        "misc.pitchfactor":"1.000000",
        "misc.pitchoffset":"0.000000",
        "misc.quantstyle":"frets",
        "misc.scale":"newage",
        "misc.usescale":"false",
        "misc.volstyle":"pressure",
        "sound.chromatic":"false",
        "sound.controllerstyle":"modulationonly",
        "sound.midifile":"jsbach",
        "sound.pitchmax":"80",
        "sound.pitchmin":"33",
        "sound.synth":"P_04_C_03",
        "sound.velocitymax":"127",
        "sound.velocitymin":"48",
        "sound.xcontroller":"3",
        "sound.ycontroller":"2",
        "sound.zcontroller":"1",
        "visual.alphafinal":"0.000000",
        "visual.alphainitial":"1.000000",
        "visual.alphatime":"5.005000",
        "visual.aspect":"0.500000",
        "visual.bounce":"false",
        "visual.cursorsprites":"false",
        "visual.filled":"false",
        "visual.gravity":"0",
        "visual.hue1final":"0.000000",
        "visual.hue1initial":"0.000000",
        "visual.hue1time":"3.002000",
        "visual.hue2final":"0.000000",
        "visual.hue2initial":"0.000000",
        "visual.hue2time":"5.000000",
        "visual.inputbackground":"false",
        "visual.justification":"center",
        "visual.lifetime":"10.000000",
        "visual.luminance":"0.500000",
        "visual.mirrortype":"four",
        "visual.movedir":"updown",
        "visual.noisevertex":"0.000000",
        "visual.noisevertexx":"0.000000",
        "visual.noisevertexy":"0.000000",
        "visual.nsprites":"1144",
        "visual.placement":"cursor",
        "visual.rotangdir":"random",
        "visual.rotanginit":"0.000000",
        "visual.rotangspeed":"0.000000",
        "visual.rotauto":"true",
        "visual.saturation":"1.000000",
        "visual.shape":"square",
        "visual.sizefinal":"5.000000",
        "visual.sizeinitial":"2.008000",
        "visual.sizetime":"6.562000",
        "visual.smoothxyz":"3",
        "visual.speed":"0.100000",
        "visual.spritesource":"cursor",
        "visual.spritestyle":"hue",
        "visual.thickness":"0.904000",
        "visual.zmin":"0.010000"
    }
}