{
    "params":{
        "effect.1-blur":"true",
        "effect.1-blur:blurxdistance":"0.100",
        "effect.1-blur:blurydistance":"0.100",
        "effect.1-blur:gaussian":"0.370",
        "effect.1-blur:quality":"0.280",
        "effect.1-displace":"true",
        "effect.1-displace:threshold":"0.300",
        "effect.1-displace:xfactor":"0.060",
        "effect.1-displace:yfactor":"0.040",
        "effect.1-edgedetection":"true",
        "effect.1-edgedetection:mode":"1.000",
        "effect.1-edgedetection:multiplier":"0.940",
        "effect.1-fragment":"false",
        "effect.1-fragment:distance":"0.563",
        "effect.1-fragment:fragments":"0.386",
        "effect.1-fragment:fragrotationx":"0.729",
        "effect.1-fragment:fragrotationy":"0.480",
        "effect.1-fragment:fragrotationz":"0.163",
        "effect.1-fragment:fragscale":"1.000",
        "effect.1-fragment:rotation":"0.972",
        "effect.1-huerotate":"false",
        "effect.1-huerotate:huerotate":"0.225",
        "effect.1-huerotate:huescale":"0.582",
        "effect.1-huerotate:satscale":"0.195",
        "effect.1-kaleidoscope":"false",
        "effect.1-kaleidoscope:angles":"0.300",
        "effect.1-kaleidoscope:inputrotation":"0.500",
        "effect.1-kaleidoscope:opacity":"1.000",
        "effect.1-kaleidoscope:rotation":"0.000",
        "effect.1-kaleidoscope:zoom":"0.580",
        "effect.1-mirror":"false",
        "effect.1-mirror:flipx":"1",
        "effect.1-mirror:flipy":"1",
        "effect.1-mirror:in/out":"0.822",
        "effect.1-mirror:x":"0.500",
        "effect.1-mirror:y":"0.500",
        "effect.1-mirrorquad":"false",
        "effect.1-mirrorquad:flipx":"1",
        "effect.1-mirrorquad:flipy":"0",
        "effect.1-posterize":"false",
        "effect.1-posterize:posterize":"0.190",
        "effect.1-trails":"false",
        "effect.1-trails:feedback":"0.550",
        "effect.1-twisted":"false",
        "effect.1-twisted:radius":"0.310",
        "effect.1-twisted:twirl":"0.500",
        "effect.2-blur":"false",
        "effect.2-blur:blurxdistance":"0.100",
        "effect.2-blur:blurydistance":"0.080",
        "effect.2-blur:gaussian":"0.170",
        "effect.2-blur:quality":"0.280",
        "effect.2-displace":"false",
        "effect.2-displace:threshold":"0.027",
        "effect.2-displace:xfactor":"0.760",
        "effect.2-displace:yfactor":"0.240",
        "effect.2-edgedetection":"true",
        "effect.2-edgedetection:mode":"0.920",
        "effect.2-edgedetection:multiplier":"1.000",
        "effect.2-fragment":"false",
        "effect.2-fragment:distance":"0.058",
        "effect.2-fragment:fragments":"0.902",
        "effect.2-fragment:fragrotationx":"0.681",
        "effect.2-fragment:fragrotationy":"0.132",
        "effect.2-fragment:fragrotationz":"0.247",
        "effect.2-fragment:fragscale":"1.000",
        "effect.2-fragment:rotation":"0.476",
        "effect.2-huerotate":"false",
        "effect.2-huerotate:huerotate":"0.897",
        "effect.2-huerotate:huescale":"0.131",
        "effect.2-huerotate:satscale":"0.095",
        "effect.2-kaleidoscope":"false",
        "effect.2-kaleidoscope:angles":"0.640",
        "effect.2-kaleidoscope:inputrotation":"0.500",
        "effect.2-kaleidoscope:opacity":"1.000",
        "effect.2-kaleidoscope:rotation":"0.000",
        "effect.2-kaleidoscope:zoom":"1.000",
        "effect.2-mirror":"false",
        "effect.2-mirror:flipx":"1",
        "effect.2-mirror:flipy":"0",
        "effect.2-mirror:in/out":"0.041",
        "effect.2-mirror:x":"0.500",
        "effect.2-mirror:y":"0.500",
        "effect.2-mirrorquad":"false",
        "effect.2-mirrorquad:flipx":"1",
        "effect.2-mirrorquad:flipy":"0",
        "effect.2-posterize":"false",
        "effect.2-posterize:posterize":"0.190",
        "effect.2-trails":"true",
        "effect.2-trails:feedback":"0.550",
        "effect.2-twisted":"false",
        "effect.2-twisted:radius":"0.310",
        "effect.2-twisted:twirl":"0.500",
        "visual.alphafinal":"0.000",
        "visual.alphainitial":"1.000",
        "visual.alphatime":"9.676",
        "visual.aspect":"0.500",
        "visual.bounce":"false",
        "sound.controllerstyle":"modulationonly",
        "visual.filled":"true",
        "visual.gravity":"0",
        "visual.hue1final":"360.000",
        "visual.hue1initial":"36.000",
        "visual.hue1time":"5.000",
        "visual.hue2final":"144.000",
        "visual.hue2initial":"252.000",
        "visual.hue2time":"5.000",
        "visual.justification":"center",
        "visual.lifetime":"10.000",
        "visual.luminance":"0.500",
        "sound.midifile":"jsbach",
        "visual.mirrortype":"none",
        "visual.movedir":"cursor",
        "visual.noisevertexx":"0.000",
        "visual.noisevertexy":"0.000",
        "visual.nsprites":"1047",
        "sound.pitchmax":"59",
        "sound.pitchmin":"36",
        "visual.placement":"cursor",
        "visual.rotangdir":"random",
        "visual.rotanginit":"45.000",
        "visual.rotangspeed":"21.600",
        "visual.rotauto":"true",
        "visual.saturation":"1.000",
        "visual.shape":"triangle",
        "visual.sizefinal":"3.000",
        "visual.sizeinitial":"4.898",
        "visual.sizetime":"1.090",
        "visual.smoothxyz":"3",
        "visual.speed":"0.100",
        "visual.spritesource":"cursor",
        "sound.synth":"P_02_C_10",
        "visual.thickness":"1.999",
        "sound.velocitymax":"127",
        "sound.velocitymin":"48",
        "sound.xcontroller":"3",
        "sound.ycontroller":"2",
        "sound.zcontroller":"1",
        "visual.zmin":"0.004"
    }
}
