{
    "params":{
        "effect.1-blur":"false",
        "effect.1-blur:blurxdistance":"0.418",
        "effect.1-blur:blurydistance":"0.436",
        "effect.1-blur:gaussian":"0.396",
        "effect.1-blur:quality":"0.131",
        "effect.1-displace":"false",
        "effect.1-displace:threshold":"0.324",
        "effect.1-displace:xfactor":"0.098",
        "effect.1-displace:yfactor":"0.085",
        "effect.1-edgedetection":"true",
        "effect.1-edgedetection:mode":"0.022",
        "effect.1-edgedetection:multiplier":"0.904",
        "effect.1-fragment":"false",
        "effect.1-fragment:distance":"0.897",
        "effect.1-fragment:fragments":"0.379",
        "effect.1-fragment:fragrotationx":"0.942",
        "effect.1-fragment:fragrotationy":"0.566",
        "effect.1-fragment:fragrotationz":"0.134",
        "effect.1-fragment:fragscale":"1.000",
        "effect.1-fragment:rotation":"0.285",
        "effect.1-huerotate":"false",
        "effect.1-huerotate:huerotate":"0.018",
        "effect.1-huerotate:huescale":"0.124",
        "effect.1-huerotate:satscale":"0.127",
        "effect.1-kaleidoscope":"false",
        "effect.1-kaleidoscope:angles":"0.195",
        "effect.1-kaleidoscope:inputrotation":"0.068",
        "effect.1-kaleidoscope:opacity":"1.000",
        "effect.1-kaleidoscope:rotation":"0.158",
        "effect.1-kaleidoscope:zoom":"0.707",
        "effect.1-mirror":"false",
        "effect.1-mirror:flipx":"1",
        "effect.1-mirror:flipy":"0",
        "effect.1-mirror:in/out":"0.965",
        "effect.1-mirror:x":"0.500",
        "effect.1-mirror:y":"0.500",
        "effect.1-mirrorquad":"false",
        "effect.1-mirrorquad:flipx":"0",
        "effect.1-mirrorquad:flipy":"1",
        "effect.1-posterize":"false",
        "effect.1-posterize:posterize":"0.117",
        "effect.1-trails":"false",
        "effect.1-trails:feedback":"0.550",
        "effect.1-twisted":"false",
        "effect.1-twisted:radius":"0.634",
        "effect.1-twisted:twirl":"0.880",
        "effect.2-blur":"false",
        "effect.2-blur:blurxdistance":"0.121",
        "effect.2-blur:blurydistance":"0.886",
        "effect.2-blur:gaussian":"0.413",
        "effect.2-blur:quality":"0.904",
        "effect.2-displace":"false",
        "effect.2-displace:threshold":"0.127",
        "effect.2-displace:xfactor":"0.060",
        "effect.2-displace:yfactor":"0.603",
        "effect.2-edgedetection":"false",
        "effect.2-edgedetection:mode":"0.566",
        "effect.2-edgedetection:multiplier":"0.503",
        "effect.2-fragment":"false",
        "effect.2-fragment:distance":"0.936",
        "effect.2-fragment:fragments":"0.039",
        "effect.2-fragment:fragrotationx":"0.224",
        "effect.2-fragment:fragrotationy":"0.730",
        "effect.2-fragment:fragrotationz":"0.632",
        "effect.2-fragment:fragscale":"1.000",
        "effect.2-fragment:rotation":"0.224",
        "effect.2-huerotate":"false",
        "effect.2-huerotate:huerotate":"0.834",
        "effect.2-huerotate:huescale":"0.568",
        "effect.2-huerotate:satscale":"0.061",
        "effect.2-kaleidoscope":"false",
        "effect.2-kaleidoscope:angles":"0.562",
        "effect.2-kaleidoscope:inputrotation":"0.561",
        "effect.2-kaleidoscope:opacity":"1.000",
        "effect.2-kaleidoscope:rotation":"0.333",
        "effect.2-kaleidoscope:zoom":"0.564",
        "effect.2-mirror":"false",
        "effect.2-mirror:flipx":"0",
        "effect.2-mirror:flipy":"1",
        "effect.2-mirror:in/out":"0.456",
        "effect.2-mirror:x":"0.500",
        "effect.2-mirror:y":"0.500",
        "effect.2-mirrorquad":"false",
        "effect.2-mirrorquad:flipx":"1",
        "effect.2-mirrorquad:flipy":"1",
        "effect.2-posterize":"false",
        "effect.2-posterize:posterize":"0.120",
        "effect.2-trails":"false",
        "effect.2-trails:feedback":"0.550",
        "effect.2-twisted":"false",
        "effect.2-twisted:radius":"0.620",
        "effect.2-twisted:twirl":"0.913",
        "visual.alphafinal":"0.000",
        "visual.alphainitial":"0.897",
        "visual.alphatime":"4.957",
        "visual.aspect":"0.508",
        "visual.bounce":"true",
        "sound.controllerstyle":"modulationonly",
        "visual.filled":"false",
        "visual.gravity":"0",
        "visual.hue1final":"360.000",
        "visual.hue1initial":"360.000",
        "visual.hue1time":"1.614",
        "visual.hue2final":"0.000",
        "visual.hue2initial":"0.000",
        "visual.hue2time":"0.653",
        "visual.justification":"center",
        "visual.lifetime":"3.529",
        "visual.luminance":"0.500",
        "sound.midifile":"jsbach",
        "visual.mirrortype":"four",
        "visual.movedir":"cursor",
        "visual.noisevertexx":"0.000",
        "visual.noisevertexy":"0.000",
        "visual.nsprites":"842",
        "sound.pitchmax":"70",
        "sound.pitchmin":"46",
        "visual.placement":"cursor",
        "visual.rotangdir":"right",
        "visual.rotanginit":"0.000",
        "visual.rotangspeed":"0.000",
        "visual.rotauto":"false",
        "visual.saturation":"0.917",
        "visual.shape":"square",
        "visual.sizefinal":"1.778",
        "visual.sizeinitial":"1.584",
        "visual.sizetime":"6.340",
        "visual.smoothxyz":"5",
        "visual.speed":"0.072",
        "visual.spritesource":"cursor",
        "sound.synth":"P_04_C_08",
        "visual.thickness":"2.481",
        "sound.velocitymax":"94",
        "sound.velocitymin":"68",
        "sound.xcontroller":"1",
        "sound.ycontroller":"1",
        "sound.zcontroller":"1",
        "visual.zmin":"0.004"
    }
}
