{
    "params": {
        "D-effect.1-blur":"true",
        "D-effect.1-blur:blurxdistance":"0.100000",
        "D-effect.1-blur:blurydistance":"0.080000",
        "D-effect.1-blur:gaussian":"0.170000",
        "D-effect.1-blur:quality":"0.280000",
        "D-effect.1-displace":"false",
        "D-effect.1-displace:threshold":"0.000000",
        "D-effect.1-displace:xfactor":"0.760000",
        "D-effect.1-displace:yfactor":"0.240000",
        "D-effect.1-edgedetection":"false",
        "D-effect.1-edgedetection:mode":"0.920000",
        "D-effect.1-edgedetection:multiplier":"0.240000",
        "D-effect.1-fragment":"true",
        "D-effect.1-fragment:distance":"0.330000",
        "D-effect.1-fragment:fragments":"0.300000",
        "D-effect.1-fragment:fragrotationx":"0.500000",
        "D-effect.1-fragment:fragrotationy":"0.500000",
        "D-effect.1-fragment:fragrotationz":"0.500000",
        "D-effect.1-fragment:fragscale":"1.000000",
        "D-effect.1-fragment:rotation":"0.000000",
        "D-effect.1-goo":"false",
        "D-effect.1-goo:maxdistortionx":"1.000000",
        "D-effect.1-goo:maxdistortiony":"1.000000",
        "D-effect.1-goo:maxdistortionz":"1.000000",
        "D-effect.1-goo:resolution":"16",
        "D-effect.1-goo:shade":"1.000000",
        "D-effect.1-goo:speed":"0.150000",
        "D-effect.1-huerotate":"false",
        "D-effect.1-huerotate:huerotate":"0.000000",
        "D-effect.1-huerotate:huescale":"1.000000",
        "D-effect.1-huerotate:satscale":"0.500000",
        "D-effect.1-kaleidoscope":"false",
        "D-effect.1-kaleidoscope:angles":"0.300000",
        "D-effect.1-kaleidoscope:inputrotation":"0.500000",
        "D-effect.1-kaleidoscope:opacity":"1.000000",
        "D-effect.1-kaleidoscope:rotation":"0.000000",
        "D-effect.1-kaleidoscope:zoom":"0.580000",
        "D-effect.1-mirror":"false",
        "D-effect.1-mirror:flipx":"0",
        "D-effect.1-mirror:flipy":"0",
        "D-effect.1-mirror:in/out":"1.000000",
        "D-effect.1-mirror:x":"0.500000",
        "D-effect.1-mirror:y":"0.500000",
        "D-effect.1-mirrorquad":"false",
        "D-effect.1-mirrorquad:flipx":"0",
        "D-effect.1-mirrorquad:flipy":"0",
        "D-effect.1-posterize":"true",
        "D-effect.1-posterize:posterize":"0.190000",
        "D-effect.1-trails":"false",
        "D-effect.1-trails:feedback":"0.550000",
        "D-effect.1-twisted":"false",
        "D-effect.1-twisted:radius":"0.310000",
        "D-effect.1-twisted:twirl":"0.500000",
        "D-effect.2-blur":"false",
        "D-effect.2-blur:blurxdistance":"0.100000",
        "D-effect.2-blur:blurydistance":"0.080000",
        "D-effect.2-blur:gaussian":"0.170000",
        "D-effect.2-blur:quality":"0.280000",
        "D-effect.2-displace":"false",
        "D-effect.2-displace:threshold":"0.000000",
        "D-effect.2-displace:xfactor":"0.760000",
        "D-effect.2-displace:yfactor":"0.240000",
        "D-effect.2-edgedetection":"false",
        "D-effect.2-edgedetection:mode":"0.920000",
        "D-effect.2-edgedetection:multiplier":"0.240000",
        "D-effect.2-fragment":"false",
        "D-effect.2-fragment:distance":"0.330000",
        "D-effect.2-fragment:fragments":"0.300000",
        "D-effect.2-fragment:fragrotationx":"0.500000",
        "D-effect.2-fragment:fragrotationy":"0.500000",
        "D-effect.2-fragment:fragrotationz":"0.500000",
        "D-effect.2-fragment:fragscale":"1.000000",
        "D-effect.2-fragment:rotation":"0.000000",
        "D-effect.2-goo":"false",
        "D-effect.2-goo:maxdistortionx":"1.000000",
        "D-effect.2-goo:maxdistortiony":"1.000000",
        "D-effect.2-goo:maxdistortionz":"1.000000",
        "D-effect.2-goo:resolution":"16",
        "D-effect.2-goo:shade":"1.000000",
        "D-effect.2-goo:speed":"0.150000",
        "D-effect.2-huerotate":"false",
        "D-effect.2-huerotate:huerotate":"0.000000",
        "D-effect.2-huerotate:huescale":"1.000000",
        "D-effect.2-huerotate:satscale":"0.500000",
        "D-effect.2-kaleidoscope":"false",
        "D-effect.2-kaleidoscope:angles":"0.640000",
        "D-effect.2-kaleidoscope:inputrotation":"0.500000",
        "D-effect.2-kaleidoscope:opacity":"1.000000",
        "D-effect.2-kaleidoscope:rotation":"0.000000",
        "D-effect.2-kaleidoscope:zoom":"1.000000",
        "D-effect.2-mirror":"false",
        "D-effect.2-mirror:flipx":"0",
        "D-effect.2-mirror:flipy":"0",
        "D-effect.2-mirror:in/out":"1.000000",
        "D-effect.2-mirror:x":"0.500000",
        "D-effect.2-mirror:y":"0.500000",
        "D-effect.2-mirrorquad":"false",
        "D-effect.2-mirrorquad:flipx":"0",
        "D-effect.2-mirrorquad:flipy":"0",
        "D-effect.2-posterize":"false",
        "D-effect.2-posterize:posterize":"0.190000",
        "D-effect.2-trails":"false",
        "D-effect.2-trails:feedback":"0.550000",
        "D-effect.2-twisted":"false",
        "D-effect.2-twisted:radius":"0.310000",
        "D-effect.2-twisted:twirl":"0.500000",
        "D-misc.enable:sound":"true",
        "D-misc.enable:visual":"true",
        "D-misc.logic_sound":"true",
        "D-misc.logic_visual":"true",
        "D-misc.loop:length":"100",
        "D-misc.midibehaviour":"default",
        "D-misc.pitchfactor":"1.000000",
        "D-misc.pitchoffset":"0.000000",
        "D-misc.quant":"frets",
        "D-misc.scale":"newage",
        "D-misc.vol":"pressure",
        "D-sound.chromatic":"false",
        "D-sound.controllermax":"127",
        "D-sound.controllermin":"1",
        "D-sound.controllerstyle":"modulationonly",
        "D-sound.controllerzmax":"0.600000",
        "D-sound.controllerzmin":"0.050000",
        "D-sound.deltaytrig":"1.000000",
        "D-sound.deltaztrig":"0.200000",
        "D-sound.inputport":"",
        "D-sound.midifile":"jsbach",
        "D-sound.pitchmax":"80",
        "D-sound.pitchmin":"33",
        "D-sound.synth":"P_01_C_02",
        "D-sound.timefret1q":"1.000000",
        "D-sound.timefret1y":"0.150000",
        "D-sound.timefret2q":"0.500000",
        "D-sound.timefret2y":"0.500000",
        "D-sound.timefret3q":"0.250000",
        "D-sound.timefret3y":"0.800000",
        "D-sound.timefret4q":"0.125000",
        "D-sound.timefret4y":"1.000000",
        "D-sound.velocitymax":"127",
        "D-sound.velocitymin":"37",
        "D-sound.xcontroller":"3",
        "D-sound.ycontroller":"2",
        "D-sound.zcontroller":"1",
        "D-visual.alphafinal":"0.001000",
        "D-visual.alphainitial":"1.000000",
        "D-visual.alphatime":"2.289000",
        "D-visual.aspect":"0.500000",
        "D-visual.bounce":"false",
        "D-visual.cursorsprites":"false",
        "D-visual.filled":"false",
        "D-visual.gravity":"0",
        "D-visual.hue1final":"252.000000",
        "D-visual.hue1initial":"180.000000",
        "D-visual.hue1time":"2.003000",
        "D-visual.hue2final":"252.000000",
        "D-visual.hue2initial":"180.000000",
        "D-visual.hue2time":"2.003000",
        "D-visual.inputbackground":"false",
        "D-visual.justification":"center",
        "D-visual.lifetime":"6.000000",
        "D-visual.luminance":"0.500000",
        "D-visual.mirrortype":"none",
        "D-visual.movedir":"up",
        "D-visual.noisevertex":"0.000000",
        "D-visual.noisevertexx":"0.000000",
        "D-visual.noisevertexy":"0.000000",
        "D-visual.nsprites":"1246",
        "D-visual.placement":"cursor",
        "D-visual.rotangdir":"left",
        "D-visual.rotanginit":"0.000000",
        "D-visual.rotangspeed":"0.000000",
        "D-visual.rotauto":"false",
        "D-visual.saturation":"1.000000",
        "D-visual.shape":"circle",
        "D-visual.sizefinal":"0.000000",
        "D-visual.sizeinitial":"4.199000",
        "D-visual.sizetime":"0.242000",
        "D-visual.smoothxyz":"7",
        "D-visual.speed":"0.160000",
        "D-visual.spritesource":"cursor",
        "D-visual.spritestyle":"hue",
        "D-visual.thickness":"6.898000",
        "D-visual.zmin":"0.100000",
        "A-effect.1-blur":"false",
        "A-effect.1-blur:blurxdistance":"0.100000",
        "A-effect.1-blur:blurydistance":"0.080000",
        "A-effect.1-blur:gaussian":"0.170000",
        "A-effect.1-blur:quality":"0.280000",
        "A-effect.1-displace":"false",
        "A-effect.1-displace:threshold":"0.000000",
        "A-effect.1-displace:xfactor":"0.760000",
        "A-effect.1-displace:yfactor":"0.240000",
        "A-effect.1-edgedetection":"true",
        "A-effect.1-edgedetection:mode":"0.920000",
        "A-effect.1-edgedetection:multiplier":"0.240000",
        "A-effect.1-fragment":"false",
        "A-effect.1-fragment:distance":"0.330000",
        "A-effect.1-fragment:fragments":"0.300000",
        "A-effect.1-fragment:fragrotationx":"0.500000",
        "A-effect.1-fragment:fragrotationy":"0.500000",
        "A-effect.1-fragment:fragrotationz":"0.500000",
        "A-effect.1-fragment:fragscale":"1.000000",
        "A-effect.1-fragment:rotation":"0.000000",
        "A-effect.1-goo":"false",
        "A-effect.1-goo:maxdistortionx":"1.000000",
        "A-effect.1-goo:maxdistortiony":"1.000000",
        "A-effect.1-goo:maxdistortionz":"1.000000",
        "A-effect.1-goo:resolution":"16",
        "A-effect.1-goo:shade":"1.000000",
        "A-effect.1-goo:speed":"0.150000",
        "A-effect.1-huerotate":"false",
        "A-effect.1-huerotate:huerotate":"0.000000",
        "A-effect.1-huerotate:huescale":"1.000000",
        "A-effect.1-huerotate:satscale":"0.500000",
        "A-effect.1-kaleidoscope":"false",
        "A-effect.1-kaleidoscope:angles":"0.300000",
        "A-effect.1-kaleidoscope:inputrotation":"0.500000",
        "A-effect.1-kaleidoscope:opacity":"1.000000",
        "A-effect.1-kaleidoscope:rotation":"0.000000",
        "A-effect.1-kaleidoscope:zoom":"0.580000",
        "A-effect.1-mirror":"false",
        "A-effect.1-mirror:flipx":"0",
        "A-effect.1-mirror:flipy":"0",
        "A-effect.1-mirror:in/out":"1.000000",
        "A-effect.1-mirror:x":"0.500000",
        "A-effect.1-mirror:y":"0.500000",
        "A-effect.1-mirrorquad":"false",
        "A-effect.1-mirrorquad:flipx":"0",
        "A-effect.1-mirrorquad:flipy":"0",
        "A-effect.1-posterize":"false",
        "A-effect.1-posterize:posterize":"0.190000",
        "A-effect.1-trails":"false",
        "A-effect.1-trails:feedback":"0.550000",
        "A-effect.1-twisted":"false",
        "A-effect.1-twisted:radius":"0.310000",
        "A-effect.1-twisted:twirl":"0.500000",
        "A-effect.2-blur":"false",
        "A-effect.2-blur:blurxdistance":"0.100000",
        "A-effect.2-blur:blurydistance":"0.080000",
        "A-effect.2-blur:gaussian":"0.170000",
        "A-effect.2-blur:quality":"0.280000",
        "A-effect.2-displace":"false",
        "A-effect.2-displace:threshold":"0.000000",
        "A-effect.2-displace:xfactor":"0.760000",
        "A-effect.2-displace:yfactor":"0.240000",
        "A-effect.2-edgedetection":"false",
        "A-effect.2-edgedetection:mode":"0.920000",
        "A-effect.2-edgedetection:multiplier":"0.240000",
        "A-effect.2-fragment":"false",
        "A-effect.2-fragment:distance":"0.330000",
        "A-effect.2-fragment:fragments":"0.300000",
        "A-effect.2-fragment:fragrotationx":"0.500000",
        "A-effect.2-fragment:fragrotationy":"0.500000",
        "A-effect.2-fragment:fragrotationz":"0.500000",
        "A-effect.2-fragment:fragscale":"1.000000",
        "A-effect.2-fragment:rotation":"0.000000",
        "A-effect.2-goo":"false",
        "A-effect.2-goo:maxdistortionx":"1.000000",
        "A-effect.2-goo:maxdistortiony":"1.000000",
        "A-effect.2-goo:maxdistortionz":"1.000000",
        "A-effect.2-goo:resolution":"16",
        "A-effect.2-goo:shade":"1.000000",
        "A-effect.2-goo:speed":"0.150000",
        "A-effect.2-huerotate":"false",
        "A-effect.2-huerotate:huerotate":"0.000000",
        "A-effect.2-huerotate:huescale":"1.000000",
        "A-effect.2-huerotate:satscale":"0.500000",
        "A-effect.2-kaleidoscope":"false",
        "A-effect.2-kaleidoscope:angles":"0.640000",
        "A-effect.2-kaleidoscope:inputrotation":"0.500000",
        "A-effect.2-kaleidoscope:opacity":"1.000000",
        "A-effect.2-kaleidoscope:rotation":"0.000000",
        "A-effect.2-kaleidoscope:zoom":"1.000000",
        "A-effect.2-mirror":"false",
        "A-effect.2-mirror:flipx":"0",
        "A-effect.2-mirror:flipy":"0",
        "A-effect.2-mirror:in/out":"1.000000",
        "A-effect.2-mirror:x":"0.500000",
        "A-effect.2-mirror:y":"0.500000",
        "A-effect.2-mirrorquad":"false",
        "A-effect.2-mirrorquad:flipx":"0",
        "A-effect.2-mirrorquad:flipy":"0",
        "A-effect.2-posterize":"false",
        "A-effect.2-posterize:posterize":"0.190000",
        "A-effect.2-trails":"false",
        "A-effect.2-trails:feedback":"0.550000",
        "A-effect.2-twisted":"false",
        "A-effect.2-twisted:radius":"0.310000",
        "A-effect.2-twisted:twirl":"0.500000",
        "A-misc.enable:sound":"true",
        "A-misc.enable:visual":"true",
        "A-misc.logic_sound":"true",
        "A-misc.logic_visual":"true",
        "A-misc.loop:length":"100",
        "A-misc.midibehaviour":"default",
        "A-misc.pitchfactor":"1.000000",
        "A-misc.pitchoffset":"0.000000",
        "A-misc.quant":"frets",
        "A-misc.scale":"newage",
        "A-misc.vol":"pressure",
        "A-sound.chromatic":"false",
        "A-sound.controllermax":"127",
        "A-sound.controllermin":"1",
        "A-sound.controllerstyle":"modulationonly",
        "A-sound.controllerzmax":"0.600000",
        "A-sound.controllerzmin":"0.050000",
        "A-sound.deltaytrig":"1.000000",
        "A-sound.deltaztrig":"0.100000",
        "A-sound.inputport":"",
        "A-sound.midifile":"jsbach",
        "A-sound.pitchmax":"79",
        "A-sound.pitchmin":"43",
        "A-sound.synth":"P_04_C_05",
        "A-sound.timefret1q":"1.000000",
        "A-sound.timefret1y":"0.150000",
        "A-sound.timefret2q":"0.500000",
        "A-sound.timefret2y":"0.500000",
        "A-sound.timefret3q":"0.250000",
        "A-sound.timefret3y":"0.800000",
        "A-sound.timefret4q":"0.125000",
        "A-sound.timefret4y":"1.000000",
        "A-sound.velocitymax":"127",
        "A-sound.velocitymin":"46",
        "A-sound.xcontroller":"3",
        "A-sound.ycontroller":"2",
        "A-sound.zcontroller":"1",
        "A-visual.alphafinal":"0.040000",
        "A-visual.alphainitial":"0.970000",
        "A-visual.alphatime":"2.090000",
        "A-visual.aspect":"0.500000",
        "A-visual.bounce":"false",
        "A-visual.cursorsprites":"true",
        "A-visual.filled":"false",
        "A-visual.gravity":"0",
        "A-visual.hue1final":"288.000000",
        "A-visual.hue1initial":"288.359985",
        "A-visual.hue1time":"5.000000",
        "A-visual.hue2final":"288.000000",
        "A-visual.hue2initial":"288.359985",
        "A-visual.hue2time":"5.000000",
        "A-visual.inputbackground":"false",
        "A-visual.justification":"center",
        "A-visual.lifetime":"10.000000",
        "A-visual.luminance":"0.500000",
        "A-visual.mirrortype":"none",
        "A-visual.movedir":"cursor",
        "A-visual.noisevertex":"0.000000",
        "A-visual.noisevertexx":"0.000000",
        "A-visual.noisevertexy":"0.000000",
        "A-visual.nsprites":"50",
        "A-visual.placement":"cursor",
        "A-visual.rotangdir":"right",
        "A-visual.rotanginit":"45.000000",
        "A-visual.rotangspeed":"72.000000",
        "A-visual.rotauto":"true",
        "A-visual.saturation":"1.000000",
        "A-visual.shape":"square",
        "A-visual.sizefinal":"10.000000",
        "A-visual.sizeinitial":"3.498000",
        "A-visual.sizetime":"1.190000",
        "A-visual.smoothxyz":"3",
        "A-visual.speed":"0.700000",
        "A-visual.spritesource":"cursor",
        "A-visual.spritestyle":"hue",
        "A-visual.thickness":"10.000000",
        "A-visual.zmin":"0.004000",
        "B-effect.1-blur":"true",
        "B-effect.1-blur:blurxdistance":"0.200000",
        "B-effect.1-blur:blurydistance":"0.180000",
        "B-effect.1-blur:gaussian":"0.170000",
        "B-effect.1-blur:quality":"0.280000",
        "B-effect.1-displace":"true",
        "B-effect.1-displace:threshold":"0.000000",
        "B-effect.1-displace:xfactor":"0.760000",
        "B-effect.1-displace:yfactor":"0.240000",
        "B-effect.1-edgedetection":"false",
        "B-effect.1-edgedetection:mode":"0.920000",
        "B-effect.1-edgedetection:multiplier":"0.240000",
        "B-effect.1-fragment":"false",
        "B-effect.1-fragment:distance":"0.330000",
        "B-effect.1-fragment:fragments":"0.300000",
        "B-effect.1-fragment:fragrotationx":"0.500000",
        "B-effect.1-fragment:fragrotationy":"0.500000",
        "B-effect.1-fragment:fragrotationz":"0.500000",
        "B-effect.1-fragment:fragscale":"1.000000",
        "B-effect.1-fragment:rotation":"0.000000",
        "B-effect.1-goo":"false",
        "B-effect.1-goo:maxdistortionx":"1.000000",
        "B-effect.1-goo:maxdistortiony":"1.000000",
        "B-effect.1-goo:maxdistortionz":"1.000000",
        "B-effect.1-goo:resolution":"16",
        "B-effect.1-goo:shade":"1.000000",
        "B-effect.1-goo:speed":"0.150000",
        "B-effect.1-huerotate":"false",
        "B-effect.1-huerotate:huerotate":"0.000000",
        "B-effect.1-huerotate:huescale":"1.000000",
        "B-effect.1-huerotate:satscale":"0.500000",
        "B-effect.1-kaleidoscope":"true",
        "B-effect.1-kaleidoscope:angles":"0.300000",
        "B-effect.1-kaleidoscope:inputrotation":"0.500000",
        "B-effect.1-kaleidoscope:opacity":"1.000000",
        "B-effect.1-kaleidoscope:rotation":"0.000000",
        "B-effect.1-kaleidoscope:zoom":"0.580000",
        "B-effect.1-mirror":"false",
        "B-effect.1-mirror:flipx":"0",
        "B-effect.1-mirror:flipy":"0",
        "B-effect.1-mirror:in/out":"1.000000",
        "B-effect.1-mirror:x":"0.500000",
        "B-effect.1-mirror:y":"0.500000",
        "B-effect.1-mirrorquad":"false",
        "B-effect.1-mirrorquad:flipx":"0",
        "B-effect.1-mirrorquad:flipy":"0",
        "B-effect.1-posterize":"false",
        "B-effect.1-posterize:posterize":"0.190000",
        "B-effect.1-trails":"false",
        "B-effect.1-trails:feedback":"0.550000",
        "B-effect.1-twisted":"true",
        "B-effect.1-twisted:radius":"0.610000",
        "B-effect.1-twisted:twirl":"0.800000",
        "B-effect.2-blur":"false",
        "B-effect.2-blur:blurxdistance":"0.200000",
        "B-effect.2-blur:blurydistance":"0.180000",
        "B-effect.2-blur:gaussian":"0.170000",
        "B-effect.2-blur:quality":"0.280000",
        "B-effect.2-displace":"false",
        "B-effect.2-displace:threshold":"0.000000",
        "B-effect.2-displace:xfactor":"0.760000",
        "B-effect.2-displace:yfactor":"0.240000",
        "B-effect.2-edgedetection":"false",
        "B-effect.2-edgedetection:mode":"0.920000",
        "B-effect.2-edgedetection:multiplier":"0.240000",
        "B-effect.2-fragment":"false",
        "B-effect.2-fragment:distance":"0.330000",
        "B-effect.2-fragment:fragments":"0.300000",
        "B-effect.2-fragment:fragrotationx":"0.500000",
        "B-effect.2-fragment:fragrotationy":"0.500000",
        "B-effect.2-fragment:fragrotationz":"0.500000",
        "B-effect.2-fragment:fragscale":"1.000000",
        "B-effect.2-fragment:rotation":"0.000000",
        "B-effect.2-goo":"false",
        "B-effect.2-goo:maxdistortionx":"1.000000",
        "B-effect.2-goo:maxdistortiony":"1.000000",
        "B-effect.2-goo:maxdistortionz":"1.000000",
        "B-effect.2-goo:resolution":"16",
        "B-effect.2-goo:shade":"1.000000",
        "B-effect.2-goo:speed":"0.150000",
        "B-effect.2-huerotate":"false",
        "B-effect.2-huerotate:huerotate":"0.000000",
        "B-effect.2-huerotate:huescale":"1.000000",
        "B-effect.2-huerotate:satscale":"0.500000",
        "B-effect.2-kaleidoscope":"false",
        "B-effect.2-kaleidoscope:angles":"0.640000",
        "B-effect.2-kaleidoscope:inputrotation":"0.500000",
        "B-effect.2-kaleidoscope:opacity":"1.000000",
        "B-effect.2-kaleidoscope:rotation":"0.000000",
        "B-effect.2-kaleidoscope:zoom":"1.000000",
        "B-effect.2-mirror":"false",
        "B-effect.2-mirror:flipx":"0",
        "B-effect.2-mirror:flipy":"0",
        "B-effect.2-mirror:in/out":"1.000000",
        "B-effect.2-mirror:x":"0.500000",
        "B-effect.2-mirror:y":"0.500000",
        "B-effect.2-mirrorquad":"false",
        "B-effect.2-mirrorquad:flipx":"0",
        "B-effect.2-mirrorquad:flipy":"0",
        "B-effect.2-posterize":"false",
        "B-effect.2-posterize:posterize":"0.190000",
        "B-effect.2-trails":"false",
        "B-effect.2-trails:feedback":"0.550000",
        "B-effect.2-twisted":"false",
        "B-effect.2-twisted:radius":"0.610000",
        "B-effect.2-twisted:twirl":"0.800000",
        "B-misc.enable:sound":"true",
        "B-misc.enable:visual":"true",
        "B-misc.logic_sound":"true",
        "B-misc.logic_visual":"true",
        "B-misc.loop:length":"100",
        "B-misc.midibehaviour":"default",
        "B-misc.pitchfactor":"1.000000",
        "B-misc.pitchoffset":"0.000000",
        "B-misc.quant":"frets",
        "B-misc.scale":"newage",
        "B-misc.vol":"pressure",
        "B-sound.chromatic":"false",
        "B-sound.controllermax":"127",
        "B-sound.controllermin":"1",
        "B-sound.controllerstyle":"modulationonly",
        "B-sound.controllerzmax":"0.600000",
        "B-sound.controllerzmin":"0.050000",
        "B-sound.deltaytrig":"0.022000",
        "B-sound.deltaztrig":"1.000000",
        "B-sound.inputport":"",
        "B-sound.midifile":"jsbach",
        "B-sound.pitchmax":"78",
        "B-sound.pitchmin":"36",
        "B-sound.synth":"P_04_C_08",
        "B-sound.timefret1q":"1.000000",
        "B-sound.timefret1y":"0.150000",
        "B-sound.timefret2q":"0.500000",
        "B-sound.timefret2y":"0.500000",
        "B-sound.timefret3q":"0.250000",
        "B-sound.timefret3y":"0.800000",
        "B-sound.timefret4q":"0.125000",
        "B-sound.timefret4y":"1.000000",
        "B-sound.velocitymax":"127",
        "B-sound.velocitymin":"39",
        "B-sound.xcontroller":"3",
        "B-sound.ycontroller":"2",
        "B-sound.zcontroller":"1",
        "B-visual.alphafinal":"0.000000",
        "B-visual.alphainitial":"0.710000",
        "B-visual.alphatime":"6.882000",
        "B-visual.aspect":"0.500000",
        "B-visual.bounce":"false",
        "B-visual.cursorsprites":"true",
        "B-visual.filled":"false",
        "B-visual.gravity":"0",
        "B-visual.hue1final":"288.000000",
        "B-visual.hue1initial":"144.000000",
        "B-visual.hue1time":"3.002000",
        "B-visual.hue2final":"288.000000",
        "B-visual.hue2initial":"144.000000",
        "B-visual.hue2time":"3.002000",
        "B-visual.inputbackground":"false",
        "B-visual.justification":"center",
        "B-visual.lifetime":"10.000000",
        "B-visual.luminance":"0.500000",
        "B-visual.mirrortype":"none",
        "B-visual.movedir":"cursor",
        "B-visual.noisevertex":"0.000000",
        "B-visual.noisevertexx":"0.000000",
        "B-visual.noisevertexy":"0.000000",
        "B-visual.nsprites":"49",
        "B-visual.placement":"cursor",
        "B-visual.rotangdir":"left",
        "B-visual.rotanginit":"45.000000",
        "B-visual.rotangspeed":"14.400000",
        "B-visual.rotauto":"true",
        "B-visual.saturation":"1.000000",
        "B-visual.shape":"circle",
        "B-visual.sizefinal":"10.000000",
        "B-visual.sizeinitial":"4.001000",
        "B-visual.sizetime":"3.052000",
        "B-visual.smoothxyz":"3",
        "B-visual.speed":"0.060000",
        "B-visual.spritesource":"cursor",
        "B-visual.spritestyle":"hue",
        "B-visual.thickness":"10.000000",
        "B-visual.zmin":"0.004000",
        "C-effect.1-blur":"true",
        "C-effect.1-blur:blurxdistance":"0.100000",
        "C-effect.1-blur:blurydistance":"0.080000",
        "C-effect.1-blur:gaussian":"0.170000",
        "C-effect.1-blur:quality":"0.280000",
        "C-effect.1-displace":"false",
        "C-effect.1-displace:threshold":"0.000000",
        "C-effect.1-displace:xfactor":"0.760000",
        "C-effect.1-displace:yfactor":"0.240000",
        "C-effect.1-edgedetection":"false",
        "C-effect.1-edgedetection:mode":"0.920000",
        "C-effect.1-edgedetection:multiplier":"0.240000",
        "C-effect.1-fragment":"true",
        "C-effect.1-fragment:distance":"0.330000",
        "C-effect.1-fragment:fragments":"0.300000",
        "C-effect.1-fragment:fragrotationx":"0.500000",
        "C-effect.1-fragment:fragrotationy":"0.500000",
        "C-effect.1-fragment:fragrotationz":"0.500000",
        "C-effect.1-fragment:fragscale":"1.000000",
        "C-effect.1-fragment:rotation":"0.000000",
        "C-effect.1-goo":"false",
        "C-effect.1-goo:maxdistortionx":"1.000000",
        "C-effect.1-goo:maxdistortiony":"1.000000",
        "C-effect.1-goo:maxdistortionz":"1.000000",
        "C-effect.1-goo:resolution":"16",
        "C-effect.1-goo:shade":"1.000000",
        "C-effect.1-goo:speed":"0.150000",
        "C-effect.1-huerotate":"false",
        "C-effect.1-huerotate:huerotate":"0.000000",
        "C-effect.1-huerotate:huescale":"1.000000",
        "C-effect.1-huerotate:satscale":"0.500000",
        "C-effect.1-kaleidoscope":"false",
        "C-effect.1-kaleidoscope:angles":"0.300000",
        "C-effect.1-kaleidoscope:inputrotation":"0.500000",
        "C-effect.1-kaleidoscope:opacity":"1.000000",
        "C-effect.1-kaleidoscope:rotation":"0.000000",
        "C-effect.1-kaleidoscope:zoom":"0.580000",
        "C-effect.1-mirror":"false",
        "C-effect.1-mirror:flipx":"0",
        "C-effect.1-mirror:flipy":"0",
        "C-effect.1-mirror:in/out":"1.000000",
        "C-effect.1-mirror:x":"0.500000",
        "C-effect.1-mirror:y":"0.500000",
        "C-effect.1-mirrorquad":"false",
        "C-effect.1-mirrorquad:flipx":"0",
        "C-effect.1-mirrorquad:flipy":"0",
        "C-effect.1-posterize":"true",
        "C-effect.1-posterize:posterize":"0.190000",
        "C-effect.1-trails":"false",
        "C-effect.1-trails:feedback":"0.550000",
        "C-effect.1-twisted":"false",
        "C-effect.1-twisted:radius":"0.310000",
        "C-effect.1-twisted:twirl":"0.500000",
        "C-effect.2-blur":"false",
        "C-effect.2-blur:blurxdistance":"0.100000",
        "C-effect.2-blur:blurydistance":"0.080000",
        "C-effect.2-blur:gaussian":"0.170000",
        "C-effect.2-blur:quality":"0.280000",
        "C-effect.2-displace":"false",
        "C-effect.2-displace:threshold":"0.000000",
        "C-effect.2-displace:xfactor":"0.760000",
        "C-effect.2-displace:yfactor":"0.240000",
        "C-effect.2-edgedetection":"false",
        "C-effect.2-edgedetection:mode":"0.920000",
        "C-effect.2-edgedetection:multiplier":"0.240000",
        "C-effect.2-fragment":"false",
        "C-effect.2-fragment:distance":"0.330000",
        "C-effect.2-fragment:fragments":"0.300000",
        "C-effect.2-fragment:fragrotationx":"0.500000",
        "C-effect.2-fragment:fragrotationy":"0.500000",
        "C-effect.2-fragment:fragrotationz":"0.500000",
        "C-effect.2-fragment:fragscale":"1.000000",
        "C-effect.2-fragment:rotation":"0.000000",
        "C-effect.2-goo":"false",
        "C-effect.2-goo:maxdistortionx":"1.000000",
        "C-effect.2-goo:maxdistortiony":"1.000000",
        "C-effect.2-goo:maxdistortionz":"1.000000",
        "C-effect.2-goo:resolution":"16",
        "C-effect.2-goo:shade":"1.000000",
        "C-effect.2-goo:speed":"0.150000",
        "C-effect.2-huerotate":"false",
        "C-effect.2-huerotate:huerotate":"0.000000",
        "C-effect.2-huerotate:huescale":"1.000000",
        "C-effect.2-huerotate:satscale":"0.500000",
        "C-effect.2-kaleidoscope":"false",
        "C-effect.2-kaleidoscope:angles":"0.640000",
        "C-effect.2-kaleidoscope:inputrotation":"0.500000",
        "C-effect.2-kaleidoscope:opacity":"1.000000",
        "C-effect.2-kaleidoscope:rotation":"0.000000",
        "C-effect.2-kaleidoscope:zoom":"1.000000",
        "C-effect.2-mirror":"false",
        "C-effect.2-mirror:flipx":"0",
        "C-effect.2-mirror:flipy":"0",
        "C-effect.2-mirror:in/out":"1.000000",
        "C-effect.2-mirror:x":"0.500000",
        "C-effect.2-mirror:y":"0.500000",
        "C-effect.2-mirrorquad":"false",
        "C-effect.2-mirrorquad:flipx":"0",
        "C-effect.2-mirrorquad:flipy":"0",
        "C-effect.2-posterize":"false",
        "C-effect.2-posterize:posterize":"0.190000",
        "C-effect.2-trails":"false",
        "C-effect.2-trails:feedback":"0.550000",
        "C-effect.2-twisted":"false",
        "C-effect.2-twisted:radius":"0.310000",
        "C-effect.2-twisted:twirl":"0.500000",
        "C-misc.enable:sound":"true",
        "C-misc.enable:visual":"true",
        "C-misc.logic_sound":"true",
        "C-misc.logic_visual":"true",
        "C-misc.loop:length":"100",
        "C-misc.midibehaviour":"default",
        "C-misc.pitchfactor":"1.000000",
        "C-misc.pitchoffset":"0.000000",
        "C-misc.quant":"frets",
        "C-misc.scale":"newage",
        "C-misc.vol":"pressure",
        "C-sound.chromatic":"false",
        "C-sound.controllermax":"127",
        "C-sound.controllermin":"1",
        "C-sound.controllerstyle":"modulationonly",
        "C-sound.controllerzmax":"0.600000",
        "C-sound.controllerzmin":"0.050000",
        "C-sound.deltaytrig":"1.000000",
        "C-sound.deltaztrig":"0.100000",
        "C-sound.inputport":"",
        "C-sound.midifile":"jsbach",
        "C-sound.pitchmax":"95",
        "C-sound.pitchmin":"41",
        "C-sound.synth":"P_04_C_02",
        "C-sound.timefret1q":"1.000000",
        "C-sound.timefret1y":"0.150000",
        "C-sound.timefret2q":"0.500000",
        "C-sound.timefret2y":"0.500000",
        "C-sound.timefret3q":"0.250000",
        "C-sound.timefret3y":"0.800000",
        "C-sound.timefret4q":"0.125000",
        "C-sound.timefret4y":"1.000000",
        "C-sound.velocitymax":"127",
        "C-sound.velocitymin":"34",
        "C-sound.xcontroller":"3",
        "C-sound.ycontroller":"2",
        "C-sound.zcontroller":"1",
        "C-visual.alphafinal":"0.000000",
        "C-visual.alphainitial":"0.500000",
        "C-visual.alphatime":"1.493000",
        "C-visual.aspect":"0.500000",
        "C-visual.bounce":"false",
        "C-visual.cursorsprites":"true",
        "C-visual.filled":"true",
        "C-visual.gravity":"0",
        "C-visual.hue1final":"180.000000",
        "C-visual.hue1initial":"180.000000",
        "C-visual.hue1time":"5.000000",
        "C-visual.hue2final":"180.000000",
        "C-visual.hue2initial":"180.000000",
        "C-visual.hue2time":"5.000000",
        "C-visual.inputbackground":"false",
        "C-visual.justification":"center",
        "C-visual.lifetime":"10.000000",
        "C-visual.luminance":"0.600000",
        "C-visual.mirrortype":"none",
        "C-visual.movedir":"cursor",
        "C-visual.noisevertex":"0.000000",
        "C-visual.noisevertexx":"0.000000",
        "C-visual.noisevertexy":"0.000000",
        "C-visual.nsprites":"183",
        "C-visual.placement":"cursor",
        "C-visual.rotangdir":"left",
        "C-visual.rotanginit":"0.000000",
        "C-visual.rotangspeed":"0.000000",
        "C-visual.rotauto":"false",
        "C-visual.saturation":"0.000000",
        "C-visual.shape":"square",
        "C-visual.sizefinal":"8.000000",
        "C-visual.sizeinitial":"6.397000",
        "C-visual.sizetime":"1.209000",
        "C-visual.smoothxyz":"4",
        "C-visual.speed":"0.210000",
        "C-visual.spritesource":"cursor",
        "C-visual.spritestyle":"hue",
        "C-visual.thickness":"4.900000",
        "C-visual.zmin":"0.004000"
    }
}