{
    "params":{
        "A-effect.1-blur":"true",
        "A-effect.1-blur:blurxdistance":"0.440",
        "A-effect.1-blur:blurydistance":"0.483",
        "A-effect.1-blur:gaussian":"0.077",
        "A-effect.1-blur:quality":"1.000",
        "A-effect.1-displace":"false",
        "A-effect.1-displace:threshold":"0.000",
        "A-effect.1-displace:xfactor":"0.000",
        "A-effect.1-displace:yfactor":"0.000",
        "A-effect.1-edgedetection":"false",
        "A-effect.1-edgedetection:mode":"0.400",
        "A-effect.1-edgedetection:multiplier":"1.000",
        "A-effect.1-fragment":"true",
        "A-effect.1-fragment:distance":"0.000",
        "A-effect.1-fragment:fragments":"0.210",
        "A-effect.1-fragment:fragrotationx":"0.500",
        "A-effect.1-fragment:fragrotationy":"0.500",
        "A-effect.1-fragment:fragrotationz":"0.500",
        "A-effect.1-fragment:fragscale":"1.000",
        "A-effect.1-fragment:rotation":"0.000",
        "A-effect.1-huerotate":"false",
        "A-effect.1-huerotate:huerotate":"0.000",
        "A-effect.1-huerotate:huescale":"1.000",
        "A-effect.1-huerotate:satscale":"0.500",
        "A-effect.1-kaleidoscope":"false",
        "A-effect.1-kaleidoscope:angles":"0.300",
        "A-effect.1-kaleidoscope:inputrotation":"0.500",
        "A-effect.1-kaleidoscope:opacity":"1.000",
        "A-effect.1-kaleidoscope:rotation":"0.000",
        "A-effect.1-kaleidoscope:zoom":"0.580",
        "A-effect.1-mirror":"false",
        "A-effect.1-mirror:flipx":"0",
        "A-effect.1-mirror:flipy":"0",
        "A-effect.1-mirror:in/out":"1.000",
        "A-effect.1-mirror:x":"0.500",
        "A-effect.1-mirror:y":"0.500",
        "A-effect.1-mirrorquad":"false",
        "A-effect.1-mirrorquad:flipx":"0",
        "A-effect.1-mirrorquad:flipy":"0",
        "A-effect.1-posterize":"false",
        "A-effect.1-posterize:posterize":"0.190",
        "A-effect.1-trails":"true",
        "A-effect.1-trails:feedback":"0.000",
        "A-effect.1-twisted":"false",
        "A-effect.1-twisted:radius":"0.310",
        "A-effect.1-twisted:twirl":"0.500",
        "A-effect.2-blur":"false",
        "A-effect.2-blur:blurxdistance":"0.740",
        "A-effect.2-blur:blurydistance":"0.783",
        "A-effect.2-blur:gaussian":"0.077",
        "A-effect.2-blur:quality":"1.000",
        "A-effect.2-displace":"true",
        "A-effect.2-displace:threshold":"0.000",
        "A-effect.2-displace:xfactor":"0.000",
        "A-effect.2-displace:yfactor":"0.000",
        "A-effect.2-edgedetection":"false",
        "A-effect.2-edgedetection:mode":"0.920",
        "A-effect.2-edgedetection:multiplier":"0.540",
        "A-effect.2-fragment":"false",
        "A-effect.2-fragment:distance":"0.330",
        "A-effect.2-fragment:fragments":"0.300",
        "A-effect.2-fragment:fragrotationx":"0.500",
        "A-effect.2-fragment:fragrotationy":"0.500",
        "A-effect.2-fragment:fragrotationz":"0.500",
        "A-effect.2-fragment:fragscale":"1.000",
        "A-effect.2-fragment:rotation":"0.000",
        "A-effect.2-huerotate":"false",
        "A-effect.2-huerotate:huerotate":"0.000",
        "A-effect.2-huerotate:huescale":"1.000",
        "A-effect.2-huerotate:satscale":"0.500",
        "A-effect.2-kaleidoscope":"false",
        "A-effect.2-kaleidoscope:angles":"0.300",
        "A-effect.2-kaleidoscope:inputrotation":"0.500",
        "A-effect.2-kaleidoscope:opacity":"1.000",
        "A-effect.2-kaleidoscope:rotation":"0.000",
        "A-effect.2-kaleidoscope:zoom":"0.580",
        "A-effect.2-mirror":"false",
        "A-effect.2-mirror:flipx":"0",
        "A-effect.2-mirror:flipy":"0",
        "A-effect.2-mirror:in/out":"1.000",
        "A-effect.2-mirror:x":"0.500",
        "A-effect.2-mirror:y":"0.500",
        "A-effect.2-mirrorquad":"false",
        "A-effect.2-mirrorquad:flipx":"0",
        "A-effect.2-mirrorquad:flipy":"0",
        "A-effect.2-posterize":"false",
        "A-effect.2-posterize:posterize":"0.190",
        "A-effect.2-trails":"false",
        "A-effect.2-trails:feedback":"0.000",
        "A-effect.2-twisted":"false",
        "A-effect.2-twisted:radius":"0.310",
        "A-effect.2-twisted:twirl":"0.500",
        "A-visual.alphafinal":"0.000",
        "A-visual.alphainitial":"0.860",
        "A-visual.alphatime":"2.886",
        "A-visual.aspect":"0.500",
        "A-visual.bounce":"false",
        "A-sound.controllerchan":"1",
        "A-sound.controllerstyle":"modulationonly",
        "A-sound.controllerzmax":"0.300",
        "A-sound.controllerzmin":"0.050",
        "A-misc.enable:sound":"true",
        "A-misc.enable:visual":"true",
        "A-visual.filled":"true",
        "A-visual.gravity":"0",
        "A-visual.hue1final":"180.000",
        "A-visual.hue1initial":"216.000",
        "A-visual.hue1time":"5.000",
        "A-visual.hue2final":"180.000",
        "A-visual.hue2initial":"180.000",
        "A-visual.hue2time":"5.000",
        "A-sound.inputport":"",
        "A-visual.justification":"center",
        "A-visual.lifetime":"10.000",
        "A-misc.logic_sound":"true",
        "A-misc.logic_visual":"true",
        "A-misc.loop:length":"100",
        "A-visual.luminance":"0.500",
        "A-misc.midibehaviour":"default",
        "A-sound.midifile":"jsbach",
        "A-visual.mirrortype":"none",
        "A-visual.movedir":"random",
        "A-visual.noisevertexx":"0.000",
        "A-visual.noisevertexy":"0.000",
        "A-visual.nsprites":"1000",
        "A-misc.pitchfactor":"1.000",
        "A-sound.pitchmax":"80",
        "A-sound.pitchmin":"33",
        "A-misc.pitchoffset":"0.000",
        "A-visual.placement":"cursor",
        "A-misc.quant":"frets",
        "A-visual.rotangdir":"right",
        "A-visual.rotanginit":"0.000",
        "A-visual.rotangspeed":"72.000",
        "A-visual.rotauto":"false",
        "A-visual.saturation":"1.000",
        "A-misc.scale":"newage",
        "A-visual.shape":"circle",
        "A-visual.sizefinal":"0.000",
        "A-visual.sizeinitial":"3.007",
        "A-visual.sizetime":"3.781",
        "A-visual.smoothxyz":"6",
        "A-visual.speed":"0.260",
        "A-visual.spritesource":"cursor",
        "A-sound.synth":"P_03_C_07",
        "A-visual.thickness":"1.009",
        "A-sound.timefret1q":"1.000",
        "A-sound.timefret1y":"0.150",
        "A-sound.timefret2q":"0.500",
        "A-sound.timefret2y":"0.500",
        "A-sound.timefret3q":"0.250",
        "A-sound.timefret3y":"0.800",
        "A-sound.timefret4q":"0.125",
        "A-sound.timefret4y":"1.000",
        "A-sound.velocitymax":"127",
        "A-sound.velocitymin":"1",
        "A-misc.vol":"pressure",
        "A-sound.xcontroller":"3",
        "A-sound.ycontroller":"2",
        "A-sound.zcontroller":"1",
        "A-visual.zmin":"0.100",
        "B-effect.1-blur":"true",
        "B-effect.1-blur:blurxdistance":"0.187",
        "B-effect.1-blur:blurydistance":"0.030",
        "B-effect.1-blur:gaussian":"0.714",
        "B-effect.1-blur:quality":"0.627",
        "B-effect.1-displace":"false",
        "B-effect.1-displace:threshold":"0.049",
        "B-effect.1-displace:xfactor":"0.187",
        "B-effect.1-displace:yfactor":"0.689",
        "B-effect.1-edgedetection":"false",
        "B-effect.1-edgedetection:mode":"0.601",
        "B-effect.1-edgedetection:multiplier":"1.000",
        "B-effect.1-fragment":"false",
        "B-effect.1-fragment:distance":"0.727",
        "B-effect.1-fragment:fragments":"0.248",
        "B-effect.1-fragment:fragrotationx":"0.537",
        "B-effect.1-fragment:fragrotationy":"0.700",
        "B-effect.1-fragment:fragrotationz":"0.359",
        "B-effect.1-fragment:fragscale":"1.000",
        "B-effect.1-fragment:rotation":"0.618",
        "B-effect.1-huerotate":"false",
        "B-effect.1-huerotate:huerotate":"0.967",
        "B-effect.1-huerotate:huescale":"0.243",
        "B-effect.1-huerotate:satscale":"0.792",
        "B-effect.1-kaleidoscope":"false",
        "B-effect.1-kaleidoscope:angles":"0.979",
        "B-effect.1-kaleidoscope:inputrotation":"0.280",
        "B-effect.1-kaleidoscope:opacity":"1.000",
        "B-effect.1-kaleidoscope:rotation":"0.209",
        "B-effect.1-kaleidoscope:zoom":"0.897",
        "B-effect.1-mirror":"false",
        "B-effect.1-mirror:flipx":"1",
        "B-effect.1-mirror:flipy":"0",
        "B-effect.1-mirror:in/out":"0.054",
        "B-effect.1-mirror:x":"0.500",
        "B-effect.1-mirror:y":"0.500",
        "B-effect.1-mirrorquad":"false",
        "B-effect.1-mirrorquad:flipx":"0",
        "B-effect.1-mirrorquad:flipy":"0",
        "B-effect.1-posterize":"true",
        "B-effect.1-posterize:posterize":"0.056",
        "B-effect.1-trails":"false",
        "B-effect.1-trails:feedback":"0.550",
        "B-effect.1-twisted":"false",
        "B-effect.1-twisted:radius":"0.821",
        "B-effect.1-twisted:twirl":"0.538",
        "B-effect.2-blur":"false",
        "B-effect.2-blur:blurxdistance":"0.201",
        "B-effect.2-blur:blurydistance":"0.062",
        "B-effect.2-blur:gaussian":"0.596",
        "B-effect.2-blur:quality":"0.094",
        "B-effect.2-displace":"false",
        "B-effect.2-displace:threshold":"0.083",
        "B-effect.2-displace:xfactor":"0.000",
        "B-effect.2-displace:yfactor":"0.245",
        "B-effect.2-edgedetection":"true",
        "B-effect.2-edgedetection:mode":"0.676",
        "B-effect.2-edgedetection:multiplier":"0.716",
        "B-effect.2-fragment":"false",
        "B-effect.2-fragment:distance":"0.665",
        "B-effect.2-fragment:fragments":"0.506",
        "B-effect.2-fragment:fragrotationx":"0.669",
        "B-effect.2-fragment:fragrotationy":"0.922",
        "B-effect.2-fragment:fragrotationz":"0.544",
        "B-effect.2-fragment:fragscale":"1.000",
        "B-effect.2-fragment:rotation":"0.372",
        "B-effect.2-huerotate":"false",
        "B-effect.2-huerotate:huerotate":"0.024",
        "B-effect.2-huerotate:huescale":"0.406",
        "B-effect.2-huerotate:satscale":"0.750",
        "B-effect.2-kaleidoscope":"false",
        "B-effect.2-kaleidoscope:angles":"0.224",
        "B-effect.2-kaleidoscope:inputrotation":"0.887",
        "B-effect.2-kaleidoscope:opacity":"1.000",
        "B-effect.2-kaleidoscope:rotation":"0.056",
        "B-effect.2-kaleidoscope:zoom":"0.889",
        "B-effect.2-mirror":"false",
        "B-effect.2-mirror:flipx":"0",
        "B-effect.2-mirror:flipy":"1",
        "B-effect.2-mirror:in/out":"0.053",
        "B-effect.2-mirror:x":"0.500",
        "B-effect.2-mirror:y":"0.500",
        "B-effect.2-mirrorquad":"false",
        "B-effect.2-mirrorquad:flipx":"0",
        "B-effect.2-mirrorquad:flipy":"0",
        "B-effect.2-posterize":"false",
        "B-effect.2-posterize:posterize":"0.210",
        "B-effect.2-trails":"false",
        "B-effect.2-trails:feedback":"0.550",
        "B-effect.2-twisted":"false",
        "B-effect.2-twisted:radius":"0.386",
        "B-effect.2-twisted:twirl":"0.414",
        "B-visual.alphafinal":"0.000",
        "B-visual.alphainitial":"1.000",
        "B-visual.alphatime":"6.918",
        "B-visual.aspect":"0.498",
        "B-visual.bounce":"true",
        "B-sound.controllerchan":"1",
        "B-sound.controllerstyle":"modulationonly",
        "B-sound.controllerzmax":"0.300",
        "B-sound.controllerzmin":"0.050",
        "B-misc.enable:sound":"true",
        "B-misc.enable:visual":"true",
        "B-visual.filled":"true",
        "B-visual.gravity":"0",
        "B-visual.hue1final":"290.983",
        "B-visual.hue1initial":"189.033",
        "B-visual.hue1time":"1.764",
        "B-visual.hue2final":"250.266",
        "B-visual.hue2initial":"177.045",
        "B-visual.hue2time":"1.725",
        "B-sound.inputport":"",
        "B-visual.justification":"center",
        "B-visual.lifetime":"2.772",
        "B-misc.logic_sound":"true",
        "B-misc.logic_visual":"true",
        "B-misc.loop:length":"100",
        "B-visual.luminance":"0.500",
        "B-misc.midibehaviour":"default",
        "B-sound.midifile":"jsbach",
        "B-visual.mirrortype":"none",
        "B-visual.movedir":"leftright",
        "B-visual.noisevertexx":"0.000",
        "B-visual.noisevertexy":"0.000",
        "B-visual.nsprites":"952",
        "B-misc.pitchfactor":"1.000",
        "B-sound.pitchmax":"80",
        "B-sound.pitchmin":"33",
        "B-misc.pitchoffset":"0.000",
        "B-visual.placement":"cursor",
        "B-misc.quant":"frets",
        "B-visual.rotangdir":"random",
        "B-visual.rotanginit":"0.000",
        "B-visual.rotangspeed":"0.000",
        "B-visual.rotauto":"false",
        "B-visual.saturation":"0.934",
        "B-misc.scale":"newage",
        "B-visual.shape":"square",
        "B-visual.sizefinal":"1.414",
        "B-visual.sizeinitial":"0.629",
        "B-visual.sizetime":"2.579",
        "B-visual.smoothxyz":"7",
        "B-visual.speed":"0.155",
        "B-visual.spritesource":"cursor",
        "B-sound.synth":"P_03_C_07",
        "B-visual.thickness":"9.362",
        "B-sound.timefret1q":"1.000",
        "B-sound.timefret1y":"0.150",
        "B-sound.timefret2q":"0.500",
        "B-sound.timefret2y":"0.500",
        "B-sound.timefret3q":"0.250",
        "B-sound.timefret3y":"0.800",
        "B-sound.timefret4q":"0.125",
        "B-sound.timefret4y":"1.000",
        "B-sound.velocitymax":"127",
        "B-sound.velocitymin":"1",
        "B-misc.vol":"pressure",
        "B-sound.xcontroller":"3",
        "B-sound.ycontroller":"2",
        "B-sound.zcontroller":"1",
        "B-visual.zmin":"0.004",
        "C-effect.1-blur":"true",
        "C-effect.1-blur:blurxdistance":"0.400",
        "C-effect.1-blur:blurydistance":"0.380",
        "C-effect.1-blur:gaussian":"0.170",
        "C-effect.1-blur:quality":"0.480",
        "C-effect.1-displace":"false",
        "C-effect.1-displace:threshold":"0.115",
        "C-effect.1-displace:xfactor":"0.760",
        "C-effect.1-displace:yfactor":"0.240",
        "C-effect.1-edgedetection":"false",
        "C-effect.1-edgedetection:mode":"0.920",
        "C-effect.1-edgedetection:multiplier":"0.240",
        "C-effect.1-fragment":"false",
        "C-effect.1-fragment:distance":"0.179",
        "C-effect.1-fragment:fragments":"0.823",
        "C-effect.1-fragment:fragrotationx":"0.979",
        "C-effect.1-fragment:fragrotationy":"0.897",
        "C-effect.1-fragment:fragrotationz":"0.691",
        "C-effect.1-fragment:fragscale":"1.000",
        "C-effect.1-fragment:rotation":"0.155",
        "C-effect.1-huerotate":"false",
        "C-effect.1-huerotate:huerotate":"0.713",
        "C-effect.1-huerotate:huescale":"0.017",
        "C-effect.1-huerotate:satscale":"0.791",
        "C-effect.1-kaleidoscope":"false",
        "C-effect.1-kaleidoscope:angles":"0.300",
        "C-effect.1-kaleidoscope:inputrotation":"0.500",
        "C-effect.1-kaleidoscope:opacity":"1.000",
        "C-effect.1-kaleidoscope:rotation":"0.000",
        "C-effect.1-kaleidoscope:zoom":"0.580",
        "C-effect.1-mirror":"false",
        "C-effect.1-mirror:flipx":"0",
        "C-effect.1-mirror:flipy":"0",
        "C-effect.1-mirror:in/out":"0.360",
        "C-effect.1-mirror:x":"0.500",
        "C-effect.1-mirror:y":"0.500",
        "C-effect.1-mirrorquad":"false",
        "C-effect.1-mirrorquad:flipx":"1",
        "C-effect.1-mirrorquad:flipy":"0",
        "C-effect.1-posterize":"true",
        "C-effect.1-posterize:posterize":"0.060",
        "C-effect.1-trails":"true",
        "C-effect.1-trails:feedback":"0.550",
        "C-effect.1-twisted":"false",
        "C-effect.1-twisted:radius":"0.310",
        "C-effect.1-twisted:twirl":"0.500",
        "C-effect.2-blur":"false",
        "C-effect.2-blur:blurxdistance":"0.400",
        "C-effect.2-blur:blurydistance":"0.380",
        "C-effect.2-blur:gaussian":"0.170",
        "C-effect.2-blur:quality":"0.480",
        "C-effect.2-displace":"false",
        "C-effect.2-displace:threshold":"0.008",
        "C-effect.2-displace:xfactor":"0.760",
        "C-effect.2-displace:yfactor":"0.240",
        "C-effect.2-edgedetection":"false",
        "C-effect.2-edgedetection:mode":"0.920",
        "C-effect.2-edgedetection:multiplier":"0.240",
        "C-effect.2-fragment":"false",
        "C-effect.2-fragment:distance":"0.697",
        "C-effect.2-fragment:fragments":"0.200",
        "C-effect.2-fragment:fragrotationx":"0.660",
        "C-effect.2-fragment:fragrotationy":"0.378",
        "C-effect.2-fragment:fragrotationz":"0.942",
        "C-effect.2-fragment:fragscale":"1.000",
        "C-effect.2-fragment:rotation":"0.408",
        "C-effect.2-huerotate":"false",
        "C-effect.2-huerotate:huerotate":"0.390",
        "C-effect.2-huerotate:huescale":"0.631",
        "C-effect.2-huerotate:satscale":"0.291",
        "C-effect.2-kaleidoscope":"false",
        "C-effect.2-kaleidoscope:angles":"0.640",
        "C-effect.2-kaleidoscope:inputrotation":"0.500",
        "C-effect.2-kaleidoscope:opacity":"1.000",
        "C-effect.2-kaleidoscope:rotation":"0.000",
        "C-effect.2-kaleidoscope:zoom":"1.000",
        "C-effect.2-mirror":"false",
        "C-effect.2-mirror:flipx":"1",
        "C-effect.2-mirror:flipy":"0",
        "C-effect.2-mirror:in/out":"0.720",
        "C-effect.2-mirror:x":"0.500",
        "C-effect.2-mirror:y":"0.500",
        "C-effect.2-mirrorquad":"false",
        "C-effect.2-mirrorquad:flipx":"0",
        "C-effect.2-mirrorquad:flipy":"1",
        "C-effect.2-posterize":"false",
        "C-effect.2-posterize:posterize":"0.190",
        "C-effect.2-trails":"false",
        "C-effect.2-trails:feedback":"0.550",
        "C-effect.2-twisted":"false",
        "C-effect.2-twisted:radius":"0.310",
        "C-effect.2-twisted:twirl":"0.500",
        "C-visual.alphafinal":"0.000",
        "C-visual.alphainitial":"1.000",
        "C-visual.alphatime":"6.526",
        "C-visual.aspect":"0.200",
        "C-visual.bounce":"false",
        "C-sound.controllerchan":"1",
        "C-sound.controllerstyle":"modulationonly",
        "C-sound.controllerzmax":"0.300",
        "C-sound.controllerzmin":"0.050",
        "C-misc.enable:sound":"true",
        "C-misc.enable:visual":"true",
        "C-visual.filled":"true",
        "C-visual.gravity":"0",
        "C-visual.hue1final":"320.220",
        "C-visual.hue1initial":"212.422",
        "C-visual.hue1time":"3.570",
        "C-visual.hue2final":"147.525",
        "C-visual.hue2initial":"97.969",
        "C-visual.hue2time":"5.641",
        "C-sound.inputport":"",
        "C-visual.justification":"center",
        "C-visual.lifetime":"6.264",
        "C-misc.logic_sound":"true",
        "C-misc.logic_visual":"true",
        "C-misc.loop:length":"100",
        "C-visual.luminance":"0.500",
        "C-misc.midibehaviour":"default",
        "C-sound.midifile":"jsbach",
        "C-visual.mirrortype":"none",
        "C-visual.movedir":"leftright",
        "C-visual.noisevertexx":"0.000",
        "C-visual.noisevertexy":"0.000",
        "C-visual.nsprites":"9104",
        "C-misc.pitchfactor":"1.000",
        "C-sound.pitchmax":"80",
        "C-sound.pitchmin":"33",
        "C-misc.pitchoffset":"0.000",
        "C-visual.placement":"cursor",
        "C-misc.quant":"frets",
        "C-visual.rotangdir":"left",
        "C-visual.rotanginit":"126.840",
        "C-visual.rotangspeed":"24.000",
        "C-visual.rotauto":"false",
        "C-visual.saturation":"0.500",
        "C-misc.scale":"newage",
        "C-visual.shape":"circle",
        "C-visual.sizefinal":"5.446",
        "C-visual.sizeinitial":"3.682",
        "C-visual.sizetime":"1.317",
        "C-visual.smoothxyz":"5",
        "C-visual.speed":"0.119",
        "C-visual.spritesource":"cursor",
        "C-sound.synth":"P_06_C_01",
        "C-visual.thickness":"2.008",
        "C-sound.timefret1q":"1.000",
        "C-sound.timefret1y":"0.150",
        "C-sound.timefret2q":"0.500",
        "C-sound.timefret2y":"0.500",
        "C-sound.timefret3q":"0.250",
        "C-sound.timefret3y":"0.800",
        "C-sound.timefret4q":"0.125",
        "C-sound.timefret4y":"1.000",
        "C-sound.velocitymax":"127",
        "C-sound.velocitymin":"48",
        "C-misc.vol":"pressure",
        "C-sound.xcontroller":"3",
        "C-sound.ycontroller":"2",
        "C-sound.zcontroller":"1",
        "C-visual.zmin":"0.004",
        "D-effect.1-blur":"false",
        "D-effect.1-blur:blurxdistance":"0.440",
        "D-effect.1-blur:blurydistance":"0.675",
        "D-effect.1-blur:gaussian":"0.057",
        "D-effect.1-blur:quality":"0.283",
        "D-effect.1-displace":"false",
        "D-effect.1-displace:threshold":"0.160",
        "D-effect.1-displace:xfactor":"0.843",
        "D-effect.1-displace:yfactor":"0.945",
        "D-effect.1-edgedetection":"false",
        "D-effect.1-edgedetection:mode":"0.220",
        "D-effect.1-edgedetection:multiplier":"0.657",
        "D-effect.1-fragment":"false",
        "D-effect.1-fragment:distance":"0.299",
        "D-effect.1-fragment:fragments":"0.834",
        "D-effect.1-fragment:fragrotationx":"0.084",
        "D-effect.1-fragment:fragrotationy":"0.213",
        "D-effect.1-fragment:fragrotationz":"0.622",
        "D-effect.1-fragment:fragscale":"1.000",
        "D-effect.1-fragment:rotation":"0.777",
        "D-effect.1-huerotate":"false",
        "D-effect.1-huerotate:huerotate":"0.756",
        "D-effect.1-huerotate:huescale":"0.501",
        "D-effect.1-huerotate:satscale":"0.037",
        "D-effect.1-kaleidoscope":"false",
        "D-effect.1-kaleidoscope:angles":"0.225",
        "D-effect.1-kaleidoscope:inputrotation":"0.590",
        "D-effect.1-kaleidoscope:opacity":"1.000",
        "D-effect.1-kaleidoscope:rotation":"0.154",
        "D-effect.1-kaleidoscope:zoom":"0.303",
        "D-effect.1-mirror":"false",
        "D-effect.1-mirror:flipx":"1",
        "D-effect.1-mirror:flipy":"1",
        "D-effect.1-mirror:in/out":"0.299",
        "D-effect.1-mirror:x":"0.500",
        "D-effect.1-mirror:y":"0.500",
        "D-effect.1-mirrorquad":"false",
        "D-effect.1-mirrorquad:flipx":"1",
        "D-effect.1-mirrorquad:flipy":"1",
        "D-effect.1-posterize":"false",
        "D-effect.1-posterize:posterize":"0.357",
        "D-effect.1-trails":"false",
        "D-effect.1-trails:feedback":"0.550",
        "D-effect.1-twisted":"false",
        "D-effect.1-twisted:radius":"0.962",
        "D-effect.1-twisted:twirl":"0.115",
        "D-effect.2-blur":"true",
        "D-effect.2-blur:blurxdistance":"0.152",
        "D-effect.2-blur:blurydistance":"0.157",
        "D-effect.2-blur:gaussian":"0.438",
        "D-effect.2-blur:quality":"0.303",
        "D-effect.2-displace":"true",
        "D-effect.2-displace:threshold":"0.142",
        "D-effect.2-displace:xfactor":"0.211",
        "D-effect.2-displace:yfactor":"0.871",
        "D-effect.2-edgedetection":"false",
        "D-effect.2-edgedetection:mode":"0.147",
        "D-effect.2-edgedetection:multiplier":"0.635",
        "D-effect.2-fragment":"false",
        "D-effect.2-fragment:distance":"0.756",
        "D-effect.2-fragment:fragments":"0.885",
        "D-effect.2-fragment:fragrotationx":"0.478",
        "D-effect.2-fragment:fragrotationy":"0.358",
        "D-effect.2-fragment:fragrotationz":"0.693",
        "D-effect.2-fragment:fragscale":"1.000",
        "D-effect.2-fragment:rotation":"0.198",
        "D-effect.2-huerotate":"true",
        "D-effect.2-huerotate:huerotate":"0.044",
        "D-effect.2-huerotate:huescale":"0.938",
        "D-effect.2-huerotate:satscale":"0.100",
        "D-effect.2-kaleidoscope":"false",
        "D-effect.2-kaleidoscope:angles":"0.166",
        "D-effect.2-kaleidoscope:inputrotation":"0.500",
        "D-effect.2-kaleidoscope:opacity":"1.000",
        "D-effect.2-kaleidoscope:rotation":"0.149",
        "D-effect.2-kaleidoscope:zoom":"0.851",
        "D-effect.2-mirror":"false",
        "D-effect.2-mirror:flipx":"1",
        "D-effect.2-mirror:flipy":"1",
        "D-effect.2-mirror:in/out":"0.327",
        "D-effect.2-mirror:x":"0.500",
        "D-effect.2-mirror:y":"0.500",
        "D-effect.2-mirrorquad":"false",
        "D-effect.2-mirrorquad:flipx":"0",
        "D-effect.2-mirrorquad:flipy":"1",
        "D-effect.2-posterize":"false",
        "D-effect.2-posterize:posterize":"0.428",
        "D-effect.2-trails":"true",
        "D-effect.2-trails:feedback":"0.550",
        "D-effect.2-twisted":"false",
        "D-effect.2-twisted:radius":"0.456",
        "D-effect.2-twisted:twirl":"0.243",
        "D-visual.alphafinal":"0.000",
        "D-visual.alphainitial":"1.000",
        "D-visual.alphatime":"5.005",
        "D-visual.aspect":"0.500",
        "D-visual.bounce":"false",
        "D-sound.controllerchan":"1",
        "D-sound.controllerstyle":"modulationonly",
        "D-sound.controllerzmax":"0.300",
        "D-sound.controllerzmin":"0.050",
        "D-misc.enable:sound":"true",
        "D-misc.enable:visual":"true",
        "D-visual.filled":"false",
        "D-visual.gravity":"0",
        "D-visual.hue1final":"176.400",
        "D-visual.hue1initial":"172.800",
        "D-visual.hue1time":"1.004",
        "D-visual.hue2final":"176.400",
        "D-visual.hue2initial":"172.800",
        "D-visual.hue2time":"1.004",
        "D-sound.inputport":"",
        "D-visual.justification":"center",
        "D-visual.lifetime":"10.000",
        "D-misc.logic_sound":"true",
        "D-misc.logic_visual":"true",
        "D-misc.loop:length":"100",
        "D-visual.luminance":"1.000",
        "D-misc.midibehaviour":"default",
        "D-sound.midifile":"jsbach",
        "D-visual.mirrortype":"none",
        "D-visual.movedir":"leftright",
        "D-visual.noisevertexx":"0.000",
        "D-visual.noisevertexy":"0.000",
        "D-visual.nsprites":"146",
        "D-misc.pitchfactor":"1.000",
        "D-sound.pitchmax":"80",
        "D-sound.pitchmin":"33",
        "D-misc.pitchoffset":"0.000",
        "D-visual.placement":"cursor",
        "D-misc.quant":"frets",
        "D-visual.rotangdir":"random",
        "D-visual.rotanginit":"0.000",
        "D-visual.rotangspeed":"0.000",
        "D-visual.rotauto":"false",
        "D-visual.saturation":"1.000",
        "D-misc.scale":"newage",
        "D-visual.shape":"square",
        "D-visual.sizefinal":"4.000",
        "D-visual.sizeinitial":"1.009",
        "D-visual.sizetime":"1.567",
        "D-visual.smoothxyz":"10",
        "D-visual.speed":"0.000",
        "D-visual.spritesource":"cursor",
        "D-sound.synth":"P_06_C_07",
        "D-visual.thickness":"10.000",
        "D-sound.timefret1q":"1.000",
        "D-sound.timefret1y":"0.150",
        "D-sound.timefret2q":"0.500",
        "D-sound.timefret2y":"0.500",
        "D-sound.timefret3q":"0.250",
        "D-sound.timefret3y":"0.800",
        "D-sound.timefret4q":"0.125",
        "D-sound.timefret4y":"1.000",
        "D-sound.velocitymax":"127",
        "D-sound.velocitymin":"48",
        "D-misc.vol":"pressure",
        "D-sound.xcontroller":"3",
        "D-sound.ycontroller":"2",
        "D-sound.zcontroller":"1",
        "D-visual.zmin":"0.100"
    }
}
