{
    "params":{
        "A-effect.1-blur":"true",
        "A-effect.1-blur:blurxdistance":"0.200",
        "A-effect.1-blur:blurydistance":"0.180",
        "A-effect.1-blur:gaussian":"0.170",
        "A-effect.1-blur:quality":"0.280",
        "A-effect.1-displace":"false",
        "A-effect.1-displace:threshold":"0.000",
        "A-effect.1-displace:xfactor":"0.760",
        "A-effect.1-displace:yfactor":"0.240",
        "A-effect.1-edgedetection":"false",
        "A-effect.1-edgedetection:mode":"0.920",
        "A-effect.1-edgedetection:multiplier":"0.640",
        "A-effect.1-fragment":"true",
        "A-effect.1-fragment:distance":"0.000",
        "A-effect.1-fragment:fragments":"0.210",
        "A-effect.1-fragment:fragrotationx":"0.500",
        "A-effect.1-fragment:fragrotationy":"0.500",
        "A-effect.1-fragment:fragrotationz":"0.500",
        "A-effect.1-fragment:fragscale":"1.000",
        "A-effect.1-fragment:rotation":"0.000",
        "A-effect.1-huerotate":"false",
        "A-effect.1-huerotate:huerotate":"0.000",
        "A-effect.1-huerotate:huescale":"1.000",
        "A-effect.1-huerotate:satscale":"0.500",
        "A-effect.1-kaleidoscope":"false",
        "A-effect.1-kaleidoscope:angles":"0.300",
        "A-effect.1-kaleidoscope:inputrotation":"0.500",
        "A-effect.1-kaleidoscope:opacity":"1.000",
        "A-effect.1-kaleidoscope:rotation":"0.000",
        "A-effect.1-kaleidoscope:zoom":"0.580",
        "A-effect.1-mirror":"false",
        "A-effect.1-mirror:flipx":"0",
        "A-effect.1-mirror:flipy":"0",
        "A-effect.1-mirror:in/out":"1.000",
        "A-effect.1-mirror:x":"0.500",
        "A-effect.1-mirror:y":"0.500",
        "A-effect.1-mirrorquad":"false",
        "A-effect.1-mirrorquad:flipx":"0",
        "A-effect.1-mirrorquad:flipy":"0",
        "A-effect.1-posterize":"true",
        "A-effect.1-posterize:posterize":"0.190",
        "A-effect.1-trails":"true",
        "A-effect.1-trails:feedback":"0.550",
        "A-effect.1-twisted":"false",
        "A-effect.1-twisted:radius":"0.310",
        "A-effect.1-twisted:twirl":"0.500",
        "A-effect.2-blur":"false",
        "A-effect.2-blur:blurxdistance":"0.100",
        "A-effect.2-blur:blurydistance":"0.080",
        "A-effect.2-blur:gaussian":"0.170",
        "A-effect.2-blur:quality":"0.280",
        "A-effect.2-displace":"false",
        "A-effect.2-displace:threshold":"0.000",
        "A-effect.2-displace:xfactor":"0.760",
        "A-effect.2-displace:yfactor":"0.240",
        "A-effect.2-edgedetection":"true",
        "A-effect.2-edgedetection:mode":"0.920",
        "A-effect.2-edgedetection:multiplier":"0.240",
        "A-effect.2-fragment":"false",
        "A-effect.2-fragment:distance":"0.330",
        "A-effect.2-fragment:fragments":"0.300",
        "A-effect.2-fragment:fragrotationx":"0.500",
        "A-effect.2-fragment:fragrotationy":"0.500",
        "A-effect.2-fragment:fragrotationz":"0.500",
        "A-effect.2-fragment:fragscale":"1.000",
        "A-effect.2-fragment:rotation":"0.000",
        "A-effect.2-huerotate":"false",
        "A-effect.2-huerotate:huerotate":"0.000",
        "A-effect.2-huerotate:huescale":"1.000",
        "A-effect.2-huerotate:satscale":"0.500",
        "A-effect.2-kaleidoscope":"false",
        "A-effect.2-kaleidoscope:angles":"0.640",
        "A-effect.2-kaleidoscope:inputrotation":"0.500",
        "A-effect.2-kaleidoscope:opacity":"1.000",
        "A-effect.2-kaleidoscope:rotation":"0.000",
        "A-effect.2-kaleidoscope:zoom":"1.000",
        "A-effect.2-mirror":"false",
        "A-effect.2-mirror:flipx":"0",
        "A-effect.2-mirror:flipy":"0",
        "A-effect.2-mirror:in/out":"1.000",
        "A-effect.2-mirror:x":"0.500",
        "A-effect.2-mirror:y":"0.500",
        "A-effect.2-mirrorquad":"false",
        "A-effect.2-mirrorquad:flipx":"0",
        "A-effect.2-mirrorquad:flipy":"0",
        "A-effect.2-posterize":"false",
        "A-effect.2-posterize:posterize":"0.190",
        "A-effect.2-trails":"false",
        "A-effect.2-trails:feedback":"0.550",
        "A-effect.2-twisted":"false",
        "A-effect.2-twisted:radius":"0.310",
        "A-effect.2-twisted:twirl":"0.500",
        "A-visual.alphafinal":"0.000",
        "A-visual.alphainitial":"1.000",
        "A-visual.alphatime":"6.526",
        "A-visual.aspect":"0.160",
        "A-visual.bounce":"false",
        "A-sound.controllerchan":"1",
        "A-sound.controllerstyle":"modulationonly",
        "A-sound.controllerzmax":"0.300",
        "A-sound.controllerzmin":"0.050",
        "A-misc.enable:sound":"true",
        "A-misc.enable:visual":"true",
        "A-visual.filled":"true",
        "A-visual.gravity":"0",
        "A-visual.hue1final":"284.220",
        "A-visual.hue1initial":"64.462",
        "A-visual.hue1time":"2.571",
        "A-visual.hue2final":"291.525",
        "A-visual.hue2initial":"61.969",
        "A-visual.hue2time":"1.645",
        "A-sound.inputport":"",
        "A-visual.justification":"center",
        "A-visual.lifetime":"6.264",
        "A-misc.logic_sound":"true",
        "A-misc.logic_visual":"true",
        "A-misc.loop:length":"100",
        "A-visual.luminance":"0.500",
        "A-misc.midibehaviour":"default",
        "A-sound.midifile":"jsbach",
        "A-visual.mirrortype":"none",
        "A-visual.movedir":"leftright",
        "A-visual.noisevertexx":"0.000",
        "A-visual.noisevertexy":"0.000",
        "A-visual.nsprites":"9104",
        "A-misc.pitchfactor":"1.000",
        "A-sound.pitchmax":"80",
        "A-sound.pitchmin":"33",
        "A-misc.pitchoffset":"0.000",
        "A-visual.placement":"cursor",
        "A-misc.quant":"frets",
        "A-visual.rotangdir":"random",
        "A-visual.rotanginit":"159.240",
        "A-visual.rotangspeed":"24.000",
        "A-visual.rotauto":"false",
        "A-visual.saturation":"0.500",
        "A-misc.scale":"newage",
        "A-visual.shape":"square",
        "A-visual.sizefinal":"6.446",
        "A-visual.sizeinitial":"5.680",
        "A-visual.sizetime":"0.318",
        "A-visual.smoothxyz":"5",
        "A-visual.speed":"0.119",
        "A-visual.spritesource":"cursor",
        "A-sound.synth":"P_03_C_03",
        "A-visual.thickness":"4.767",
        "A-sound.timefret1q":"1.000",
        "A-sound.timefret1y":"0.150",
        "A-sound.timefret2q":"0.500",
        "A-sound.timefret2y":"0.500",
        "A-sound.timefret3q":"0.250",
        "A-sound.timefret3y":"0.800",
        "A-sound.timefret4q":"0.125",
        "A-sound.timefret4y":"1.000",
        "A-sound.velocitymax":"127",
        "A-sound.velocitymin":"48",
        "A-misc.vol":"pressure",
        "A-sound.xcontroller":"3",
        "A-sound.ycontroller":"2",
        "A-sound.zcontroller":"1",
        "A-visual.zmin":"0.004",
        "B-effect.1-blur":"true",
        "B-effect.1-blur:blurxdistance":"0.187",
        "B-effect.1-blur:blurydistance":"0.030",
        "B-effect.1-blur:gaussian":"0.714",
        "B-effect.1-blur:quality":"0.627",
        "B-effect.1-displace":"true",
        "B-effect.1-displace:threshold":"0.049",
        "B-effect.1-displace:xfactor":"0.187",
        "B-effect.1-displace:yfactor":"0.689",
        "B-effect.1-edgedetection":"true",
        "B-effect.1-edgedetection:mode":"0.601",
        "B-effect.1-edgedetection:multiplier":"1.000",
        "B-effect.1-fragment":"false",
        "B-effect.1-fragment:distance":"0.727",
        "B-effect.1-fragment:fragments":"0.248",
        "B-effect.1-fragment:fragrotationx":"0.537",
        "B-effect.1-fragment:fragrotationy":"0.700",
        "B-effect.1-fragment:fragrotationz":"0.359",
        "B-effect.1-fragment:fragscale":"1.000",
        "B-effect.1-fragment:rotation":"0.618",
        "B-effect.1-huerotate":"false",
        "B-effect.1-huerotate:huerotate":"0.967",
        "B-effect.1-huerotate:huescale":"0.243",
        "B-effect.1-huerotate:satscale":"0.792",
        "B-effect.1-kaleidoscope":"false",
        "B-effect.1-kaleidoscope:angles":"0.979",
        "B-effect.1-kaleidoscope:inputrotation":"0.280",
        "B-effect.1-kaleidoscope:opacity":"1.000",
        "B-effect.1-kaleidoscope:rotation":"0.209",
        "B-effect.1-kaleidoscope:zoom":"0.897",
        "B-effect.1-mirror":"false",
        "B-effect.1-mirror:flipx":"1",
        "B-effect.1-mirror:flipy":"0",
        "B-effect.1-mirror:in/out":"0.054",
        "B-effect.1-mirror:x":"0.500",
        "B-effect.1-mirror:y":"0.500",
        "B-effect.1-mirrorquad":"false",
        "B-effect.1-mirrorquad:flipx":"0",
        "B-effect.1-mirrorquad:flipy":"0",
        "B-effect.1-posterize":"false",
        "B-effect.1-posterize:posterize":"0.306",
        "B-effect.1-trails":"false",
        "B-effect.1-trails:feedback":"0.550",
        "B-effect.1-twisted":"false",
        "B-effect.1-twisted:radius":"0.821",
        "B-effect.1-twisted:twirl":"0.538",
        "B-effect.2-blur":"false",
        "B-effect.2-blur:blurxdistance":"0.201",
        "B-effect.2-blur:blurydistance":"0.062",
        "B-effect.2-blur:gaussian":"0.596",
        "B-effect.2-blur:quality":"0.094",
        "B-effect.2-displace":"false",
        "B-effect.2-displace:threshold":"0.083",
        "B-effect.2-displace:xfactor":"0.000",
        "B-effect.2-displace:yfactor":"0.245",
        "B-effect.2-edgedetection":"true",
        "B-effect.2-edgedetection:mode":"0.676",
        "B-effect.2-edgedetection:multiplier":"0.316",
        "B-effect.2-fragment":"false",
        "B-effect.2-fragment:distance":"0.665",
        "B-effect.2-fragment:fragments":"0.506",
        "B-effect.2-fragment:fragrotationx":"0.669",
        "B-effect.2-fragment:fragrotationy":"0.922",
        "B-effect.2-fragment:fragrotationz":"0.544",
        "B-effect.2-fragment:fragscale":"1.000",
        "B-effect.2-fragment:rotation":"0.372",
        "B-effect.2-huerotate":"false",
        "B-effect.2-huerotate:huerotate":"0.024",
        "B-effect.2-huerotate:huescale":"0.406",
        "B-effect.2-huerotate:satscale":"0.750",
        "B-effect.2-kaleidoscope":"false",
        "B-effect.2-kaleidoscope:angles":"0.224",
        "B-effect.2-kaleidoscope:inputrotation":"0.887",
        "B-effect.2-kaleidoscope:opacity":"1.000",
        "B-effect.2-kaleidoscope:rotation":"0.056",
        "B-effect.2-kaleidoscope:zoom":"0.889",
        "B-effect.2-mirror":"false",
        "B-effect.2-mirror:flipx":"0",
        "B-effect.2-mirror:flipy":"1",
        "B-effect.2-mirror:in/out":"0.053",
        "B-effect.2-mirror:x":"0.500",
        "B-effect.2-mirror:y":"0.500",
        "B-effect.2-mirrorquad":"false",
        "B-effect.2-mirrorquad:flipx":"0",
        "B-effect.2-mirrorquad:flipy":"0",
        "B-effect.2-posterize":"false",
        "B-effect.2-posterize:posterize":"0.210",
        "B-effect.2-trails":"false",
        "B-effect.2-trails:feedback":"0.550",
        "B-effect.2-twisted":"false",
        "B-effect.2-twisted:radius":"0.386",
        "B-effect.2-twisted:twirl":"0.414",
        "B-visual.alphafinal":"0.000",
        "B-visual.alphainitial":"1.000",
        "B-visual.alphatime":"6.918",
        "B-visual.aspect":"0.498",
        "B-visual.bounce":"true",
        "B-sound.controllerchan":"1",
        "B-sound.controllerstyle":"modulationonly",
        "B-sound.controllerzmax":"0.300",
        "B-sound.controllerzmin":"0.050",
        "B-misc.enable:sound":"true",
        "B-misc.enable:visual":"true",
        "B-visual.filled":"true",
        "B-visual.gravity":"0",
        "B-visual.hue1final":"290.983",
        "B-visual.hue1initial":"189.033",
        "B-visual.hue1time":"1.764",
        "B-visual.hue2final":"250.266",
        "B-visual.hue2initial":"177.045",
        "B-visual.hue2time":"1.725",
        "B-sound.inputport":"",
        "B-visual.justification":"center",
        "B-visual.lifetime":"2.772",
        "B-misc.logic_sound":"true",
        "B-misc.logic_visual":"true",
        "B-misc.loop:length":"100",
        "B-visual.luminance":"0.500",
        "B-misc.midibehaviour":"default",
        "B-sound.midifile":"jsbach",
        "B-visual.mirrortype":"vertical",
        "B-visual.movedir":"leftright",
        "B-visual.noisevertexx":"0.000",
        "B-visual.noisevertexy":"0.000",
        "B-visual.nsprites":"952",
        "B-misc.pitchfactor":"1.000",
        "B-sound.pitchmax":"80",
        "B-sound.pitchmin":"33",
        "B-misc.pitchoffset":"0.000",
        "B-visual.placement":"cursor",
        "B-misc.quant":"frets",
        "B-visual.rotangdir":"random",
        "B-visual.rotanginit":"0.000",
        "B-visual.rotangspeed":"0.000",
        "B-visual.rotauto":"false",
        "B-visual.saturation":"0.934",
        "B-misc.scale":"newage",
        "B-visual.shape":"square",
        "B-visual.sizefinal":"4.714",
        "B-visual.sizeinitial":"1.328",
        "B-visual.sizetime":"2.579",
        "B-visual.smoothxyz":"7",
        "B-visual.speed":"0.275",
        "B-visual.spritesource":"cursor",
        "B-sound.synth":"P_06_C_07",
        "B-visual.thickness":"9.362",
        "B-sound.timefret1q":"1.000",
        "B-sound.timefret1y":"0.150",
        "B-sound.timefret2q":"0.500",
        "B-sound.timefret2y":"0.500",
        "B-sound.timefret3q":"0.250",
        "B-sound.timefret3y":"0.800",
        "B-sound.timefret4q":"0.125",
        "B-sound.timefret4y":"1.000",
        "B-sound.velocitymax":"127",
        "B-sound.velocitymin":"1",
        "B-misc.vol":"pressure",
        "B-sound.xcontroller":"3",
        "B-sound.ycontroller":"2",
        "B-sound.zcontroller":"1",
        "B-visual.zmin":"0.004",
        "C-effect.1-blur":"true",
        "C-effect.1-blur:blurxdistance":"0.100",
        "C-effect.1-blur:blurydistance":"0.080",
        "C-effect.1-blur:gaussian":"0.170",
        "C-effect.1-blur:quality":"0.280",
        "C-effect.1-displace":"true",
        "C-effect.1-displace:threshold":"0.000",
        "C-effect.1-displace:xfactor":"0.760",
        "C-effect.1-displace:yfactor":"0.240",
        "C-effect.1-edgedetection":"false",
        "C-effect.1-edgedetection:mode":"0.920",
        "C-effect.1-edgedetection:multiplier":"0.240",
        "C-effect.1-fragment":"false",
        "C-effect.1-fragment:distance":"0.330",
        "C-effect.1-fragment:fragments":"0.300",
        "C-effect.1-fragment:fragrotationx":"0.500",
        "C-effect.1-fragment:fragrotationy":"0.500",
        "C-effect.1-fragment:fragrotationz":"0.500",
        "C-effect.1-fragment:fragscale":"1.000",
        "C-effect.1-fragment:rotation":"0.000",
        "C-effect.1-huerotate":"false",
        "C-effect.1-huerotate:huerotate":"0.000",
        "C-effect.1-huerotate:huescale":"1.000",
        "C-effect.1-huerotate:satscale":"0.500",
        "C-effect.1-kaleidoscope":"false",
        "C-effect.1-kaleidoscope:angles":"0.300",
        "C-effect.1-kaleidoscope:inputrotation":"0.500",
        "C-effect.1-kaleidoscope:opacity":"1.000",
        "C-effect.1-kaleidoscope:rotation":"0.000",
        "C-effect.1-kaleidoscope:zoom":"0.580",
        "C-effect.1-mirror":"false",
        "C-effect.1-mirror:flipx":"0",
        "C-effect.1-mirror:flipy":"0",
        "C-effect.1-mirror:in/out":"1.000",
        "C-effect.1-mirror:x":"0.500",
        "C-effect.1-mirror:y":"0.500",
        "C-effect.1-mirrorquad":"false",
        "C-effect.1-mirrorquad:flipx":"0",
        "C-effect.1-mirrorquad:flipy":"0",
        "C-effect.1-posterize":"false",
        "C-effect.1-posterize:posterize":"0.090",
        "C-effect.1-trails":"true",
        "C-effect.1-trails:feedback":"0.550",
        "C-effect.1-twisted":"false",
        "C-effect.1-twisted:radius":"0.310",
        "C-effect.1-twisted:twirl":"0.500",
        "C-effect.2-blur":"false",
        "C-effect.2-blur:blurxdistance":"0.100",
        "C-effect.2-blur:blurydistance":"0.080",
        "C-effect.2-blur:gaussian":"0.170",
        "C-effect.2-blur:quality":"0.280",
        "C-effect.2-displace":"false",
        "C-effect.2-displace:threshold":"0.000",
        "C-effect.2-displace:xfactor":"0.760",
        "C-effect.2-displace:yfactor":"0.240",
        "C-effect.2-edgedetection":"false",
        "C-effect.2-edgedetection:mode":"0.920",
        "C-effect.2-edgedetection:multiplier":"0.240",
        "C-effect.2-fragment":"false",
        "C-effect.2-fragment:distance":"0.330",
        "C-effect.2-fragment:fragments":"0.300",
        "C-effect.2-fragment:fragrotationx":"0.500",
        "C-effect.2-fragment:fragrotationy":"0.500",
        "C-effect.2-fragment:fragrotationz":"0.500",
        "C-effect.2-fragment:fragscale":"1.000",
        "C-effect.2-fragment:rotation":"0.000",
        "C-effect.2-huerotate":"false",
        "C-effect.2-huerotate:huerotate":"0.000",
        "C-effect.2-huerotate:huescale":"1.000",
        "C-effect.2-huerotate:satscale":"0.500",
        "C-effect.2-kaleidoscope":"false",
        "C-effect.2-kaleidoscope:angles":"0.300",
        "C-effect.2-kaleidoscope:inputrotation":"0.500",
        "C-effect.2-kaleidoscope:opacity":"1.000",
        "C-effect.2-kaleidoscope:rotation":"0.000",
        "C-effect.2-kaleidoscope:zoom":"0.580",
        "C-effect.2-mirror":"false",
        "C-effect.2-mirror:flipx":"0",
        "C-effect.2-mirror:flipy":"0",
        "C-effect.2-mirror:in/out":"1.000",
        "C-effect.2-mirror:x":"0.500",
        "C-effect.2-mirror:y":"0.500",
        "C-effect.2-mirrorquad":"false",
        "C-effect.2-mirrorquad:flipx":"0",
        "C-effect.2-mirrorquad:flipy":"0",
        "C-effect.2-posterize":"false",
        "C-effect.2-posterize:posterize":"0.090",
        "C-effect.2-trails":"false",
        "C-effect.2-trails:feedback":"0.550",
        "C-effect.2-twisted":"false",
        "C-effect.2-twisted:radius":"0.310",
        "C-effect.2-twisted:twirl":"0.500",
        "C-visual.alphafinal":"0.000",
        "C-visual.alphainitial":"0.710",
        "C-visual.alphatime":"2.999",
        "C-visual.aspect":"0.500",
        "C-visual.bounce":"false",
        "C-sound.controllerchan":"1",
        "C-sound.controllerstyle":"modulationonly",
        "C-sound.controllerzmax":"0.300",
        "C-sound.controllerzmin":"0.050",
        "C-misc.enable:sound":"true",
        "C-misc.enable:visual":"true",
        "C-visual.filled":"false",
        "C-visual.gravity":"0",
        "C-visual.hue1final":"360.000",
        "C-visual.hue1initial":"0.000",
        "C-visual.hue1time":"5.000",
        "C-visual.hue2final":"360.000",
        "C-visual.hue2initial":"0.000",
        "C-visual.hue2time":"5.000",
        "C-sound.inputport":"",
        "C-visual.justification":"center",
        "C-visual.lifetime":"8.000",
        "C-misc.logic_sound":"true",
        "C-misc.logic_visual":"true",
        "C-misc.loop:length":"100",
        "C-visual.luminance":"0.500",
        "C-misc.midibehaviour":"default",
        "C-sound.midifile":"jsbach",
        "C-visual.mirrortype":"none",
        "C-visual.movedir":"cursor",
        "C-visual.noisevertexx":"0.000",
        "C-visual.noisevertexy":"0.000",
        "C-visual.nsprites":"200",
        "C-misc.pitchfactor":"1.000",
        "C-sound.pitchmax":"80",
        "C-sound.pitchmin":"33",
        "C-misc.pitchoffset":"0.000",
        "C-visual.placement":"cursor",
        "C-misc.quant":"frets",
        "C-visual.rotangdir":"random",
        "C-visual.rotanginit":"0.000",
        "C-visual.rotangspeed":"0.000",
        "C-visual.rotauto":"false",
        "C-visual.saturation":"1.000",
        "C-misc.scale":"newage",
        "C-visual.shape":"square",
        "C-visual.sizefinal":"7.400",
        "C-visual.sizeinitial":"2.998",
        "C-visual.sizetime":"1.500",
        "C-visual.smoothxyz":"8",
        "C-visual.speed":"0.100",
        "C-visual.spritesource":"cursor",
        "C-sound.synth":"P_06_C_01",
        "C-visual.thickness":"9.993",
        "C-sound.timefret1q":"1.000",
        "C-sound.timefret1y":"0.150",
        "C-sound.timefret2q":"0.500",
        "C-sound.timefret2y":"0.500",
        "C-sound.timefret3q":"0.250",
        "C-sound.timefret3y":"0.800",
        "C-sound.timefret4q":"0.125",
        "C-sound.timefret4y":"1.000",
        "C-sound.velocitymax":"127",
        "C-sound.velocitymin":"48",
        "C-misc.vol":"pressure",
        "C-sound.xcontroller":"3",
        "C-sound.ycontroller":"2",
        "C-sound.zcontroller":"1",
        "C-visual.zmin":"0.004",
        "D-effect.1-blur":"true",
        "D-effect.1-blur:blurxdistance":"0.740",
        "D-effect.1-blur:blurydistance":"0.783",
        "D-effect.1-blur:gaussian":"0.107",
        "D-effect.1-blur:quality":"1.000",
        "D-effect.1-displace":"true",
        "D-effect.1-displace:threshold":"0.000",
        "D-effect.1-displace:xfactor":"0.000",
        "D-effect.1-displace:yfactor":"0.000",
        "D-effect.1-edgedetection":"false",
        "D-effect.1-edgedetection:mode":"1.000",
        "D-effect.1-edgedetection:multiplier":"0.800",
        "D-effect.1-fragment":"false",
        "D-effect.1-fragment:distance":"0.330",
        "D-effect.1-fragment:fragments":"0.300",
        "D-effect.1-fragment:fragrotationx":"0.500",
        "D-effect.1-fragment:fragrotationy":"0.500",
        "D-effect.1-fragment:fragrotationz":"0.500",
        "D-effect.1-fragment:fragscale":"1.000",
        "D-effect.1-fragment:rotation":"0.000",
        "D-effect.1-huerotate":"false",
        "D-effect.1-huerotate:huerotate":"0.000",
        "D-effect.1-huerotate:huescale":"1.000",
        "D-effect.1-huerotate:satscale":"0.500",
        "D-effect.1-kaleidoscope":"false",
        "D-effect.1-kaleidoscope:angles":"0.300",
        "D-effect.1-kaleidoscope:inputrotation":"0.500",
        "D-effect.1-kaleidoscope:opacity":"1.000",
        "D-effect.1-kaleidoscope:rotation":"0.000",
        "D-effect.1-kaleidoscope:zoom":"0.580",
        "D-effect.1-mirror":"false",
        "D-effect.1-mirror:flipx":"0",
        "D-effect.1-mirror:flipy":"0",
        "D-effect.1-mirror:in/out":"1.000",
        "D-effect.1-mirror:x":"0.500",
        "D-effect.1-mirror:y":"0.500",
        "D-effect.1-mirrorquad":"false",
        "D-effect.1-mirrorquad:flipx":"0",
        "D-effect.1-mirrorquad:flipy":"0",
        "D-effect.1-posterize":"false",
        "D-effect.1-posterize:posterize":"0.190",
        "D-effect.1-trails":"true",
        "D-effect.1-trails:feedback":"0.000",
        "D-effect.1-twisted":"false",
        "D-effect.1-twisted:radius":"0.310",
        "D-effect.1-twisted:twirl":"0.500",
        "D-effect.2-blur":"false",
        "D-effect.2-blur:blurxdistance":"0.740",
        "D-effect.2-blur:blurydistance":"0.783",
        "D-effect.2-blur:gaussian":"0.107",
        "D-effect.2-blur:quality":"1.000",
        "D-effect.2-displace":"false",
        "D-effect.2-displace:threshold":"0.000",
        "D-effect.2-displace:xfactor":"0.000",
        "D-effect.2-displace:yfactor":"0.000",
        "D-effect.2-edgedetection":"false",
        "D-effect.2-edgedetection:mode":"1.000",
        "D-effect.2-edgedetection:multiplier":"0.800",
        "D-effect.2-fragment":"false",
        "D-effect.2-fragment:distance":"0.330",
        "D-effect.2-fragment:fragments":"0.300",
        "D-effect.2-fragment:fragrotationx":"0.500",
        "D-effect.2-fragment:fragrotationy":"0.500",
        "D-effect.2-fragment:fragrotationz":"0.500",
        "D-effect.2-fragment:fragscale":"1.000",
        "D-effect.2-fragment:rotation":"0.000",
        "D-effect.2-huerotate":"false",
        "D-effect.2-huerotate:huerotate":"0.000",
        "D-effect.2-huerotate:huescale":"1.000",
        "D-effect.2-huerotate:satscale":"0.500",
        "D-effect.2-kaleidoscope":"false",
        "D-effect.2-kaleidoscope:angles":"0.300",
        "D-effect.2-kaleidoscope:inputrotation":"0.500",
        "D-effect.2-kaleidoscope:opacity":"1.000",
        "D-effect.2-kaleidoscope:rotation":"0.000",
        "D-effect.2-kaleidoscope:zoom":"0.580",
        "D-effect.2-mirror":"false",
        "D-effect.2-mirror:flipx":"0",
        "D-effect.2-mirror:flipy":"0",
        "D-effect.2-mirror:in/out":"1.000",
        "D-effect.2-mirror:x":"0.500",
        "D-effect.2-mirror:y":"0.500",
        "D-effect.2-mirrorquad":"false",
        "D-effect.2-mirrorquad:flipx":"0",
        "D-effect.2-mirrorquad:flipy":"0",
        "D-effect.2-posterize":"false",
        "D-effect.2-posterize:posterize":"0.190",
        "D-effect.2-trails":"false",
        "D-effect.2-trails:feedback":"0.000",
        "D-effect.2-twisted":"false",
        "D-effect.2-twisted:radius":"0.310",
        "D-effect.2-twisted:twirl":"0.500",
        "D-visual.alphafinal":"0.100",
        "D-visual.alphainitial":"0.890",
        "D-visual.alphatime":"5.286",
        "D-visual.aspect":"0.500",
        "D-visual.bounce":"false",
        "D-sound.controllerchan":"1",
        "D-sound.controllerstyle":"modulationonly",
        "D-sound.controllerzmax":"0.300",
        "D-sound.controllerzmin":"0.050",
        "D-misc.enable:sound":"true",
        "D-misc.enable:visual":"true",
        "D-visual.filled":"true",
        "D-visual.gravity":"0",
        "D-visual.hue1final":"0.000",
        "D-visual.hue1initial":"36.000",
        "D-visual.hue1time":"2.003",
        "D-visual.hue2final":"0.000",
        "D-visual.hue2initial":"36.000",
        "D-visual.hue2time":"2.003",
        "D-sound.inputport":"",
        "D-visual.justification":"center",
        "D-visual.lifetime":"10.000",
        "D-misc.logic_sound":"true",
        "D-misc.logic_visual":"true",
        "D-misc.loop:length":"100",
        "D-visual.luminance":"0.500",
        "D-misc.midibehaviour":"default",
        "D-sound.midifile":"jsbach",
        "D-visual.mirrortype":"none",
        "D-visual.movedir":"random90",
        "D-visual.noisevertexx":"0.000",
        "D-visual.noisevertexy":"0.000",
        "D-visual.nsprites":"50",
        "D-misc.pitchfactor":"1.000",
        "D-sound.pitchmax":"80",
        "D-sound.pitchmin":"33",
        "D-misc.pitchoffset":"0.000",
        "D-visual.placement":"cursor",
        "D-misc.quant":"frets",
        "D-visual.rotangdir":"left",
        "D-visual.rotanginit":"0.000",
        "D-visual.rotangspeed":"120.000",
        "D-visual.rotauto":"false",
        "D-visual.saturation":"1.000",
        "D-misc.scale":"newage",
        "D-visual.shape":"circle",
        "D-visual.sizefinal":"4.423",
        "D-visual.sizeinitial":"3.400",
        "D-visual.sizetime":"3.565",
        "D-visual.smoothxyz":"3",
        "D-visual.speed":"0.130",
        "D-visual.spritesource":"cursor",
        "D-sound.synth":"P_02_C_07",
        "D-visual.thickness":"4.900",
        "D-sound.timefret1q":"1.000",
        "D-sound.timefret1y":"0.150",
        "D-sound.timefret2q":"0.500",
        "D-sound.timefret2y":"0.500",
        "D-sound.timefret3q":"0.250",
        "D-sound.timefret3y":"0.800",
        "D-sound.timefret4q":"0.125",
        "D-sound.timefret4y":"1.000",
        "D-sound.velocitymax":"127",
        "D-sound.velocitymin":"48",
        "D-misc.vol":"pressure",
        "D-sound.xcontroller":"3",
        "D-sound.ycontroller":"2",
        "D-sound.zcontroller":"1",
        "D-visual.zmin":"0.100"
    }
}
