{
    "params": {
        "A-effect.1-blur":"true",
        "A-effect.1-blur:blurxdistance":"0.297000",
        "A-effect.1-blur:blurydistance":"0.960000",
        "A-effect.1-blur:gaussian":"0.306000",
        "A-effect.1-blur:quality":"0.559000",
        "A-effect.1-displace":"false",
        "A-effect.1-displace:threshold":"0.204000",
        "A-effect.1-displace:xfactor":"0.492000",
        "A-effect.1-displace:yfactor":"0.460000",
        "A-effect.1-edgedetection":"false",
        "A-effect.1-edgedetection:mode":"0.497000",
        "A-effect.1-edgedetection:multiplier":"0.863000",
        "A-effect.1-fragment":"false",
        "A-effect.1-fragment:distance":"0.351000",
        "A-effect.1-fragment:fragments":"0.567000",
        "A-effect.1-fragment:fragrotationx":"0.929000",
        "A-effect.1-fragment:fragrotationy":"0.575000",
        "A-effect.1-fragment:fragrotationz":"0.174000",
        "A-effect.1-fragment:fragscale":"1.000000",
        "A-effect.1-fragment:rotation":"0.481000",
        "A-effect.1-goo":"false",
        "A-effect.1-goo:maxdistortionx":"1.000000",
        "A-effect.1-goo:maxdistortiony":"1.000000",
        "A-effect.1-goo:maxdistortionz":"1.000000",
        "A-effect.1-goo:resolution":"16",
        "A-effect.1-goo:shade":"1.000000",
        "A-effect.1-goo:speed":"0.150000",
        "A-effect.1-huerotate":"false",
        "A-effect.1-huerotate:huerotate":"0.237000",
        "A-effect.1-huerotate:huescale":"0.289000",
        "A-effect.1-huerotate:satscale":"0.567000",
        "A-effect.1-kaleidoscope":"false",
        "A-effect.1-kaleidoscope:angles":"0.398000",
        "A-effect.1-kaleidoscope:inputrotation":"0.611000",
        "A-effect.1-kaleidoscope:opacity":"1.000000",
        "A-effect.1-kaleidoscope:rotation":"0.895000",
        "A-effect.1-kaleidoscope:zoom":"0.792000",
        "A-effect.1-mirror":"false",
        "A-effect.1-mirror:flipx":"0",
        "A-effect.1-mirror:flipy":"1",
        "A-effect.1-mirror:in/out":"0.126000",
        "A-effect.1-mirror:x":"0.500000",
        "A-effect.1-mirror:y":"0.500000",
        "A-effect.1-mirrorquad":"false",
        "A-effect.1-mirrorquad:flipx":"1",
        "A-effect.1-mirrorquad:flipy":"1",
        "A-effect.1-posterize":"false",
        "A-effect.1-posterize:posterize":"0.253000",
        "A-effect.1-trails":"false",
        "A-effect.1-trails:feedback":"0.587000",
        "A-effect.1-twisted":"true",
        "A-effect.1-twisted:radius":"0.354000",
        "A-effect.1-twisted:twirl":"0.917000",
        "A-effect.2-blur":"false",
        "A-effect.2-blur:blurxdistance":"0.183000",
        "A-effect.2-blur:blurydistance":"0.126000",
        "A-effect.2-blur:gaussian":"0.663000",
        "A-effect.2-blur:quality":"0.198000",
        "A-effect.2-displace":"false",
        "A-effect.2-displace:threshold":"0.258000",
        "A-effect.2-displace:xfactor":"0.358000",
        "A-effect.2-displace:yfactor":"0.406000",
        "A-effect.2-edgedetection":"false",
        "A-effect.2-edgedetection:mode":"0.015000",
        "A-effect.2-edgedetection:multiplier":"0.954000",
        "A-effect.2-fragment":"false",
        "A-effect.2-fragment:distance":"0.431000",
        "A-effect.2-fragment:fragments":"0.175000",
        "A-effect.2-fragment:fragrotationx":"0.166000",
        "A-effect.2-fragment:fragrotationy":"0.307000",
        "A-effect.2-fragment:fragrotationz":"0.326000",
        "A-effect.2-fragment:fragscale":"1.000000",
        "A-effect.2-fragment:rotation":"0.721000",
        "A-effect.2-goo":"false",
        "A-effect.2-goo:maxdistortionx":"1.000000",
        "A-effect.2-goo:maxdistortiony":"1.000000",
        "A-effect.2-goo:maxdistortionz":"1.000000",
        "A-effect.2-goo:resolution":"16",
        "A-effect.2-goo:shade":"1.000000",
        "A-effect.2-goo:speed":"0.150000",
        "A-effect.2-huerotate":"false",
        "A-effect.2-huerotate:huerotate":"0.623000",
        "A-effect.2-huerotate:huescale":"0.215000",
        "A-effect.2-huerotate:satscale":"0.623000",
        "A-effect.2-kaleidoscope":"false",
        "A-effect.2-kaleidoscope:angles":"0.126000",
        "A-effect.2-kaleidoscope:inputrotation":"0.445000",
        "A-effect.2-kaleidoscope:opacity":"1.000000",
        "A-effect.2-kaleidoscope:rotation":"0.179000",
        "A-effect.2-kaleidoscope:zoom":"0.668000",
        "A-effect.2-mirror":"true",
        "A-effect.2-mirror:flipx":"1",
        "A-effect.2-mirror:flipy":"1",
        "A-effect.2-mirror:in/out":"0.756000",
        "A-effect.2-mirror:x":"0.500000",
        "A-effect.2-mirror:y":"0.500000",
        "A-effect.2-mirrorquad":"false",
        "A-effect.2-mirrorquad:flipx":"1",
        "A-effect.2-mirrorquad:flipy":"1",
        "A-effect.2-posterize":"false",
        "A-effect.2-posterize:posterize":"0.216000",
        "A-effect.2-trails":"false",
        "A-effect.2-trails:feedback":"0.501000",
        "A-effect.2-twisted":"false",
        "A-effect.2-twisted:radius":"0.789000",
        "A-effect.2-twisted:twirl":"0.498000",
        "A-misc.enable:sound":"true",
        "A-misc.enable:visual":"true",
        "A-misc.logic_sound":"true",
        "A-misc.logic_visual":"true",
        "A-misc.loop:length":"100",
        "A-misc.midibehaviour":"default",
        "A-misc.pitchfactor":"1.000000",
        "A-misc.pitchoffset":"0.000000",
        "A-misc.quant":"frets",
        "A-misc.scale":"newage",
        "A-misc.vol":"pressure",
        "A-sound.chromatic":"false",
        "A-sound.controllermax":"127",
        "A-sound.controllermin":"1",
        "A-sound.controllerstyle":"modulationonly",
        "A-sound.controllerzmax":"0.300000",
        "A-sound.controllerzmin":"0.050000",
        "A-sound.deltaytrig":"1.000000",
        "A-sound.deltaztrig":"1.000000",
        "A-sound.inputport":"",
        "A-sound.midifile":"jsbach",
        "A-sound.pitchmax":"80",
        "A-sound.pitchmin":"33",
        "A-sound.synth":"P_02_C_01",
        "A-sound.timefret1q":"1.000000",
        "A-sound.timefret1y":"0.150000",
        "A-sound.timefret2q":"0.500000",
        "A-sound.timefret2y":"0.500000",
        "A-sound.timefret3q":"0.250000",
        "A-sound.timefret3y":"0.800000",
        "A-sound.timefret4q":"0.125000",
        "A-sound.timefret4y":"1.000000",
        "A-sound.velocitymax":"127",
        "A-sound.velocitymin":"48",
        "A-sound.xcontroller":"3",
        "A-sound.ycontroller":"2",
        "A-sound.zcontroller":"1",
        "A-visual.alphafinal":"0.000000",
        "A-visual.alphainitial":"1.000000",
        "A-visual.alphatime":"4.287000",
        "A-visual.aspect":"0.500000",
        "A-visual.bounce":"false",
        "A-visual.cursorsprites":"false",
        "A-visual.filled":"true",
        "A-visual.gravity":"0",
        "A-visual.hue1final":"0.000000",
        "A-visual.hue1initial":"360.000000",
        "A-visual.hue1time":"5.000000",
        "A-visual.hue2final":"0.000000",
        "A-visual.hue2initial":"360.000000",
        "A-visual.hue2time":"5.000000",
        "A-visual.justification":"center",
        "A-visual.lifetime":"9.996000",
        "A-visual.luminance":"0.500000",
        "A-visual.mirrortype":"none",
        "A-visual.movedir":"random",
        "A-visual.noisevertex":"0.000000",
        "A-visual.noisevertexx":"0.000000",
        "A-visual.noisevertexy":"0.000000",
        "A-visual.nsprites":"1044",
        "A-visual.placement":"cursor",
        "A-visual.rotangdir":"left",
        "A-visual.rotanginit":"0.000000",
        "A-visual.rotangspeed":"0.000000",
        "A-visual.rotauto":"false",
        "A-visual.saturation":"1.000000",
        "A-visual.shape":"line",
        "A-visual.sizefinal":"8.000000",
        "A-visual.sizeinitial":"10.000000",
        "A-visual.sizetime":"3.079000",
        "A-visual.smoothxyz":"3",
        "A-visual.speed":"0.000000",
        "A-visual.spritesource":"cursor",
        "A-visual.thickness":"4.900000",
        "A-visual.zmin":"0.100000",
        "B-effect.1-blur":"false",
        "B-effect.1-blur:blurxdistance":"0.197000",
        "B-effect.1-blur:blurydistance":"0.960000",
        "B-effect.1-blur:gaussian":"0.006000",
        "B-effect.1-blur:quality":"0.559000",
        "B-effect.1-displace":"false",
        "B-effect.1-displace:threshold":"0.204000",
        "B-effect.1-displace:xfactor":"0.492000",
        "B-effect.1-displace:yfactor":"0.461000",
        "B-effect.1-edgedetection":"true",
        "B-effect.1-edgedetection:mode":"0.497000",
        "B-effect.1-edgedetection:multiplier":"0.863000",
        "B-effect.1-fragment":"false",
        "B-effect.1-fragment:distance":"0.351000",
        "B-effect.1-fragment:fragments":"0.567000",
        "B-effect.1-fragment:fragrotationx":"0.929000",
        "B-effect.1-fragment:fragrotationy":"0.575000",
        "B-effect.1-fragment:fragrotationz":"0.174000",
        "B-effect.1-fragment:fragscale":"1.000000",
        "B-effect.1-fragment:rotation":"0.481000",
        "B-effect.1-goo":"false",
        "B-effect.1-goo:maxdistortionx":"1.000000",
        "B-effect.1-goo:maxdistortiony":"1.000000",
        "B-effect.1-goo:maxdistortionz":"1.000000",
        "B-effect.1-goo:resolution":"16",
        "B-effect.1-goo:shade":"1.000000",
        "B-effect.1-goo:speed":"0.150000",
        "B-effect.1-huerotate":"false",
        "B-effect.1-huerotate:huerotate":"0.237000",
        "B-effect.1-huerotate:huescale":"0.289000",
        "B-effect.1-huerotate:satscale":"0.567000",
        "B-effect.1-kaleidoscope":"false",
        "B-effect.1-kaleidoscope:angles":"0.398000",
        "B-effect.1-kaleidoscope:inputrotation":"0.611000",
        "B-effect.1-kaleidoscope:opacity":"1.000000",
        "B-effect.1-kaleidoscope:rotation":"0.895000",
        "B-effect.1-kaleidoscope:zoom":"0.792000",
        "B-effect.1-mirror":"false",
        "B-effect.1-mirror:flipx":"0",
        "B-effect.1-mirror:flipy":"1",
        "B-effect.1-mirror:in/out":"0.126000",
        "B-effect.1-mirror:x":"0.500000",
        "B-effect.1-mirror:y":"0.500000",
        "B-effect.1-mirrorquad":"false",
        "B-effect.1-mirrorquad:flipx":"1",
        "B-effect.1-mirrorquad:flipy":"1",
        "B-effect.1-posterize":"false",
        "B-effect.1-posterize:posterize":"0.253000",
        "B-effect.1-trails":"false",
        "B-effect.1-trails:feedback":"0.587000",
        "B-effect.1-twisted":"true",
        "B-effect.1-twisted:radius":"0.354000",
        "B-effect.1-twisted:twirl":"0.917000",
        "B-effect.2-blur":"false",
        "B-effect.2-blur:blurxdistance":"0.183000",
        "B-effect.2-blur:blurydistance":"0.126000",
        "B-effect.2-blur:gaussian":"0.663000",
        "B-effect.2-blur:quality":"0.198000",
        "B-effect.2-displace":"false",
        "B-effect.2-displace:threshold":"0.258000",
        "B-effect.2-displace:xfactor":"0.358000",
        "B-effect.2-displace:yfactor":"0.406000",
        "B-effect.2-edgedetection":"false",
        "B-effect.2-edgedetection:mode":"0.015000",
        "B-effect.2-edgedetection:multiplier":"0.954000",
        "B-effect.2-fragment":"false",
        "B-effect.2-fragment:distance":"0.431000",
        "B-effect.2-fragment:fragments":"0.175000",
        "B-effect.2-fragment:fragrotationx":"0.166000",
        "B-effect.2-fragment:fragrotationy":"0.307000",
        "B-effect.2-fragment:fragrotationz":"0.326000",
        "B-effect.2-fragment:fragscale":"1.000000",
        "B-effect.2-fragment:rotation":"0.721000",
        "B-effect.2-goo":"false",
        "B-effect.2-goo:maxdistortionx":"1.000000",
        "B-effect.2-goo:maxdistortiony":"1.000000",
        "B-effect.2-goo:maxdistortionz":"1.000000",
        "B-effect.2-goo:resolution":"16",
        "B-effect.2-goo:shade":"1.000000",
        "B-effect.2-goo:speed":"0.150000",
        "B-effect.2-huerotate":"false",
        "B-effect.2-huerotate:huerotate":"0.623000",
        "B-effect.2-huerotate:huescale":"0.215000",
        "B-effect.2-huerotate:satscale":"0.623000",
        "B-effect.2-kaleidoscope":"false",
        "B-effect.2-kaleidoscope:angles":"0.126000",
        "B-effect.2-kaleidoscope:inputrotation":"0.445000",
        "B-effect.2-kaleidoscope:opacity":"1.000000",
        "B-effect.2-kaleidoscope:rotation":"0.179000",
        "B-effect.2-kaleidoscope:zoom":"0.668000",
        "B-effect.2-mirror":"true",
        "B-effect.2-mirror:flipx":"1",
        "B-effect.2-mirror:flipy":"1",
        "B-effect.2-mirror:in/out":"0.756000",
        "B-effect.2-mirror:x":"0.500000",
        "B-effect.2-mirror:y":"0.500000",
        "B-effect.2-mirrorquad":"false",
        "B-effect.2-mirrorquad:flipx":"1",
        "B-effect.2-mirrorquad:flipy":"1",
        "B-effect.2-posterize":"false",
        "B-effect.2-posterize:posterize":"0.216000",
        "B-effect.2-trails":"false",
        "B-effect.2-trails:feedback":"0.501000",
        "B-effect.2-twisted":"false",
        "B-effect.2-twisted:radius":"0.789000",
        "B-effect.2-twisted:twirl":"0.498000",
        "B-misc.enable:sound":"true",
        "B-misc.enable:visual":"true",
        "B-misc.logic_sound":"true",
        "B-misc.logic_visual":"true",
        "B-misc.loop:length":"100",
        "B-misc.midibehaviour":"default",
        "B-misc.pitchfactor":"1.000000",
        "B-misc.pitchoffset":"0.000000",
        "B-misc.quant":"frets",
        "B-misc.scale":"newage",
        "B-misc.vol":"pressure",
        "B-sound.chromatic":"false",
        "B-sound.controllermax":"127",
        "B-sound.controllermin":"1",
        "B-sound.controllerstyle":"modulationonly",
        "B-sound.controllerzmax":"0.300000",
        "B-sound.controllerzmin":"0.050000",
        "B-sound.deltaytrig":"1.000000",
        "B-sound.deltaztrig":"1.000000",
        "B-sound.inputport":"",
        "B-sound.midifile":"jsbach",
        "B-sound.pitchmax":"92",
        "B-sound.pitchmin":"56",
        "B-sound.synth":"P_04_C_05",
        "B-sound.timefret1q":"1.000000",
        "B-sound.timefret1y":"0.150000",
        "B-sound.timefret2q":"0.500000",
        "B-sound.timefret2y":"0.500000",
        "B-sound.timefret3q":"0.250000",
        "B-sound.timefret3y":"0.800000",
        "B-sound.timefret4q":"0.125000",
        "B-sound.timefret4y":"1.000000",
        "B-sound.velocitymax":"127",
        "B-sound.velocitymin":"48",
        "B-sound.xcontroller":"3",
        "B-sound.ycontroller":"2",
        "B-sound.zcontroller":"1",
        "B-visual.alphafinal":"0.000000",
        "B-visual.alphainitial":"1.000000",
        "B-visual.alphatime":"4.287000",
        "B-visual.aspect":"0.500000",
        "B-visual.bounce":"false",
        "B-visual.cursorsprites":"false",
        "B-visual.filled":"true",
        "B-visual.gravity":"0",
        "B-visual.hue1final":"0.000000",
        "B-visual.hue1initial":"360.000000",
        "B-visual.hue1time":"5.000000",
        "B-visual.hue2final":"0.000000",
        "B-visual.hue2initial":"360.000000",
        "B-visual.hue2time":"5.000000",
        "B-visual.justification":"center",
        "B-visual.lifetime":"9.996000",
        "B-visual.luminance":"0.500000",
        "B-visual.mirrortype":"none",
        "B-visual.movedir":"random",
        "B-visual.noisevertex":"0.000000",
        "B-visual.noisevertexx":"0.000000",
        "B-visual.noisevertexy":"0.000000",
        "B-visual.nsprites":"1044",
        "B-visual.placement":"cursor",
        "B-visual.rotangdir":"left",
        "B-visual.rotanginit":"0.000000",
        "B-visual.rotangspeed":"0.000000",
        "B-visual.rotauto":"false",
        "B-visual.saturation":"1.000000",
        "B-visual.shape":"line",
        "B-visual.sizefinal":"8.000000",
        "B-visual.sizeinitial":"10.000000",
        "B-visual.sizetime":"3.079000",
        "B-visual.smoothxyz":"3",
        "B-visual.speed":"0.000000",
        "B-visual.spritesource":"cursor",
        "B-visual.thickness":"4.900000",
        "B-visual.zmin":"0.100000",
        "C-effect.1-blur":"false",
        "C-effect.1-blur:blurxdistance":"0.197000",
        "C-effect.1-blur:blurydistance":"0.960000",
        "C-effect.1-blur:gaussian":"0.006000",
        "C-effect.1-blur:quality":"0.559000",
        "C-effect.1-displace":"false",
        "C-effect.1-displace:threshold":"0.204000",
        "C-effect.1-displace:xfactor":"0.492000",
        "C-effect.1-displace:yfactor":"0.461000",
        "C-effect.1-edgedetection":"true",
        "C-effect.1-edgedetection:mode":"0.497000",
        "C-effect.1-edgedetection:multiplier":"0.863000",
        "C-effect.1-fragment":"false",
        "C-effect.1-fragment:distance":"0.351000",
        "C-effect.1-fragment:fragments":"0.567000",
        "C-effect.1-fragment:fragrotationx":"0.929000",
        "C-effect.1-fragment:fragrotationy":"0.575000",
        "C-effect.1-fragment:fragrotationz":"0.174000",
        "C-effect.1-fragment:fragscale":"1.000000",
        "C-effect.1-fragment:rotation":"0.481000",
        "C-effect.1-goo":"false",
        "C-effect.1-goo:maxdistortionx":"1.000000",
        "C-effect.1-goo:maxdistortiony":"1.000000",
        "C-effect.1-goo:maxdistortionz":"1.000000",
        "C-effect.1-goo:resolution":"16",
        "C-effect.1-goo:shade":"1.000000",
        "C-effect.1-goo:speed":"0.150000",
        "C-effect.1-huerotate":"false",
        "C-effect.1-huerotate:huerotate":"0.237000",
        "C-effect.1-huerotate:huescale":"0.289000",
        "C-effect.1-huerotate:satscale":"0.567000",
        "C-effect.1-kaleidoscope":"false",
        "C-effect.1-kaleidoscope:angles":"0.398000",
        "C-effect.1-kaleidoscope:inputrotation":"0.611000",
        "C-effect.1-kaleidoscope:opacity":"1.000000",
        "C-effect.1-kaleidoscope:rotation":"0.895000",
        "C-effect.1-kaleidoscope:zoom":"0.792000",
        "C-effect.1-mirror":"true",
        "C-effect.1-mirror:flipx":"0",
        "C-effect.1-mirror:flipy":"1",
        "C-effect.1-mirror:in/out":"0.126000",
        "C-effect.1-mirror:x":"0.500000",
        "C-effect.1-mirror:y":"0.500000",
        "C-effect.1-mirrorquad":"false",
        "C-effect.1-mirrorquad:flipx":"1",
        "C-effect.1-mirrorquad:flipy":"1",
        "C-effect.1-posterize":"false",
        "C-effect.1-posterize:posterize":"0.253000",
        "C-effect.1-trails":"false",
        "C-effect.1-trails:feedback":"0.587000",
        "C-effect.1-twisted":"false",
        "C-effect.1-twisted:radius":"0.354000",
        "C-effect.1-twisted:twirl":"0.000000",
        "C-effect.2-blur":"false",
        "C-effect.2-blur:blurxdistance":"0.183000",
        "C-effect.2-blur:blurydistance":"0.126000",
        "C-effect.2-blur:gaussian":"0.663000",
        "C-effect.2-blur:quality":"0.198000",
        "C-effect.2-displace":"false",
        "C-effect.2-displace:threshold":"0.258000",
        "C-effect.2-displace:xfactor":"0.358000",
        "C-effect.2-displace:yfactor":"0.406000",
        "C-effect.2-edgedetection":"false",
        "C-effect.2-edgedetection:mode":"0.015000",
        "C-effect.2-edgedetection:multiplier":"0.954000",
        "C-effect.2-fragment":"false",
        "C-effect.2-fragment:distance":"0.431000",
        "C-effect.2-fragment:fragments":"0.175000",
        "C-effect.2-fragment:fragrotationx":"0.166000",
        "C-effect.2-fragment:fragrotationy":"0.307000",
        "C-effect.2-fragment:fragrotationz":"0.326000",
        "C-effect.2-fragment:fragscale":"1.000000",
        "C-effect.2-fragment:rotation":"0.721000",
        "C-effect.2-goo":"false",
        "C-effect.2-goo:maxdistortionx":"1.000000",
        "C-effect.2-goo:maxdistortiony":"1.000000",
        "C-effect.2-goo:maxdistortionz":"1.000000",
        "C-effect.2-goo:resolution":"16",
        "C-effect.2-goo:shade":"1.000000",
        "C-effect.2-goo:speed":"0.150000",
        "C-effect.2-huerotate":"false",
        "C-effect.2-huerotate:huerotate":"0.623000",
        "C-effect.2-huerotate:huescale":"0.215000",
        "C-effect.2-huerotate:satscale":"0.623000",
        "C-effect.2-kaleidoscope":"false",
        "C-effect.2-kaleidoscope:angles":"0.126000",
        "C-effect.2-kaleidoscope:inputrotation":"0.445000",
        "C-effect.2-kaleidoscope:opacity":"1.000000",
        "C-effect.2-kaleidoscope:rotation":"0.179000",
        "C-effect.2-kaleidoscope:zoom":"0.668000",
        "C-effect.2-mirror":"true",
        "C-effect.2-mirror:flipx":"1",
        "C-effect.2-mirror:flipy":"1",
        "C-effect.2-mirror:in/out":"0.756000",
        "C-effect.2-mirror:x":"0.500000",
        "C-effect.2-mirror:y":"0.500000",
        "C-effect.2-mirrorquad":"false",
        "C-effect.2-mirrorquad:flipx":"1",
        "C-effect.2-mirrorquad:flipy":"1",
        "C-effect.2-posterize":"false",
        "C-effect.2-posterize:posterize":"0.216000",
        "C-effect.2-trails":"false",
        "C-effect.2-trails:feedback":"0.501000",
        "C-effect.2-twisted":"false",
        "C-effect.2-twisted:radius":"0.789000",
        "C-effect.2-twisted:twirl":"0.498000",
        "C-misc.enable:sound":"true",
        "C-misc.enable:visual":"true",
        "C-misc.logic_sound":"true",
        "C-misc.logic_visual":"true",
        "C-misc.loop:length":"100",
        "C-misc.midibehaviour":"default",
        "C-misc.pitchfactor":"1.000000",
        "C-misc.pitchoffset":"0.000000",
        "C-misc.quant":"frets",
        "C-misc.scale":"newage",
        "C-misc.vol":"pressure",
        "C-sound.chromatic":"false",
        "C-sound.controllermax":"127",
        "C-sound.controllermin":"1",
        "C-sound.controllerstyle":"modulationonly",
        "C-sound.controllerzmax":"0.300000",
        "C-sound.controllerzmin":"0.050000",
        "C-sound.deltaytrig":"1.000000",
        "C-sound.deltaztrig":"1.000000",
        "C-sound.inputport":"",
        "C-sound.midifile":"jsbach",
        "C-sound.pitchmax":"72",
        "C-sound.pitchmin":"25",
        "C-sound.synth":"P_08_C_04",
        "C-sound.timefret1q":"1.000000",
        "C-sound.timefret1y":"0.300000",
        "C-sound.timefret2q":"0.500000",
        "C-sound.timefret2y":"0.600000",
        "C-sound.timefret3q":"0.250000",
        "C-sound.timefret3y":"0.900000",
        "C-sound.timefret4q":"0.125000",
        "C-sound.timefret4y":"1.000000",
        "C-sound.velocitymax":"127",
        "C-sound.velocitymin":"48",
        "C-sound.xcontroller":"1",
        "C-sound.ycontroller":"1",
        "C-sound.zcontroller":"1",
        "C-visual.alphafinal":"0.000000",
        "C-visual.alphainitial":"1.000000",
        "C-visual.alphatime":"8.283000",
        "C-visual.aspect":"0.500000",
        "C-visual.bounce":"false",
        "C-visual.cursorsprites":"false",
        "C-visual.filled":"true",
        "C-visual.gravity":"0",
        "C-visual.hue1final":"180.000000",
        "C-visual.hue1initial":"252.000000",
        "C-visual.hue1time":"6.998000",
        "C-visual.hue2final":"180.000000",
        "C-visual.hue2initial":"252.000000",
        "C-visual.hue2time":"6.998000",
        "C-visual.justification":"center",
        "C-visual.lifetime":"9.996000",
        "C-visual.luminance":"0.500000",
        "C-visual.mirrortype":"vertical",
        "C-visual.movedir":"random",
        "C-visual.noisevertex":"0.000000",
        "C-visual.noisevertexx":"0.000000",
        "C-visual.noisevertexy":"0.000000",
        "C-visual.nsprites":"1044",
        "C-visual.placement":"cursor",
        "C-visual.rotangdir":"left",
        "C-visual.rotanginit":"36.000000",
        "C-visual.rotangspeed":"24.000000",
        "C-visual.rotauto":"false",
        "C-visual.saturation":"1.000000",
        "C-visual.shape":"line",
        "C-visual.sizefinal":"8.000000",
        "C-visual.sizeinitial":"10.000000",
        "C-visual.sizetime":"3.079000",
        "C-visual.smoothxyz":"3",
        "C-visual.speed":"0.000000",
        "C-visual.spritesource":"cursor",
        "C-visual.thickness":"4.900000",
        "C-visual.zmin":"0.100000",
        "D-effect.1-blur":"false",
        "D-effect.1-blur:blurxdistance":"0.197000",
        "D-effect.1-blur:blurydistance":"0.960000",
        "D-effect.1-blur:gaussian":"0.006000",
        "D-effect.1-blur:quality":"0.559000",
        "D-effect.1-displace":"false",
        "D-effect.1-displace:threshold":"0.204000",
        "D-effect.1-displace:xfactor":"0.492000",
        "D-effect.1-displace:yfactor":"0.461000",
        "D-effect.1-edgedetection":"true",
        "D-effect.1-edgedetection:mode":"0.497000",
        "D-effect.1-edgedetection:multiplier":"0.863000",
        "D-effect.1-fragment":"false",
        "D-effect.1-fragment:distance":"0.351000",
        "D-effect.1-fragment:fragments":"0.567000",
        "D-effect.1-fragment:fragrotationx":"0.929000",
        "D-effect.1-fragment:fragrotationy":"0.575000",
        "D-effect.1-fragment:fragrotationz":"0.174000",
        "D-effect.1-fragment:fragscale":"1.000000",
        "D-effect.1-fragment:rotation":"0.481000",
        "D-effect.1-goo":"false",
        "D-effect.1-goo:maxdistortionx":"1.000000",
        "D-effect.1-goo:maxdistortiony":"1.000000",
        "D-effect.1-goo:maxdistortionz":"1.000000",
        "D-effect.1-goo:resolution":"16",
        "D-effect.1-goo:shade":"1.000000",
        "D-effect.1-goo:speed":"0.150000",
        "D-effect.1-huerotate":"false",
        "D-effect.1-huerotate:huerotate":"0.237000",
        "D-effect.1-huerotate:huescale":"0.289000",
        "D-effect.1-huerotate:satscale":"0.567000",
        "D-effect.1-kaleidoscope":"false",
        "D-effect.1-kaleidoscope:angles":"0.398000",
        "D-effect.1-kaleidoscope:inputrotation":"0.611000",
        "D-effect.1-kaleidoscope:opacity":"1.000000",
        "D-effect.1-kaleidoscope:rotation":"0.895000",
        "D-effect.1-kaleidoscope:zoom":"0.792000",
        "D-effect.1-mirror":"false",
        "D-effect.1-mirror:flipx":"0",
        "D-effect.1-mirror:flipy":"1",
        "D-effect.1-mirror:in/out":"0.126000",
        "D-effect.1-mirror:x":"0.500000",
        "D-effect.1-mirror:y":"0.500000",
        "D-effect.1-mirrorquad":"false",
        "D-effect.1-mirrorquad:flipx":"1",
        "D-effect.1-mirrorquad:flipy":"1",
        "D-effect.1-posterize":"false",
        "D-effect.1-posterize:posterize":"0.253000",
        "D-effect.1-trails":"false",
        "D-effect.1-trails:feedback":"0.587000",
        "D-effect.1-twisted":"true",
        "D-effect.1-twisted:radius":"0.154000",
        "D-effect.1-twisted:twirl":"0.417000",
        "D-effect.2-blur":"false",
        "D-effect.2-blur:blurxdistance":"0.183000",
        "D-effect.2-blur:blurydistance":"0.126000",
        "D-effect.2-blur:gaussian":"0.663000",
        "D-effect.2-blur:quality":"0.198000",
        "D-effect.2-displace":"false",
        "D-effect.2-displace:threshold":"0.258000",
        "D-effect.2-displace:xfactor":"0.358000",
        "D-effect.2-displace:yfactor":"0.406000",
        "D-effect.2-edgedetection":"false",
        "D-effect.2-edgedetection:mode":"0.015000",
        "D-effect.2-edgedetection:multiplier":"0.954000",
        "D-effect.2-fragment":"false",
        "D-effect.2-fragment:distance":"0.431000",
        "D-effect.2-fragment:fragments":"0.175000",
        "D-effect.2-fragment:fragrotationx":"0.166000",
        "D-effect.2-fragment:fragrotationy":"0.307000",
        "D-effect.2-fragment:fragrotationz":"0.326000",
        "D-effect.2-fragment:fragscale":"1.000000",
        "D-effect.2-fragment:rotation":"0.721000",
        "D-effect.2-goo":"false",
        "D-effect.2-goo:maxdistortionx":"1.000000",
        "D-effect.2-goo:maxdistortiony":"1.000000",
        "D-effect.2-goo:maxdistortionz":"1.000000",
        "D-effect.2-goo:resolution":"16",
        "D-effect.2-goo:shade":"1.000000",
        "D-effect.2-goo:speed":"0.150000",
        "D-effect.2-huerotate":"false",
        "D-effect.2-huerotate:huerotate":"0.623000",
        "D-effect.2-huerotate:huescale":"0.215000",
        "D-effect.2-huerotate:satscale":"0.623000",
        "D-effect.2-kaleidoscope":"false",
        "D-effect.2-kaleidoscope:angles":"0.126000",
        "D-effect.2-kaleidoscope:inputrotation":"0.445000",
        "D-effect.2-kaleidoscope:opacity":"1.000000",
        "D-effect.2-kaleidoscope:rotation":"0.179000",
        "D-effect.2-kaleidoscope:zoom":"0.668000",
        "D-effect.2-mirror":"true",
        "D-effect.2-mirror:flipx":"1",
        "D-effect.2-mirror:flipy":"1",
        "D-effect.2-mirror:in/out":"0.756000",
        "D-effect.2-mirror:x":"0.500000",
        "D-effect.2-mirror:y":"0.500000",
        "D-effect.2-mirrorquad":"false",
        "D-effect.2-mirrorquad:flipx":"1",
        "D-effect.2-mirrorquad:flipy":"1",
        "D-effect.2-posterize":"false",
        "D-effect.2-posterize:posterize":"0.216000",
        "D-effect.2-trails":"false",
        "D-effect.2-trails:feedback":"0.501000",
        "D-effect.2-twisted":"false",
        "D-effect.2-twisted:radius":"0.789000",
        "D-effect.2-twisted:twirl":"0.498000",
        "D-misc.enable:sound":"true",
        "D-misc.enable:visual":"true",
        "D-misc.logic_sound":"true",
        "D-misc.logic_visual":"true",
        "D-misc.loop:length":"100",
        "D-misc.midibehaviour":"default",
        "D-misc.pitchfactor":"1.000000",
        "D-misc.pitchoffset":"0.000000",
        "D-misc.quant":"frets",
        "D-misc.scale":"newage",
        "D-misc.vol":"pressure",
        "D-sound.chromatic":"false",
        "D-sound.controllermax":"127",
        "D-sound.controllermin":"1",
        "D-sound.controllerstyle":"modulationonly",
        "D-sound.controllerzmax":"0.300000",
        "D-sound.controllerzmin":"0.050000",
        "D-sound.deltaytrig":"1.000000",
        "D-sound.deltaztrig":"1.000000",
        "D-sound.inputport":"",
        "D-sound.midifile":"jsbach",
        "D-sound.pitchmax":"80",
        "D-sound.pitchmin":"32",
        "D-sound.synth":"P_06_C_01",
        "D-sound.timefret1q":"1.000000",
        "D-sound.timefret1y":"0.150000",
        "D-sound.timefret2q":"0.500000",
        "D-sound.timefret2y":"0.500000",
        "D-sound.timefret3q":"0.250000",
        "D-sound.timefret3y":"0.800000",
        "D-sound.timefret4q":"0.125000",
        "D-sound.timefret4y":"1.000000",
        "D-sound.velocitymax":"127",
        "D-sound.velocitymin":"48",
        "D-sound.xcontroller":"3",
        "D-sound.ycontroller":"2",
        "D-sound.zcontroller":"1",
        "D-visual.alphafinal":"0.000000",
        "D-visual.alphainitial":"1.000000",
        "D-visual.alphatime":"4.287000",
        "D-visual.aspect":"0.500000",
        "D-visual.bounce":"false",
        "D-visual.cursorsprites":"false",
        "D-visual.filled":"true",
        "D-visual.gravity":"0",
        "D-visual.hue1final":"0.000000",
        "D-visual.hue1initial":"360.000000",
        "D-visual.hue1time":"5.000000",
        "D-visual.hue2final":"0.000000",
        "D-visual.hue2initial":"360.000000",
        "D-visual.hue2time":"5.000000",
        "D-visual.justification":"center",
        "D-visual.lifetime":"9.996000",
        "D-visual.luminance":"0.500000",
        "D-visual.mirrortype":"none",
        "D-visual.movedir":"random",
        "D-visual.noisevertex":"0.000000",
        "D-visual.noisevertexx":"0.000000",
        "D-visual.noisevertexy":"0.000000",
        "D-visual.nsprites":"1044",
        "D-visual.placement":"cursor",
        "D-visual.rotangdir":"left",
        "D-visual.rotanginit":"0.000000",
        "D-visual.rotangspeed":"0.000000",
        "D-visual.rotauto":"false",
        "D-visual.saturation":"1.000000",
        "D-visual.shape":"line",
        "D-visual.sizefinal":"8.000000",
        "D-visual.sizeinitial":"10.000000",
        "D-visual.sizetime":"3.079000",
        "D-visual.smoothxyz":"3",
        "D-visual.speed":"0.000000",
        "D-visual.spritesource":"cursor",
        "D-visual.thickness":"4.900000",
        "D-visual.zmin":"0.100000"
    }
}