{
    "params": {
        "A-effect.1-blur":"true",
        "A-effect.1-blur:blurxdistance":"0.063000",
        "A-effect.1-blur:blurydistance":"0.044000",
        "A-effect.1-blur:gaussian":"0.465000",
        "A-effect.1-blur:quality":"0.958000",
        "A-effect.1-displace":"true",
        "A-effect.1-displace:threshold":"0.000000",
        "A-effect.1-displace:xfactor":"0.848000",
        "A-effect.1-displace:yfactor":"1.000000",
        "A-effect.1-edgedetection":"false",
        "A-effect.1-edgedetection:mode":"0.289000",
        "A-effect.1-edgedetection:multiplier":"0.666000",
        "A-effect.1-fragment":"false",
        "A-effect.1-fragment:distance":"0.964000",
        "A-effect.1-fragment:fragments":"0.033000",
        "A-effect.1-fragment:fragrotationx":"0.923000",
        "A-effect.1-fragment:fragrotationy":"0.604000",
        "A-effect.1-fragment:fragrotationz":"0.896000",
        "A-effect.1-fragment:fragscale":"1.000000",
        "A-effect.1-fragment:rotation":"0.082000",
        "A-effect.1-goo":"false",
        "A-effect.1-goo:maxdistortionx":"1.000000",
        "A-effect.1-goo:maxdistortiony":"1.000000",
        "A-effect.1-goo:maxdistortionz":"1.000000",
        "A-effect.1-goo:resolution":"16",
        "A-effect.1-goo:shade":"1.000000",
        "A-effect.1-goo:speed":"0.150000",
        "A-effect.1-huerotate":"false",
        "A-effect.1-huerotate:huerotate":"0.523000",
        "A-effect.1-huerotate:huescale":"0.310000",
        "A-effect.1-huerotate:satscale":"0.864000",
        "A-effect.1-kaleidoscope":"false",
        "A-effect.1-kaleidoscope:angles":"0.836000",
        "A-effect.1-kaleidoscope:inputrotation":"0.563000",
        "A-effect.1-kaleidoscope:opacity":"1.000000",
        "A-effect.1-kaleidoscope:rotation":"0.996000",
        "A-effect.1-kaleidoscope:zoom":"0.455000",
        "A-effect.1-mirror":"false",
        "A-effect.1-mirror:flipx":"1",
        "A-effect.1-mirror:flipy":"0",
        "A-effect.1-mirror:in/out":"0.450000",
        "A-effect.1-mirror:x":"0.500000",
        "A-effect.1-mirror:y":"0.500000",
        "A-effect.1-mirrorquad":"false",
        "A-effect.1-mirrorquad:flipx":"0",
        "A-effect.1-mirrorquad:flipy":"0",
        "A-effect.1-posterize":"false",
        "A-effect.1-posterize:posterize":"0.481000",
        "A-effect.1-trails":"true",
        "A-effect.1-trails:feedback":"0.750000",
        "A-effect.1-twisted":"false",
        "A-effect.1-twisted:radius":"0.556000",
        "A-effect.1-twisted:twirl":"0.119000",
        "A-effect.2-blur":"false",
        "A-effect.2-blur:blurxdistance":"0.562000",
        "A-effect.2-blur:blurydistance":"0.172000",
        "A-effect.2-blur:gaussian":"0.125000",
        "A-effect.2-blur:quality":"0.360000",
        "A-effect.2-displace":"false",
        "A-effect.2-displace:threshold":"0.340000",
        "A-effect.2-displace:xfactor":"0.228000",
        "A-effect.2-displace:yfactor":"0.388000",
        "A-effect.2-edgedetection":"false",
        "A-effect.2-edgedetection:mode":"0.652000",
        "A-effect.2-edgedetection:multiplier":"0.507000",
        "A-effect.2-fragment":"false",
        "A-effect.2-fragment:distance":"0.470000",
        "A-effect.2-fragment:fragments":"0.938000",
        "A-effect.2-fragment:fragrotationx":"0.878000",
        "A-effect.2-fragment:fragrotationy":"0.097000",
        "A-effect.2-fragment:fragrotationz":"0.194000",
        "A-effect.2-fragment:fragscale":"1.000000",
        "A-effect.2-fragment:rotation":"0.310000",
        "A-effect.2-goo":"false",
        "A-effect.2-goo:maxdistortionx":"1.000000",
        "A-effect.2-goo:maxdistortiony":"1.000000",
        "A-effect.2-goo:maxdistortionz":"1.000000",
        "A-effect.2-goo:resolution":"16",
        "A-effect.2-goo:shade":"1.000000",
        "A-effect.2-goo:speed":"0.150000",
        "A-effect.2-huerotate":"true",
        "A-effect.2-huerotate:huerotate":"0.884000",
        "A-effect.2-huerotate:huescale":"0.662000",
        "A-effect.2-huerotate:satscale":"0.320000",
        "A-effect.2-kaleidoscope":"false",
        "A-effect.2-kaleidoscope:angles":"0.737000",
        "A-effect.2-kaleidoscope:inputrotation":"0.927000",
        "A-effect.2-kaleidoscope:opacity":"1.000000",
        "A-effect.2-kaleidoscope:rotation":"0.483000",
        "A-effect.2-kaleidoscope:zoom":"0.712000",
        "A-effect.2-mirror":"false",
        "A-effect.2-mirror:flipx":"1",
        "A-effect.2-mirror:flipy":"1",
        "A-effect.2-mirror:in/out":"0.644000",
        "A-effect.2-mirror:x":"0.500000",
        "A-effect.2-mirror:y":"0.500000",
        "A-effect.2-mirrorquad":"false",
        "A-effect.2-mirrorquad:flipx":"1",
        "A-effect.2-mirrorquad:flipy":"0",
        "A-effect.2-posterize":"false",
        "A-effect.2-posterize:posterize":"0.000000",
        "A-effect.2-trails":"true",
        "A-effect.2-trails:feedback":"0.490000",
        "A-effect.2-twisted":"false",
        "A-effect.2-twisted:radius":"0.261000",
        "A-effect.2-twisted:twirl":"0.229000",
        "A-misc.enable:sound":"true",
        "A-misc.enable:visual":"true",
        "A-misc.logic_sound":"true",
        "A-misc.logic_visual":"true",
        "A-misc.loop:length":"100",
        "A-misc.midibehaviour":"default",
        "A-misc.pitchfactor":"1.000000",
        "A-misc.pitchoffset":"0.000000",
        "A-misc.quant":"frets",
        "A-misc.scale":"newage",
        "A-misc.vol":"pressure",
        "A-sound.chromatic":"false",
        "A-sound.controllermax":"127",
        "A-sound.controllermin":"1",
        "A-sound.controllerstyle":"modulationonly",
        "A-sound.controllerzmax":"0.300000",
        "A-sound.controllerzmin":"0.050000",
        "A-sound.deltaytrig":"1.000000",
        "A-sound.deltaztrig":"1.000000",
        "A-sound.inputport":"",
        "A-sound.midifile":"jsbach",
        "A-sound.pitchmax":"80",
        "A-sound.pitchmin":"33",
        "A-sound.synth":"P_06_C_03",
        "A-sound.timefret1q":"1.000000",
        "A-sound.timefret1y":"0.150000",
        "A-sound.timefret2q":"0.500000",
        "A-sound.timefret2y":"0.500000",
        "A-sound.timefret3q":"0.250000",
        "A-sound.timefret3y":"0.800000",
        "A-sound.timefret4q":"0.125000",
        "A-sound.timefret4y":"1.000000",
        "A-sound.velocitymax":"127",
        "A-sound.velocitymin":"1",
        "A-sound.xcontroller":"3",
        "A-sound.ycontroller":"2",
        "A-sound.zcontroller":"1",
        "A-visual.alphafinal":"0.000000",
        "A-visual.alphainitial":"0.860000",
        "A-visual.alphatime":"5.883000",
        "A-visual.aspect":"0.500000",
        "A-visual.bounce":"false",
        "A-visual.cursorsprites":"false",
        "A-visual.filled":"true",
        "A-visual.gravity":"0",
        "A-visual.hue1final":"360.000000",
        "A-visual.hue1initial":"72.000000",
        "A-visual.hue1time":"0.309000",
        "A-visual.hue2final":"360.000000",
        "A-visual.hue2initial":"72.000000",
        "A-visual.hue2time":"0.309000",
        "A-visual.justification":"center",
        "A-visual.lifetime":"10.000000",
        "A-visual.luminance":"0.500000",
        "A-visual.mirrortype":"none",
        "A-visual.movedir":"random",
        "A-visual.noisevertex":"0.000000",
        "A-visual.noisevertexx":"0.000000",
        "A-visual.noisevertexy":"0.000000",
        "A-visual.nsprites":"1000",
        "A-visual.placement":"cursor",
        "A-visual.rotangdir":"right",
        "A-visual.rotanginit":"144.000000",
        "A-visual.rotangspeed":"96.000000",
        "A-visual.rotauto":"true",
        "A-visual.saturation":"1.000000",
        "A-visual.shape":"circle",
        "A-visual.sizefinal":"0.000000",
        "A-visual.sizeinitial":"2.008000",
        "A-visual.sizetime":"2.582000",
        "A-visual.smoothxyz":"6",
        "A-visual.speed":"0.160000",
        "A-visual.spritesource":"cursor",
        "A-visual.thickness":"1.009000",
        "A-visual.zmin":"0.004000",
        "B-effect.1-blur":"true",
        "B-effect.1-blur:blurxdistance":"0.187000",
        "B-effect.1-blur:blurydistance":"0.030000",
        "B-effect.1-blur:gaussian":"0.714000",
        "B-effect.1-blur:quality":"0.627000",
        "B-effect.1-displace":"true",
        "B-effect.1-displace:threshold":"0.049000",
        "B-effect.1-displace:xfactor":"0.187000",
        "B-effect.1-displace:yfactor":"0.689000",
        "B-effect.1-edgedetection":"true",
        "B-effect.1-edgedetection:mode":"0.601000",
        "B-effect.1-edgedetection:multiplier":"1.000000",
        "B-effect.1-fragment":"false",
        "B-effect.1-fragment:distance":"0.727000",
        "B-effect.1-fragment:fragments":"0.248000",
        "B-effect.1-fragment:fragrotationx":"0.537000",
        "B-effect.1-fragment:fragrotationy":"0.700000",
        "B-effect.1-fragment:fragrotationz":"0.359000",
        "B-effect.1-fragment:fragscale":"1.000000",
        "B-effect.1-fragment:rotation":"0.618000",
        "B-effect.1-goo":"false",
        "B-effect.1-goo:maxdistortionx":"1.000000",
        "B-effect.1-goo:maxdistortiony":"1.000000",
        "B-effect.1-goo:maxdistortionz":"1.000000",
        "B-effect.1-goo:resolution":"16",
        "B-effect.1-goo:shade":"1.000000",
        "B-effect.1-goo:speed":"0.150000",
        "B-effect.1-huerotate":"false",
        "B-effect.1-huerotate:huerotate":"0.967000",
        "B-effect.1-huerotate:huescale":"0.243000",
        "B-effect.1-huerotate:satscale":"0.792000",
        "B-effect.1-kaleidoscope":"false",
        "B-effect.1-kaleidoscope:angles":"0.979000",
        "B-effect.1-kaleidoscope:inputrotation":"0.280000",
        "B-effect.1-kaleidoscope:opacity":"1.000000",
        "B-effect.1-kaleidoscope:rotation":"0.209000",
        "B-effect.1-kaleidoscope:zoom":"0.897000",
        "B-effect.1-mirror":"false",
        "B-effect.1-mirror:flipx":"1",
        "B-effect.1-mirror:flipy":"0",
        "B-effect.1-mirror:in/out":"0.054000",
        "B-effect.1-mirror:x":"0.500000",
        "B-effect.1-mirror:y":"0.500000",
        "B-effect.1-mirrorquad":"false",
        "B-effect.1-mirrorquad:flipx":"0",
        "B-effect.1-mirrorquad:flipy":"0",
        "B-effect.1-posterize":"false",
        "B-effect.1-posterize:posterize":"0.306000",
        "B-effect.1-trails":"false",
        "B-effect.1-trails:feedback":"0.550000",
        "B-effect.1-twisted":"false",
        "B-effect.1-twisted:radius":"0.821000",
        "B-effect.1-twisted:twirl":"0.538000",
        "B-effect.2-blur":"false",
        "B-effect.2-blur:blurxdistance":"0.201000",
        "B-effect.2-blur:blurydistance":"0.062000",
        "B-effect.2-blur:gaussian":"0.596000",
        "B-effect.2-blur:quality":"0.094000",
        "B-effect.2-displace":"false",
        "B-effect.2-displace:threshold":"0.083000",
        "B-effect.2-displace:xfactor":"0.000000",
        "B-effect.2-displace:yfactor":"0.245000",
        "B-effect.2-edgedetection":"true",
        "B-effect.2-edgedetection:mode":"0.676000",
        "B-effect.2-edgedetection:multiplier":"0.316000",
        "B-effect.2-fragment":"false",
        "B-effect.2-fragment:distance":"0.665000",
        "B-effect.2-fragment:fragments":"0.506000",
        "B-effect.2-fragment:fragrotationx":"0.669000",
        "B-effect.2-fragment:fragrotationy":"0.922000",
        "B-effect.2-fragment:fragrotationz":"0.544000",
        "B-effect.2-fragment:fragscale":"1.000000",
        "B-effect.2-fragment:rotation":"0.372000",
        "B-effect.2-goo":"false",
        "B-effect.2-goo:maxdistortionx":"1.000000",
        "B-effect.2-goo:maxdistortiony":"1.000000",
        "B-effect.2-goo:maxdistortionz":"1.000000",
        "B-effect.2-goo:resolution":"16",
        "B-effect.2-goo:shade":"1.000000",
        "B-effect.2-goo:speed":"0.150000",
        "B-effect.2-huerotate":"false",
        "B-effect.2-huerotate:huerotate":"0.024000",
        "B-effect.2-huerotate:huescale":"0.406000",
        "B-effect.2-huerotate:satscale":"0.750000",
        "B-effect.2-kaleidoscope":"false",
        "B-effect.2-kaleidoscope:angles":"0.224000",
        "B-effect.2-kaleidoscope:inputrotation":"0.887000",
        "B-effect.2-kaleidoscope:opacity":"1.000000",
        "B-effect.2-kaleidoscope:rotation":"0.056000",
        "B-effect.2-kaleidoscope:zoom":"0.889000",
        "B-effect.2-mirror":"false",
        "B-effect.2-mirror:flipx":"0",
        "B-effect.2-mirror:flipy":"1",
        "B-effect.2-mirror:in/out":"0.053000",
        "B-effect.2-mirror:x":"0.500000",
        "B-effect.2-mirror:y":"0.500000",
        "B-effect.2-mirrorquad":"false",
        "B-effect.2-mirrorquad:flipx":"0",
        "B-effect.2-mirrorquad:flipy":"0",
        "B-effect.2-posterize":"false",
        "B-effect.2-posterize:posterize":"0.210000",
        "B-effect.2-trails":"false",
        "B-effect.2-trails:feedback":"0.550000",
        "B-effect.2-twisted":"false",
        "B-effect.2-twisted:radius":"0.386000",
        "B-effect.2-twisted:twirl":"0.414000",
        "B-misc.enable:sound":"true",
        "B-misc.enable:visual":"true",
        "B-misc.logic_sound":"true",
        "B-misc.logic_visual":"true",
        "B-misc.loop:length":"100",
        "B-misc.midibehaviour":"default",
        "B-misc.pitchfactor":"1.000000",
        "B-misc.pitchoffset":"0.000000",
        "B-misc.quant":"frets",
        "B-misc.scale":"newage",
        "B-misc.vol":"pressure",
        "B-sound.chromatic":"false",
        "B-sound.controllermax":"127",
        "B-sound.controllermin":"1",
        "B-sound.controllerstyle":"modulationonly",
        "B-sound.controllerzmax":"0.300000",
        "B-sound.controllerzmin":"0.050000",
        "B-sound.deltaytrig":"1.000000",
        "B-sound.deltaztrig":"1.000000",
        "B-sound.inputport":"",
        "B-sound.midifile":"jsbach",
        "B-sound.pitchmax":"80",
        "B-sound.pitchmin":"33",
        "B-sound.synth":"P_06_C_07",
        "B-sound.timefret1q":"1.000000",
        "B-sound.timefret1y":"0.150000",
        "B-sound.timefret2q":"0.500000",
        "B-sound.timefret2y":"0.500000",
        "B-sound.timefret3q":"0.250000",
        "B-sound.timefret3y":"0.800000",
        "B-sound.timefret4q":"0.125000",
        "B-sound.timefret4y":"1.000000",
        "B-sound.velocitymax":"127",
        "B-sound.velocitymin":"1",
        "B-sound.xcontroller":"3",
        "B-sound.ycontroller":"2",
        "B-sound.zcontroller":"1",
        "B-visual.alphafinal":"0.000000",
        "B-visual.alphainitial":"1.000000",
        "B-visual.alphatime":"6.918000",
        "B-visual.aspect":"0.498000",
        "B-visual.bounce":"true",
        "B-visual.cursorsprites":"false",
        "B-visual.filled":"true",
        "B-visual.gravity":"0",
        "B-visual.hue1final":"218.983002",
        "B-visual.hue1initial":"117.032997",
        "B-visual.hue1time":"1.764000",
        "B-visual.hue2final":"250.266006",
        "B-visual.hue2initial":"177.044998",
        "B-visual.hue2time":"1.725000",
        "B-visual.justification":"center",
        "B-visual.lifetime":"2.772000",
        "B-visual.luminance":"0.500000",
        "B-visual.mirrortype":"horizontal",
        "B-visual.movedir":"updown",
        "B-visual.noisevertex":"0.000000",
        "B-visual.noisevertexx":"0.000000",
        "B-visual.noisevertexy":"0.000000",
        "B-visual.nsprites":"952",
        "B-visual.placement":"cursor",
        "B-visual.rotangdir":"random",
        "B-visual.rotanginit":"0.000000",
        "B-visual.rotangspeed":"0.000000",
        "B-visual.rotauto":"false",
        "B-visual.saturation":"0.934000",
        "B-visual.shape":"square",
        "B-visual.sizefinal":"1.214000",
        "B-visual.sizeinitial":"0.129000",
        "B-visual.sizetime":"2.579000",
        "B-visual.smoothxyz":"7",
        "B-visual.speed":"0.275000",
        "B-visual.spritesource":"cursor",
        "B-visual.thickness":"9.362000",
        "B-visual.zmin":"0.004000",
        "C-effect.1-blur":"true",
        "C-effect.1-blur:blurxdistance":"0.187000",
        "C-effect.1-blur:blurydistance":"0.030000",
        "C-effect.1-blur:gaussian":"0.714000",
        "C-effect.1-blur:quality":"0.627000",
        "C-effect.1-displace":"true",
        "C-effect.1-displace:threshold":"0.049000",
        "C-effect.1-displace:xfactor":"0.187000",
        "C-effect.1-displace:yfactor":"0.689000",
        "C-effect.1-edgedetection":"true",
        "C-effect.1-edgedetection:mode":"0.601000",
        "C-effect.1-edgedetection:multiplier":"1.000000",
        "C-effect.1-fragment":"false",
        "C-effect.1-fragment:distance":"0.727000",
        "C-effect.1-fragment:fragments":"0.248000",
        "C-effect.1-fragment:fragrotationx":"0.537000",
        "C-effect.1-fragment:fragrotationy":"0.700000",
        "C-effect.1-fragment:fragrotationz":"0.359000",
        "C-effect.1-fragment:fragscale":"1.000000",
        "C-effect.1-fragment:rotation":"0.618000",
        "C-effect.1-goo":"false",
        "C-effect.1-goo:maxdistortionx":"1.000000",
        "C-effect.1-goo:maxdistortiony":"1.000000",
        "C-effect.1-goo:maxdistortionz":"1.000000",
        "C-effect.1-goo:resolution":"16",
        "C-effect.1-goo:shade":"1.000000",
        "C-effect.1-goo:speed":"0.150000",
        "C-effect.1-huerotate":"false",
        "C-effect.1-huerotate:huerotate":"0.967000",
        "C-effect.1-huerotate:huescale":"0.243000",
        "C-effect.1-huerotate:satscale":"0.792000",
        "C-effect.1-kaleidoscope":"false",
        "C-effect.1-kaleidoscope:angles":"0.979000",
        "C-effect.1-kaleidoscope:inputrotation":"0.280000",
        "C-effect.1-kaleidoscope:opacity":"1.000000",
        "C-effect.1-kaleidoscope:rotation":"0.209000",
        "C-effect.1-kaleidoscope:zoom":"0.897000",
        "C-effect.1-mirror":"false",
        "C-effect.1-mirror:flipx":"1",
        "C-effect.1-mirror:flipy":"0",
        "C-effect.1-mirror:in/out":"0.054000",
        "C-effect.1-mirror:x":"0.500000",
        "C-effect.1-mirror:y":"0.500000",
        "C-effect.1-mirrorquad":"false",
        "C-effect.1-mirrorquad:flipx":"0",
        "C-effect.1-mirrorquad:flipy":"0",
        "C-effect.1-posterize":"false",
        "C-effect.1-posterize:posterize":"0.306000",
        "C-effect.1-trails":"false",
        "C-effect.1-trails:feedback":"0.550000",
        "C-effect.1-twisted":"false",
        "C-effect.1-twisted:radius":"0.821000",
        "C-effect.1-twisted:twirl":"0.538000",
        "C-effect.2-blur":"false",
        "C-effect.2-blur:blurxdistance":"0.201000",
        "C-effect.2-blur:blurydistance":"0.062000",
        "C-effect.2-blur:gaussian":"0.596000",
        "C-effect.2-blur:quality":"0.094000",
        "C-effect.2-displace":"false",
        "C-effect.2-displace:threshold":"0.083000",
        "C-effect.2-displace:xfactor":"0.000000",
        "C-effect.2-displace:yfactor":"0.245000",
        "C-effect.2-edgedetection":"true",
        "C-effect.2-edgedetection:mode":"0.676000",
        "C-effect.2-edgedetection:multiplier":"0.316000",
        "C-effect.2-fragment":"false",
        "C-effect.2-fragment:distance":"0.665000",
        "C-effect.2-fragment:fragments":"0.506000",
        "C-effect.2-fragment:fragrotationx":"0.669000",
        "C-effect.2-fragment:fragrotationy":"0.922000",
        "C-effect.2-fragment:fragrotationz":"0.544000",
        "C-effect.2-fragment:fragscale":"1.000000",
        "C-effect.2-fragment:rotation":"0.372000",
        "C-effect.2-goo":"false",
        "C-effect.2-goo:maxdistortionx":"1.000000",
        "C-effect.2-goo:maxdistortiony":"1.000000",
        "C-effect.2-goo:maxdistortionz":"1.000000",
        "C-effect.2-goo:resolution":"16",
        "C-effect.2-goo:shade":"1.000000",
        "C-effect.2-goo:speed":"0.150000",
        "C-effect.2-huerotate":"false",
        "C-effect.2-huerotate:huerotate":"0.024000",
        "C-effect.2-huerotate:huescale":"0.406000",
        "C-effect.2-huerotate:satscale":"0.750000",
        "C-effect.2-kaleidoscope":"false",
        "C-effect.2-kaleidoscope:angles":"0.224000",
        "C-effect.2-kaleidoscope:inputrotation":"0.887000",
        "C-effect.2-kaleidoscope:opacity":"1.000000",
        "C-effect.2-kaleidoscope:rotation":"0.056000",
        "C-effect.2-kaleidoscope:zoom":"0.889000",
        "C-effect.2-mirror":"false",
        "C-effect.2-mirror:flipx":"0",
        "C-effect.2-mirror:flipy":"1",
        "C-effect.2-mirror:in/out":"0.053000",
        "C-effect.2-mirror:x":"0.500000",
        "C-effect.2-mirror:y":"0.500000",
        "C-effect.2-mirrorquad":"false",
        "C-effect.2-mirrorquad:flipx":"0",
        "C-effect.2-mirrorquad:flipy":"0",
        "C-effect.2-posterize":"false",
        "C-effect.2-posterize:posterize":"0.210000",
        "C-effect.2-trails":"false",
        "C-effect.2-trails:feedback":"0.550000",
        "C-effect.2-twisted":"false",
        "C-effect.2-twisted:radius":"0.386000",
        "C-effect.2-twisted:twirl":"0.414000",
        "C-misc.enable:sound":"true",
        "C-misc.enable:visual":"true",
        "C-misc.logic_sound":"true",
        "C-misc.logic_visual":"true",
        "C-misc.loop:length":"100",
        "C-misc.midibehaviour":"default",
        "C-misc.pitchfactor":"1.000000",
        "C-misc.pitchoffset":"0.000000",
        "C-misc.quant":"frets",
        "C-misc.scale":"newage",
        "C-misc.vol":"pressure",
        "C-sound.chromatic":"false",
        "C-sound.controllermax":"127",
        "C-sound.controllermin":"1",
        "C-sound.controllerstyle":"modulationonly",
        "C-sound.controllerzmax":"0.300000",
        "C-sound.controllerzmin":"0.050000",
        "C-sound.deltaytrig":"1.000000",
        "C-sound.deltaztrig":"1.000000",
        "C-sound.inputport":"",
        "C-sound.midifile":"jsbach",
        "C-sound.pitchmax":"80",
        "C-sound.pitchmin":"33",
        "C-sound.synth":"P_06_C_07",
        "C-sound.timefret1q":"1.000000",
        "C-sound.timefret1y":"0.150000",
        "C-sound.timefret2q":"0.500000",
        "C-sound.timefret2y":"0.500000",
        "C-sound.timefret3q":"0.250000",
        "C-sound.timefret3y":"0.800000",
        "C-sound.timefret4q":"0.125000",
        "C-sound.timefret4y":"1.000000",
        "C-sound.velocitymax":"127",
        "C-sound.velocitymin":"1",
        "C-sound.xcontroller":"3",
        "C-sound.ycontroller":"2",
        "C-sound.zcontroller":"1",
        "C-visual.alphafinal":"0.000000",
        "C-visual.alphainitial":"1.000000",
        "C-visual.alphatime":"6.918000",
        "C-visual.aspect":"0.498000",
        "C-visual.bounce":"true",
        "C-visual.cursorsprites":"false",
        "C-visual.filled":"true",
        "C-visual.gravity":"0",
        "C-visual.hue1final":"360.000000",
        "C-visual.hue1initial":"297.032990",
        "C-visual.hue1time":"1.764000",
        "C-visual.hue2final":"250.266006",
        "C-visual.hue2initial":"177.044998",
        "C-visual.hue2time":"1.725000",
        "C-visual.justification":"center",
        "C-visual.lifetime":"2.772000",
        "C-visual.luminance":"0.500000",
        "C-visual.mirrortype":"vertical",
        "C-visual.movedir":"leftright",
        "C-visual.noisevertex":"0.000000",
        "C-visual.noisevertexx":"0.000000",
        "C-visual.noisevertexy":"0.000000",
        "C-visual.nsprites":"952",
        "C-visual.placement":"cursor",
        "C-visual.rotangdir":"random",
        "C-visual.rotanginit":"0.000000",
        "C-visual.rotangspeed":"0.000000",
        "C-visual.rotauto":"false",
        "C-visual.saturation":"0.934000",
        "C-visual.shape":"square",
        "C-visual.sizefinal":"1.714000",
        "C-visual.sizeinitial":"0.329000",
        "C-visual.sizetime":"2.579000",
        "C-visual.smoothxyz":"7",
        "C-visual.speed":"0.275000",
        "C-visual.spritesource":"cursor",
        "C-visual.thickness":"9.362000",
        "C-visual.zmin":"0.004000",
        "D-effect.1-blur":"true",
        "D-effect.1-blur:blurxdistance":"0.251190",
        "D-effect.1-blur:blurydistance":"0.481769",
        "D-effect.1-blur:gaussian":"0.152668",
        "D-effect.1-blur:quality":"0.985190",
        "D-effect.1-displace":"true",
        "D-effect.1-displace:threshold":"0.154888",
        "D-effect.1-displace:xfactor":"0.565688",
        "D-effect.1-displace:yfactor":"0.611203",
        "D-effect.1-edgedetection":"false",
        "D-effect.1-edgedetection:mode":"0.629711",
        "D-effect.1-edgedetection:multiplier":"0.791587",
        "D-effect.1-fragment":"false",
        "D-effect.1-fragment:distance":"0.787759",
        "D-effect.1-fragment:fragments":"0.485336",
        "D-effect.1-fragment:fragrotationx":"0.370935",
        "D-effect.1-fragment:fragrotationy":"0.630668",
        "D-effect.1-fragment:fragrotationz":"0.974184",
        "D-effect.1-fragment:fragscale":"1.000000",
        "D-effect.1-fragment:rotation":"0.506044",
        "D-effect.1-goo":"false",
        "D-effect.1-goo:maxdistortionx":"0.485107",
        "D-effect.1-goo:maxdistortiony":"0.849828",
        "D-effect.1-goo:maxdistortionz":"0.396088",
        "D-effect.1-goo:resolution":"29",
        "D-effect.1-goo:shade":"0.867873",
        "D-effect.1-goo:speed":"0.098422",
        "D-effect.1-huerotate":"false",
        "D-effect.1-huerotate:huerotate":"0.423815",
        "D-effect.1-huerotate:huescale":"0.549249",
        "D-effect.1-huerotate:satscale":"0.781600",
        "D-effect.1-kaleidoscope":"false",
        "D-effect.1-kaleidoscope:angles":"0.166890",
        "D-effect.1-kaleidoscope:inputrotation":"0.666901",
        "D-effect.1-kaleidoscope:opacity":"1.000000",
        "D-effect.1-kaleidoscope:rotation":"0.747056",
        "D-effect.1-kaleidoscope:zoom":"0.836311",
        "D-effect.1-mirror":"false",
        "D-effect.1-mirror:flipx":"0",
        "D-effect.1-mirror:flipy":"0",
        "D-effect.1-mirror:in/out":"0.598360",
        "D-effect.1-mirror:x":"0.500000",
        "D-effect.1-mirror:y":"0.500000",
        "D-effect.1-mirrorquad":"false",
        "D-effect.1-mirrorquad:flipx":"1",
        "D-effect.1-mirrorquad:flipy":"1",
        "D-effect.1-posterize":"true",
        "D-effect.1-posterize:posterize":"0.273868",
        "D-effect.1-trails":"false",
        "D-effect.1-trails:feedback":"0.549094",
        "D-effect.1-twisted":"false",
        "D-effect.1-twisted:radius":"0.363536",
        "D-effect.1-twisted:twirl":"0.547811",
        "D-effect.2-blur":"false",
        "D-effect.2-blur:blurxdistance":"0.263647",
        "D-effect.2-blur:blurydistance":"0.862926",
        "D-effect.2-blur:gaussian":"0.314935",
        "D-effect.2-blur:quality":"0.622452",
        "D-effect.2-displace":"false",
        "D-effect.2-displace:threshold":"0.223349",
        "D-effect.2-displace:xfactor":"0.672840",
        "D-effect.2-displace:yfactor":"0.664816",
        "D-effect.2-edgedetection":"false",
        "D-effect.2-edgedetection:mode":"0.256092",
        "D-effect.2-edgedetection:multiplier":"0.700529",
        "D-effect.2-fragment":"false",
        "D-effect.2-fragment:distance":"0.244807",
        "D-effect.2-fragment:fragments":"0.073173",
        "D-effect.2-fragment:fragrotationx":"0.130565",
        "D-effect.2-fragment:fragrotationy":"0.201627",
        "D-effect.2-fragment:fragrotationz":"0.616027",
        "D-effect.2-fragment:fragscale":"1.000000",
        "D-effect.2-fragment:rotation":"0.011211",
        "D-effect.2-goo":"false",
        "D-effect.2-goo:maxdistortionx":"0.946562",
        "D-effect.2-goo:maxdistortiony":"0.562130",
        "D-effect.2-goo:maxdistortionz":"0.823063",
        "D-effect.2-goo:resolution":"25",
        "D-effect.2-goo:shade":"0.172470",
        "D-effect.2-goo:speed":"0.008616",
        "D-effect.2-huerotate":"false",
        "D-effect.2-huerotate:huerotate":"0.643845",
        "D-effect.2-huerotate:huescale":"0.549056",
        "D-effect.2-huerotate:satscale":"0.527268",
        "D-effect.2-kaleidoscope":"false",
        "D-effect.2-kaleidoscope:angles":"0.453803",
        "D-effect.2-kaleidoscope:inputrotation":"0.272060",
        "D-effect.2-kaleidoscope:opacity":"1.000000",
        "D-effect.2-kaleidoscope:rotation":"0.243805",
        "D-effect.2-kaleidoscope:zoom":"0.071969",
        "D-effect.2-mirror":"false",
        "D-effect.2-mirror:flipx":"0",
        "D-effect.2-mirror:flipy":"1",
        "D-effect.2-mirror:in/out":"0.147459",
        "D-effect.2-mirror:x":"0.500000",
        "D-effect.2-mirror:y":"0.500000",
        "D-effect.2-mirrorquad":"false",
        "D-effect.2-mirrorquad:flipx":"0",
        "D-effect.2-mirrorquad:flipy":"1",
        "D-effect.2-posterize":"false",
        "D-effect.2-posterize:posterize":"0.446156",
        "D-effect.2-trails":"true",
        "D-effect.2-trails:feedback":"0.636409",
        "D-effect.2-twisted":"false",
        "D-effect.2-twisted:radius":"0.649465",
        "D-effect.2-twisted:twirl":"0.717561",
        "D-misc.enable:sound":"true",
        "D-misc.enable:visual":"true",
        "D-misc.logic_sound":"true",
        "D-misc.logic_visual":"true",
        "D-misc.loop:length":"100",
        "D-misc.midibehaviour":"default",
        "D-misc.pitchfactor":"1.000000",
        "D-misc.pitchoffset":"0.000000",
        "D-misc.quant":"frets",
        "D-misc.scale":"newage",
        "D-misc.vol":"pressure",
        "D-sound.chromatic":"false",
        "D-sound.controllermax":"127",
        "D-sound.controllermin":"1",
        "D-sound.controllerstyle":"modulationonly",
        "D-sound.controllerzmax":"0.300000",
        "D-sound.controllerzmin":"0.050000",
        "D-sound.deltaytrig":"1.000000",
        "D-sound.deltaztrig":"1.000000",
        "D-sound.inputport":"",
        "D-sound.midifile":"jsbach",
        "D-sound.pitchmax":"80",
        "D-sound.pitchmin":"33",
        "D-sound.synth":"P_02_C_06",
        "D-sound.timefret1q":"1.000000",
        "D-sound.timefret1y":"0.150000",
        "D-sound.timefret2q":"0.500000",
        "D-sound.timefret2y":"0.500000",
        "D-sound.timefret3q":"0.250000",
        "D-sound.timefret3y":"0.800000",
        "D-sound.timefret4q":"0.125000",
        "D-sound.timefret4y":"1.000000",
        "D-sound.velocitymax":"127",
        "D-sound.velocitymin":"1",
        "D-sound.xcontroller":"3",
        "D-sound.ycontroller":"2",
        "D-sound.zcontroller":"1",
        "D-visual.alphafinal":"0.000000",
        "D-visual.alphainitial":"1.000000",
        "D-visual.alphatime":"6.526000",
        "D-visual.aspect":"0.160000",
        "D-visual.bounce":"false",
        "D-visual.cursorsprites":"false",
        "D-visual.filled":"true",
        "D-visual.gravity":"0",
        "D-visual.hue1final":"284.220001",
        "D-visual.hue1initial":"64.461998",
        "D-visual.hue1time":"2.571000",
        "D-visual.hue2final":"291.524994",
        "D-visual.hue2initial":"61.969002",
        "D-visual.hue2time":"1.645000",
        "D-visual.justification":"center",
        "D-visual.lifetime":"6.264000",
        "D-visual.luminance":"0.500000",
        "D-visual.mirrortype":"none",
        "D-visual.movedir":"leftright",
        "D-visual.noisevertex":"0.000000",
        "D-visual.noisevertexx":"0.000000",
        "D-visual.noisevertexy":"0.000000",
        "D-visual.nsprites":"9104",
        "D-visual.placement":"cursor",
        "D-visual.rotangdir":"random",
        "D-visual.rotanginit":"159.240005",
        "D-visual.rotangspeed":"24.000000",
        "D-visual.rotauto":"false",
        "D-visual.saturation":"0.500000",
        "D-visual.shape":"square",
        "D-visual.sizefinal":"1.446000",
        "D-visual.sizeinitial":"1.084000",
        "D-visual.sizetime":"1.317000",
        "D-visual.smoothxyz":"5",
        "D-visual.speed":"0.119000",
        "D-visual.spritesource":"cursor",
        "D-visual.thickness":"4.767000",
        "D-visual.zmin":"0.004000"
    }
}