{
    "params": {
        "C-effect.1-blur":"true",
        "C-effect.1-blur:blurxdistance":"0.400000",
        "C-effect.1-blur:blurydistance":"0.380000",
        "C-effect.1-blur:gaussian":"0.170000",
        "C-effect.1-blur:quality":"0.480000",
        "C-effect.1-displace":"false",
        "C-effect.1-displace:threshold":"0.000000",
        "C-effect.1-displace:xfactor":"0.760000",
        "C-effect.1-displace:yfactor":"0.240000",
        "C-effect.1-edgedetection":"false",
        "C-effect.1-edgedetection:mode":"0.920000",
        "C-effect.1-edgedetection:multiplier":"0.240000",
        "C-effect.1-fragment":"false",
        "C-effect.1-fragment:distance":"0.330000",
        "C-effect.1-fragment:fragments":"0.300000",
        "C-effect.1-fragment:fragrotationx":"0.500000",
        "C-effect.1-fragment:fragrotationy":"0.500000",
        "C-effect.1-fragment:fragrotationz":"0.500000",
        "C-effect.1-fragment:fragscale":"1.000000",
        "C-effect.1-fragment:rotation":"0.000000",
        "C-effect.1-goo":"true",
        "C-effect.1-goo:maxdistortionx":"1.000000",
        "C-effect.1-goo:maxdistortiony":"1.000000",
        "C-effect.1-goo:maxdistortionz":"1.000000",
        "C-effect.1-goo:resolution":"16",
        "C-effect.1-goo:shade":"1.000000",
        "C-effect.1-goo:speed":"0.150000",
        "C-effect.1-huerotate":"false",
        "C-effect.1-huerotate:huerotate":"0.000000",
        "C-effect.1-huerotate:huescale":"1.000000",
        "C-effect.1-huerotate:satscale":"0.500000",
        "C-effect.1-kaleidoscope":"false",
        "C-effect.1-kaleidoscope:angles":"0.300000",
        "C-effect.1-kaleidoscope:inputrotation":"0.500000",
        "C-effect.1-kaleidoscope:opacity":"1.000000",
        "C-effect.1-kaleidoscope:rotation":"0.000000",
        "C-effect.1-kaleidoscope:zoom":"0.580000",
        "C-effect.1-mirror":"false",
        "C-effect.1-mirror:flipx":"0",
        "C-effect.1-mirror:flipy":"0",
        "C-effect.1-mirror:in/out":"1.000000",
        "C-effect.1-mirror:x":"0.500000",
        "C-effect.1-mirror:y":"0.500000",
        "C-effect.1-mirrorquad":"false",
        "C-effect.1-mirrorquad:flipx":"0",
        "C-effect.1-mirrorquad:flipy":"0",
        "C-effect.1-posterize":"true",
        "C-effect.1-posterize:posterize":"0.190000",
        "C-effect.1-trails":"true",
        "C-effect.1-trails:feedback":"0.550000",
        "C-effect.1-twisted":"false",
        "C-effect.1-twisted:radius":"0.310000",
        "C-effect.1-twisted:twirl":"0.500000",
        "C-effect.2-blur":"false",
        "C-effect.2-blur:blurxdistance":"0.400000",
        "C-effect.2-blur:blurydistance":"0.380000",
        "C-effect.2-blur:gaussian":"0.170000",
        "C-effect.2-blur:quality":"0.480000",
        "C-effect.2-displace":"false",
        "C-effect.2-displace:threshold":"0.000000",
        "C-effect.2-displace:xfactor":"0.760000",
        "C-effect.2-displace:yfactor":"0.240000",
        "C-effect.2-edgedetection":"false",
        "C-effect.2-edgedetection:mode":"0.920000",
        "C-effect.2-edgedetection:multiplier":"0.240000",
        "C-effect.2-fragment":"false",
        "C-effect.2-fragment:distance":"0.330000",
        "C-effect.2-fragment:fragments":"0.300000",
        "C-effect.2-fragment:fragrotationx":"0.500000",
        "C-effect.2-fragment:fragrotationy":"0.500000",
        "C-effect.2-fragment:fragrotationz":"0.500000",
        "C-effect.2-fragment:fragscale":"1.000000",
        "C-effect.2-fragment:rotation":"0.000000",
        "C-effect.2-goo":"false",
        "C-effect.2-goo:maxdistortionx":"1.000000",
        "C-effect.2-goo:maxdistortiony":"1.000000",
        "C-effect.2-goo:maxdistortionz":"1.000000",
        "C-effect.2-goo:resolution":"16",
        "C-effect.2-goo:shade":"1.000000",
        "C-effect.2-goo:speed":"0.150000",
        "C-effect.2-huerotate":"false",
        "C-effect.2-huerotate:huerotate":"0.000000",
        "C-effect.2-huerotate:huescale":"1.000000",
        "C-effect.2-huerotate:satscale":"0.500000",
        "C-effect.2-kaleidoscope":"false",
        "C-effect.2-kaleidoscope:angles":"0.640000",
        "C-effect.2-kaleidoscope:inputrotation":"0.500000",
        "C-effect.2-kaleidoscope:opacity":"1.000000",
        "C-effect.2-kaleidoscope:rotation":"0.000000",
        "C-effect.2-kaleidoscope:zoom":"1.000000",
        "C-effect.2-mirror":"false",
        "C-effect.2-mirror:flipx":"0",
        "C-effect.2-mirror:flipy":"0",
        "C-effect.2-mirror:in/out":"1.000000",
        "C-effect.2-mirror:x":"0.500000",
        "C-effect.2-mirror:y":"0.500000",
        "C-effect.2-mirrorquad":"false",
        "C-effect.2-mirrorquad:flipx":"0",
        "C-effect.2-mirrorquad:flipy":"0",
        "C-effect.2-posterize":"false",
        "C-effect.2-posterize:posterize":"0.190000",
        "C-effect.2-trails":"false",
        "C-effect.2-trails:feedback":"0.550000",
        "C-effect.2-twisted":"false",
        "C-effect.2-twisted:radius":"0.310000",
        "C-effect.2-twisted:twirl":"0.500000",
        "C-misc.enable:sound":"true",
        "C-misc.enable:visual":"true",
        "C-misc.logic_sound":"true",
        "C-misc.logic_visual":"true",
        "C-misc.loop:length":"100",
        "C-misc.midibehaviour":"default",
        "C-misc.pitchfactor":"1.000000",
        "C-misc.pitchoffset":"0.000000",
        "C-misc.quant":"frets",
        "C-misc.scale":"newage",
        "C-misc.vol":"pressure",
        "C-sound.chromatic":"false",
        "C-sound.controllermax":"127",
        "C-sound.controllermin":"1",
        "C-sound.controllerstyle":"modulationonly",
        "C-sound.controllerzmax":"0.300000",
        "C-sound.controllerzmin":"0.050000",
        "C-sound.deltaytrig":"1.000000",
        "C-sound.deltaztrig":"1.000000",
        "C-sound.inputport":"",
        "C-sound.midifile":"jsbach",
        "C-sound.pitchmax":"80",
        "C-sound.pitchmin":"33",
        "C-sound.synth":"P_01_C_02",
        "C-sound.timefret1q":"1.000000",
        "C-sound.timefret1y":"0.150000",
        "C-sound.timefret2q":"0.500000",
        "C-sound.timefret2y":"0.500000",
        "C-sound.timefret3q":"0.250000",
        "C-sound.timefret3y":"0.800000",
        "C-sound.timefret4q":"0.125000",
        "C-sound.timefret4y":"1.000000",
        "C-sound.velocitymax":"127",
        "C-sound.velocitymin":"1",
        "C-sound.xcontroller":"3",
        "C-sound.ycontroller":"2",
        "C-sound.zcontroller":"1",
        "C-visual.alphafinal":"0.000000",
        "C-visual.alphainitial":"1.000000",
        "C-visual.alphatime":"3.000000",
        "C-visual.aspect":"0.500000",
        "C-visual.bounce":"false",
        "C-visual.cursorsprites":"false",
        "C-visual.filled":"true",
        "C-visual.gravity":"0",
        "C-visual.hue1final":"272.000000",
        "C-visual.hue1initial":"244.000000",
        "C-visual.hue1time":"2.000000",
        "C-visual.hue2final":"128.000000",
        "C-visual.hue2initial":"172.000000",
        "C-visual.hue2time":"2.000000",
        "C-visual.inputbackground":"false",
        "C-visual.justification":"center",
        "C-visual.lifetime":"3.000000",
        "C-visual.luminance":"0.500000",
        "C-visual.mirrortype":"none",
        "C-visual.movedir":"random90",
        "C-visual.noisevertex":"0.000000",
        "C-visual.noisevertexx":"0.000000",
        "C-visual.noisevertexy":"0.000000",
        "C-visual.nsprites":"100",
        "C-visual.placement":"cursor",
        "C-visual.rotangdir":"random",
        "C-visual.rotanginit":"0.000000",
        "C-visual.rotangspeed":"0.000000",
        "C-visual.rotauto":"true",
        "C-visual.saturation":"1.000000",
        "C-visual.shape":"triangle",
        "C-visual.sizefinal":"1.400000",
        "C-visual.sizeinitial":"1.000000",
        "C-visual.sizetime":"2.000000",
        "C-visual.smoothxyz":"5",
        "C-visual.speed":"0.120000",
        "C-visual.spritesource":"cursor",
        "C-visual.spritestyle":"hue",
        "C-visual.thickness":"3.000000",
        "C-visual.zmin":"0.004000",
        "D-effect.1-blur":"false",
        "D-effect.1-blur:blurxdistance":"0.768000",
        "D-effect.1-blur:blurydistance":"0.258000",
        "D-effect.1-blur:gaussian":"0.760000",
        "D-effect.1-blur:quality":"0.650000",
        "D-effect.1-displace":"true",
        "D-effect.1-displace:threshold":"0.212000",
        "D-effect.1-displace:xfactor":"0.036000",
        "D-effect.1-displace:yfactor":"0.773000",
        "D-effect.1-edgedetection":"false",
        "D-effect.1-edgedetection:mode":"0.532000",
        "D-effect.1-edgedetection:multiplier":"0.969000",
        "D-effect.1-fragment":"false",
        "D-effect.1-fragment:distance":"0.563000",
        "D-effect.1-fragment:fragments":"0.386000",
        "D-effect.1-fragment:fragrotationx":"0.729000",
        "D-effect.1-fragment:fragrotationy":"0.480000",
        "D-effect.1-fragment:fragrotationz":"0.163000",
        "D-effect.1-fragment:fragscale":"1.000000",
        "D-effect.1-fragment:rotation":"0.972000",
        "D-effect.1-goo":"true",
        "D-effect.1-goo:maxdistortionx":"1.000000",
        "D-effect.1-goo:maxdistortiony":"1.000000",
        "D-effect.1-goo:maxdistortionz":"1.000000",
        "D-effect.1-goo:resolution":"16",
        "D-effect.1-goo:shade":"1.000000",
        "D-effect.1-goo:speed":"0.150000",
        "D-effect.1-huerotate":"false",
        "D-effect.1-huerotate:huerotate":"0.225000",
        "D-effect.1-huerotate:huescale":"0.582000",
        "D-effect.1-huerotate:satscale":"0.195000",
        "D-effect.1-kaleidoscope":"false",
        "D-effect.1-kaleidoscope:angles":"0.570000",
        "D-effect.1-kaleidoscope:inputrotation":"0.769000",
        "D-effect.1-kaleidoscope:opacity":"1.000000",
        "D-effect.1-kaleidoscope:rotation":"0.739000",
        "D-effect.1-kaleidoscope:zoom":"0.161000",
        "D-effect.1-mirror":"false",
        "D-effect.1-mirror:flipx":"1",
        "D-effect.1-mirror:flipy":"1",
        "D-effect.1-mirror:in/out":"0.822000",
        "D-effect.1-mirror:x":"0.500000",
        "D-effect.1-mirror:y":"0.500000",
        "D-effect.1-mirrorquad":"false",
        "D-effect.1-mirrorquad:flipx":"1",
        "D-effect.1-mirrorquad:flipy":"0",
        "D-effect.1-posterize":"false",
        "D-effect.1-posterize:posterize":"0.475000",
        "D-effect.1-trails":"false",
        "D-effect.1-trails:feedback":"0.529000",
        "D-effect.1-twisted":"false",
        "D-effect.1-twisted:radius":"0.960000",
        "D-effect.1-twisted:twirl":"0.531000",
        "D-effect.2-blur":"false",
        "D-effect.2-blur:blurxdistance":"0.649000",
        "D-effect.2-blur:blurydistance":"0.848000",
        "D-effect.2-blur:gaussian":"0.002000",
        "D-effect.2-blur:quality":"0.661000",
        "D-effect.2-displace":"false",
        "D-effect.2-displace:threshold":"0.027000",
        "D-effect.2-displace:xfactor":"0.286000",
        "D-effect.2-displace:yfactor":"0.727000",
        "D-effect.2-edgedetection":"false",
        "D-effect.2-edgedetection:mode":"0.557000",
        "D-effect.2-edgedetection:multiplier":"0.479000",
        "D-effect.2-fragment":"false",
        "D-effect.2-fragment:distance":"0.058000",
        "D-effect.2-fragment:fragments":"0.902000",
        "D-effect.2-fragment:fragrotationx":"0.681000",
        "D-effect.2-fragment:fragrotationy":"0.132000",
        "D-effect.2-fragment:fragrotationz":"0.247000",
        "D-effect.2-fragment:fragscale":"1.000000",
        "D-effect.2-fragment:rotation":"0.476000",
        "D-effect.2-goo":"false",
        "D-effect.2-goo:maxdistortionx":"1.000000",
        "D-effect.2-goo:maxdistortiony":"1.000000",
        "D-effect.2-goo:maxdistortionz":"1.000000",
        "D-effect.2-goo:resolution":"16",
        "D-effect.2-goo:shade":"1.000000",
        "D-effect.2-goo:speed":"0.150000",
        "D-effect.2-huerotate":"false",
        "D-effect.2-huerotate:huerotate":"0.897000",
        "D-effect.2-huerotate:huescale":"0.131000",
        "D-effect.2-huerotate:satscale":"0.095000",
        "D-effect.2-kaleidoscope":"false",
        "D-effect.2-kaleidoscope:angles":"0.325000",
        "D-effect.2-kaleidoscope:inputrotation":"0.623000",
        "D-effect.2-kaleidoscope:opacity":"1.000000",
        "D-effect.2-kaleidoscope:rotation":"0.560000",
        "D-effect.2-kaleidoscope:zoom":"0.932000",
        "D-effect.2-mirror":"false",
        "D-effect.2-mirror:flipx":"1",
        "D-effect.2-mirror:flipy":"0",
        "D-effect.2-mirror:in/out":"0.041000",
        "D-effect.2-mirror:x":"0.500000",
        "D-effect.2-mirror:y":"0.500000",
        "D-effect.2-mirrorquad":"false",
        "D-effect.2-mirrorquad:flipx":"1",
        "D-effect.2-mirrorquad:flipy":"0",
        "D-effect.2-posterize":"false",
        "D-effect.2-posterize:posterize":"0.350000",
        "D-effect.2-trails":"false",
        "D-effect.2-trails:feedback":"0.692000",
        "D-effect.2-twisted":"false",
        "D-effect.2-twisted:radius":"0.283000",
        "D-effect.2-twisted:twirl":"0.044000",
        "D-misc.enable:sound":"true",
        "D-misc.enable:visual":"true",
        "D-misc.logic_sound":"true",
        "D-misc.logic_visual":"true",
        "D-misc.loop:length":"100",
        "D-misc.midibehaviour":"default",
        "D-misc.pitchfactor":"1.000000",
        "D-misc.pitchoffset":"0.000000",
        "D-misc.quant":"frets",
        "D-misc.scale":"newage",
        "D-misc.vol":"pressure",
        "D-sound.chromatic":"false",
        "D-sound.controllermax":"127",
        "D-sound.controllermin":"1",
        "D-sound.controllerstyle":"modulationonly",
        "D-sound.controllerzmax":"0.300000",
        "D-sound.controllerzmin":"0.050000",
        "D-sound.deltaytrig":"1.000000",
        "D-sound.deltaztrig":"1.000000",
        "D-sound.inputport":"",
        "D-sound.midifile":"jsbach",
        "D-sound.pitchmax":"80",
        "D-sound.pitchmin":"33",
        "D-sound.synth":"P_01_C_03",
        "D-sound.timefret1q":"1.000000",
        "D-sound.timefret1y":"0.150000",
        "D-sound.timefret2q":"0.500000",
        "D-sound.timefret2y":"0.500000",
        "D-sound.timefret3q":"0.250000",
        "D-sound.timefret3y":"0.800000",
        "D-sound.timefret4q":"0.125000",
        "D-sound.timefret4y":"1.000000",
        "D-sound.velocitymax":"127",
        "D-sound.velocitymin":"1",
        "D-sound.xcontroller":"3",
        "D-sound.ycontroller":"2",
        "D-sound.zcontroller":"1",
        "D-visual.alphafinal":"0.000000",
        "D-visual.alphainitial":"0.700000",
        "D-visual.alphatime":"2.297000",
        "D-visual.aspect":"0.500000",
        "D-visual.bounce":"false",
        "D-visual.cursorsprites":"false",
        "D-visual.filled":"true",
        "D-visual.gravity":"0",
        "D-visual.hue1final":"216.000000",
        "D-visual.hue1initial":"360.000000",
        "D-visual.hue1time":"2.003000",
        "D-visual.hue2final":"180.000000",
        "D-visual.hue2initial":"360.000000",
        "D-visual.hue2time":"2.003000",
        "D-visual.inputbackground":"false",
        "D-visual.justification":"center",
        "D-visual.lifetime":"10.000000",
        "D-visual.luminance":"0.500000",
        "D-visual.mirrortype":"none",
        "D-visual.movedir":"cursor",
        "D-visual.noisevertex":"0.000000",
        "D-visual.noisevertexx":"0.000000",
        "D-visual.noisevertexy":"0.000000",
        "D-visual.nsprites":"1128",
        "D-visual.placement":"cursor",
        "D-visual.rotangdir":"left",
        "D-visual.rotanginit":"90.000000",
        "D-visual.rotangspeed":"0.000000",
        "D-visual.rotauto":"true",
        "D-visual.saturation":"1.000000",
        "D-visual.shape":"triangle",
        "D-visual.sizefinal":"0.000000",
        "D-visual.sizeinitial":"2.000000",
        "D-visual.sizetime":"0.809000",
        "D-visual.smoothxyz":"3",
        "D-visual.speed":"0.210000",
        "D-visual.spritesource":"cursor",
        "D-visual.spritestyle":"hue",
        "D-visual.thickness":"10.000000",
        "D-visual.zmin":"0.004000",
        "A-effect.1-blur":"false",
        "A-effect.1-blur:blurxdistance":"0.374000",
        "A-effect.1-blur:blurydistance":"0.586000",
        "A-effect.1-blur:gaussian":"0.591000",
        "A-effect.1-blur:quality":"0.088000",
        "A-effect.1-displace":"true",
        "A-effect.1-displace:threshold":"0.130000",
        "A-effect.1-displace:xfactor":"0.152000",
        "A-effect.1-displace:yfactor":"0.362000",
        "A-effect.1-edgedetection":"false",
        "A-effect.1-edgedetection:mode":"0.938000",
        "A-effect.1-edgedetection:multiplier":"0.908000",
        "A-effect.1-fragment":"false",
        "A-effect.1-fragment:distance":"0.958000",
        "A-effect.1-fragment:fragments":"0.290000",
        "A-effect.1-fragment:fragrotationx":"0.840000",
        "A-effect.1-fragment:fragrotationy":"0.346000",
        "A-effect.1-fragment:fragrotationz":"0.882000",
        "A-effect.1-fragment:fragscale":"1.000000",
        "A-effect.1-fragment:rotation":"0.780000",
        "A-effect.1-goo":"false",
        "A-effect.1-goo:maxdistortionx":"1.000000",
        "A-effect.1-goo:maxdistortiony":"1.000000",
        "A-effect.1-goo:maxdistortionz":"1.000000",
        "A-effect.1-goo:resolution":"16",
        "A-effect.1-goo:shade":"1.000000",
        "A-effect.1-goo:speed":"0.150000",
        "A-effect.1-huerotate":"false",
        "A-effect.1-huerotate:huerotate":"0.455000",
        "A-effect.1-huerotate:huescale":"0.342000",
        "A-effect.1-huerotate:satscale":"0.423000",
        "A-effect.1-kaleidoscope":"false",
        "A-effect.1-kaleidoscope:angles":"0.567000",
        "A-effect.1-kaleidoscope:inputrotation":"0.444000",
        "A-effect.1-kaleidoscope:opacity":"1.000000",
        "A-effect.1-kaleidoscope:rotation":"0.081000",
        "A-effect.1-kaleidoscope:zoom":"0.622000",
        "A-effect.1-mirror":"false",
        "A-effect.1-mirror:flipx":"1",
        "A-effect.1-mirror:flipy":"0",
        "A-effect.1-mirror:in/out":"0.844000",
        "A-effect.1-mirror:x":"0.500000",
        "A-effect.1-mirror:y":"0.500000",
        "A-effect.1-mirrorquad":"true",
        "A-effect.1-mirrorquad:flipx":"1",
        "A-effect.1-mirrorquad:flipy":"1",
        "A-effect.1-posterize":"false",
        "A-effect.1-posterize:posterize":"0.450000",
        "A-effect.1-trails":"false",
        "A-effect.1-trails:feedback":"0.527000",
        "A-effect.1-twisted":"false",
        "A-effect.1-twisted:radius":"0.446000",
        "A-effect.1-twisted:twirl":"0.511000",
        "A-effect.2-blur":"false",
        "A-effect.2-blur:blurxdistance":"0.422000",
        "A-effect.2-blur:blurydistance":"0.642000",
        "A-effect.2-blur:gaussian":"0.451000",
        "A-effect.2-blur:quality":"0.704000",
        "A-effect.2-displace":"false",
        "A-effect.2-displace:threshold":"0.306000",
        "A-effect.2-displace:xfactor":"0.581000",
        "A-effect.2-displace:yfactor":"0.790000",
        "A-effect.2-edgedetection":"false",
        "A-effect.2-edgedetection:mode":"0.575000",
        "A-effect.2-edgedetection:multiplier":"0.659000",
        "A-effect.2-fragment":"false",
        "A-effect.2-fragment:distance":"0.121000",
        "A-effect.2-fragment:fragments":"0.284000",
        "A-effect.2-fragment:fragrotationx":"0.550000",
        "A-effect.2-fragment:fragrotationy":"0.049000",
        "A-effect.2-fragment:fragrotationz":"0.947000",
        "A-effect.2-fragment:fragscale":"1.000000",
        "A-effect.2-fragment:rotation":"0.434000",
        "A-effect.2-goo":"false",
        "A-effect.2-goo:maxdistortionx":"1.000000",
        "A-effect.2-goo:maxdistortiony":"1.000000",
        "A-effect.2-goo:maxdistortionz":"1.000000",
        "A-effect.2-goo:resolution":"16",
        "A-effect.2-goo:shade":"1.000000",
        "A-effect.2-goo:speed":"0.150000",
        "A-effect.2-huerotate":"false",
        "A-effect.2-huerotate:huerotate":"0.976000",
        "A-effect.2-huerotate:huescale":"0.146000",
        "A-effect.2-huerotate:satscale":"0.833000",
        "A-effect.2-kaleidoscope":"false",
        "A-effect.2-kaleidoscope:angles":"0.343000",
        "A-effect.2-kaleidoscope:inputrotation":"0.483000",
        "A-effect.2-kaleidoscope:opacity":"1.000000",
        "A-effect.2-kaleidoscope:rotation":"0.245000",
        "A-effect.2-kaleidoscope:zoom":"0.046000",
        "A-effect.2-mirror":"false",
        "A-effect.2-mirror:flipx":"1",
        "A-effect.2-mirror:flipy":"1",
        "A-effect.2-mirror:in/out":"0.867000",
        "A-effect.2-mirror:x":"0.500000",
        "A-effect.2-mirror:y":"0.500000",
        "A-effect.2-mirrorquad":"false",
        "A-effect.2-mirrorquad:flipx":"1",
        "A-effect.2-mirrorquad:flipy":"0",
        "A-effect.2-posterize":"false",
        "A-effect.2-posterize:posterize":"0.251000",
        "A-effect.2-trails":"true",
        "A-effect.2-trails:feedback":"0.622000",
        "A-effect.2-twisted":"false",
        "A-effect.2-twisted:radius":"0.811000",
        "A-effect.2-twisted:twirl":"0.676000",
        "A-misc.enable:sound":"true",
        "A-misc.enable:visual":"false",
        "A-misc.logic_sound":"midigrid",
        "A-misc.logic_visual":"maze4",
        "A-misc.loop:length":"7186",
        "A-misc.midibehaviour":"sprite",
        "A-misc.pitchfactor":"5.383000",
        "A-misc.pitchoffset":"95.843002",
        "A-misc.quant":"frets",
        "A-misc.scale":"newage",
        "A-misc.vol":"pressure",
        "A-sound.chromatic":"false",
        "A-sound.controllermax":"114",
        "A-sound.controllermin":"8",
        "A-sound.controllerstyle":"modulationonly",
        "A-sound.controllerzmax":"0.800000",
        "A-sound.controllerzmin":"0.050000",
        "A-sound.deltaytrig":"1.000000",
        "A-sound.deltaztrig":"1.000000",
        "A-sound.inputport":"",
        "A-sound.midifile":"jsbach",
        "A-sound.pitchmax":"67",
        "A-sound.pitchmin":"35",
        "A-sound.synth":"P_03_C_02",
        "A-sound.timefret1q":"1.000000",
        "A-sound.timefret1y":"0.150000",
        "A-sound.timefret2q":"0.500000",
        "A-sound.timefret2y":"0.500000",
        "A-sound.timefret3q":"0.250000",
        "A-sound.timefret3y":"0.800000",
        "A-sound.timefret4q":"0.125000",
        "A-sound.timefret4y":"1.000000",
        "A-sound.velocitymax":"127",
        "A-sound.velocitymin":"1",
        "A-sound.xcontroller":"3",
        "A-sound.ycontroller":"2",
        "A-sound.zcontroller":"1",
        "A-visual.alphafinal":"0.000000",
        "A-visual.alphainitial":"0.562000",
        "A-visual.alphatime":"3.389000",
        "A-visual.aspect":"0.244000",
        "A-visual.bounce":"true",
        "A-visual.cursorsprites":"false",
        "A-visual.filled":"true",
        "A-visual.gravity":"0",
        "A-visual.hue1final":"322.321014",
        "A-visual.hue1initial":"71.140999",
        "A-visual.hue1time":"0.797000",
        "A-visual.hue2final":"198.365005",
        "A-visual.hue2initial":"213.473007",
        "A-visual.hue2time":"0.971000",
        "A-visual.inputbackground":"false",
        "A-visual.justification":"center",
        "A-visual.lifetime":"4.751000",
        "A-visual.luminance":"0.500000",
        "A-visual.mirrortype":"horizontal",
        "A-visual.movedir":"right",
        "A-visual.noisevertex":"0.000000",
        "A-visual.noisevertexx":"0.000000",
        "A-visual.noisevertexy":"0.000000",
        "A-visual.nsprites":"898",
        "A-visual.placement":"cursor",
        "A-visual.rotangdir":"random",
        "A-visual.rotanginit":"345.785004",
        "A-visual.rotangspeed":"0.000000",
        "A-visual.rotauto":"true",
        "A-visual.saturation":"0.814000",
        "A-visual.shape":"triangle",
        "A-visual.sizefinal":"2.541000",
        "A-visual.sizeinitial":"2.301000",
        "A-visual.sizetime":"1.618000",
        "A-visual.smoothxyz":"5",
        "A-visual.speed":"0.113000",
        "A-visual.spritesource":"cursor",
        "A-visual.spritestyle":"hue",
        "A-visual.thickness":"2.836000",
        "A-visual.zmin":"0.004000",
        "B-effect.1-blur":"true",
        "B-effect.1-blur:blurxdistance":"0.100000",
        "B-effect.1-blur:blurydistance":"0.080000",
        "B-effect.1-blur:gaussian":"0.170000",
        "B-effect.1-blur:quality":"0.280000",
        "B-effect.1-displace":"false",
        "B-effect.1-displace:threshold":"0.226000",
        "B-effect.1-displace:xfactor":"0.760000",
        "B-effect.1-displace:yfactor":"0.240000",
        "B-effect.1-edgedetection":"false",
        "B-effect.1-edgedetection:mode":"0.920000",
        "B-effect.1-edgedetection:multiplier":"0.240000",
        "B-effect.1-fragment":"false",
        "B-effect.1-fragment:distance":"0.065000",
        "B-effect.1-fragment:fragments":"0.974000",
        "B-effect.1-fragment:fragrotationx":"0.693000",
        "B-effect.1-fragment:fragrotationy":"0.599000",
        "B-effect.1-fragment:fragrotationz":"0.722000",
        "B-effect.1-fragment:fragscale":"1.000000",
        "B-effect.1-fragment:rotation":"0.006000",
        "B-effect.1-goo":"true",
        "B-effect.1-goo:maxdistortionx":"1.000000",
        "B-effect.1-goo:maxdistortiony":"1.000000",
        "B-effect.1-goo:maxdistortionz":"1.000000",
        "B-effect.1-goo:resolution":"16",
        "B-effect.1-goo:shade":"1.000000",
        "B-effect.1-goo:speed":"0.150000",
        "B-effect.1-huerotate":"false",
        "B-effect.1-huerotate:huerotate":"0.129000",
        "B-effect.1-huerotate:huescale":"0.783000",
        "B-effect.1-huerotate:satscale":"0.325000",
        "B-effect.1-kaleidoscope":"false",
        "B-effect.1-kaleidoscope:angles":"0.300000",
        "B-effect.1-kaleidoscope:inputrotation":"0.500000",
        "B-effect.1-kaleidoscope:opacity":"1.000000",
        "B-effect.1-kaleidoscope:rotation":"0.000000",
        "B-effect.1-kaleidoscope:zoom":"0.580000",
        "B-effect.1-mirror":"false",
        "B-effect.1-mirror:flipx":"0",
        "B-effect.1-mirror:flipy":"1",
        "B-effect.1-mirror:in/out":"0.225000",
        "B-effect.1-mirror:x":"0.500000",
        "B-effect.1-mirror:y":"0.500000",
        "B-effect.1-mirrorquad":"false",
        "B-effect.1-mirrorquad:flipx":"0",
        "B-effect.1-mirrorquad:flipy":"1",
        "B-effect.1-posterize":"true",
        "B-effect.1-posterize:posterize":"0.190000",
        "B-effect.1-trails":"true",
        "B-effect.1-trails:feedback":"0.550000",
        "B-effect.1-twisted":"false",
        "B-effect.1-twisted:radius":"0.310000",
        "B-effect.1-twisted:twirl":"0.500000",
        "B-effect.2-blur":"false",
        "B-effect.2-blur:blurxdistance":"0.100000",
        "B-effect.2-blur:blurydistance":"0.080000",
        "B-effect.2-blur:gaussian":"0.170000",
        "B-effect.2-blur:quality":"0.280000",
        "B-effect.2-displace":"false",
        "B-effect.2-displace:threshold":"0.182000",
        "B-effect.2-displace:xfactor":"0.760000",
        "B-effect.2-displace:yfactor":"0.240000",
        "B-effect.2-edgedetection":"false",
        "B-effect.2-edgedetection:mode":"0.920000",
        "B-effect.2-edgedetection:multiplier":"0.240000",
        "B-effect.2-fragment":"false",
        "B-effect.2-fragment:distance":"0.682000",
        "B-effect.2-fragment:fragments":"0.906000",
        "B-effect.2-fragment:fragrotationx":"0.748000",
        "B-effect.2-fragment:fragrotationy":"0.085000",
        "B-effect.2-fragment:fragrotationz":"0.472000",
        "B-effect.2-fragment:fragscale":"1.000000",
        "B-effect.2-fragment:rotation":"0.989000",
        "B-effect.2-goo":"false",
        "B-effect.2-goo:maxdistortionx":"1.000000",
        "B-effect.2-goo:maxdistortiony":"1.000000",
        "B-effect.2-goo:maxdistortionz":"1.000000",
        "B-effect.2-goo:resolution":"16",
        "B-effect.2-goo:shade":"1.000000",
        "B-effect.2-goo:speed":"0.150000",
        "B-effect.2-huerotate":"false",
        "B-effect.2-huerotate:huerotate":"0.383000",
        "B-effect.2-huerotate:huescale":"0.325000",
        "B-effect.2-huerotate:satscale":"0.571000",
        "B-effect.2-kaleidoscope":"false",
        "B-effect.2-kaleidoscope:angles":"0.640000",
        "B-effect.2-kaleidoscope:inputrotation":"0.500000",
        "B-effect.2-kaleidoscope:opacity":"1.000000",
        "B-effect.2-kaleidoscope:rotation":"0.000000",
        "B-effect.2-kaleidoscope:zoom":"1.000000",
        "B-effect.2-mirror":"false",
        "B-effect.2-mirror:flipx":"1",
        "B-effect.2-mirror:flipy":"1",
        "B-effect.2-mirror:in/out":"0.440000",
        "B-effect.2-mirror:x":"0.500000",
        "B-effect.2-mirror:y":"0.500000",
        "B-effect.2-mirrorquad":"false",
        "B-effect.2-mirrorquad:flipx":"1",
        "B-effect.2-mirrorquad:flipy":"0",
        "B-effect.2-posterize":"false",
        "B-effect.2-posterize:posterize":"0.190000",
        "B-effect.2-trails":"false",
        "B-effect.2-trails:feedback":"0.550000",
        "B-effect.2-twisted":"false",
        "B-effect.2-twisted:radius":"0.310000",
        "B-effect.2-twisted:twirl":"0.500000",
        "B-misc.enable:sound":"true",
        "B-misc.enable:visual":"true",
        "B-misc.logic_sound":"true",
        "B-misc.logic_visual":"true",
        "B-misc.loop:length":"100",
        "B-misc.midibehaviour":"default",
        "B-misc.pitchfactor":"1.000000",
        "B-misc.pitchoffset":"0.000000",
        "B-misc.quant":"frets",
        "B-misc.scale":"newage",
        "B-misc.vol":"pressure",
        "B-sound.chromatic":"false",
        "B-sound.controllermax":"127",
        "B-sound.controllermin":"1",
        "B-sound.controllerstyle":"modulationonly",
        "B-sound.controllerzmax":"0.300000",
        "B-sound.controllerzmin":"0.050000",
        "B-sound.deltaytrig":"1.000000",
        "B-sound.deltaztrig":"1.000000",
        "B-sound.inputport":"",
        "B-sound.midifile":"jsbach",
        "B-sound.pitchmax":"72",
        "B-sound.pitchmin":"25",
        "B-sound.synth":"P_06_C_06",
        "B-sound.timefret1q":"1.000000",
        "B-sound.timefret1y":"0.300000",
        "B-sound.timefret2q":"0.500000",
        "B-sound.timefret2y":"0.600000",
        "B-sound.timefret3q":"0.250000",
        "B-sound.timefret3y":"0.900000",
        "B-sound.timefret4q":"0.125000",
        "B-sound.timefret4y":"1.000000",
        "B-sound.velocitymax":"126",
        "B-sound.velocitymin":"48",
        "B-sound.xcontroller":"1",
        "B-sound.ycontroller":"1",
        "B-sound.zcontroller":"1",
        "B-visual.alphafinal":"0.000000",
        "B-visual.alphainitial":"1.000000",
        "B-visual.alphatime":"1.002000",
        "B-visual.aspect":"0.500000",
        "B-visual.bounce":"false",
        "B-visual.cursorsprites":"false",
        "B-visual.filled":"true",
        "B-visual.gravity":"0",
        "B-visual.hue1final":"0.000000",
        "B-visual.hue1initial":"64.000000",
        "B-visual.hue1time":"2.000000",
        "B-visual.hue2final":"128.000000",
        "B-visual.hue2initial":"0.000000",
        "B-visual.hue2time":"2.000000",
        "B-visual.inputbackground":"false",
        "B-visual.justification":"center",
        "B-visual.lifetime":"3.000000",
        "B-visual.luminance":"0.500000",
        "B-visual.mirrortype":"none",
        "B-visual.movedir":"random",
        "B-visual.noisevertex":"0.000000",
        "B-visual.noisevertexx":"0.000000",
        "B-visual.noisevertexy":"0.000000",
        "B-visual.nsprites":"100",
        "B-visual.placement":"cursor",
        "B-visual.rotangdir":"random",
        "B-visual.rotanginit":"0.000000",
        "B-visual.rotangspeed":"0.000000",
        "B-visual.rotauto":"false",
        "B-visual.saturation":"1.000000",
        "B-visual.shape":"triangle",
        "B-visual.sizefinal":"1.400000",
        "B-visual.sizeinitial":"1.000000",
        "B-visual.sizetime":"2.000000",
        "B-visual.smoothxyz":"5",
        "B-visual.speed":"0.100000",
        "B-visual.spritesource":"cursor",
        "B-visual.spritestyle":"hue",
        "B-visual.thickness":"3.000000",
        "B-visual.zmin":"0.004000"
    }
}
