{
    "params": {
        "sound._controllerzmax":"1.000000",
        "sound._controllerzmin":"0.001000",
        "sound._deltaytrig":"1.000000",
        "sound._deltaztrig":"0.05",
        "sound._inputport":"",
        "sound._timefret1q":"1.000000",
        "sound._timefret1y":"0.300000",
        "sound._timefret2q":"0.500000",
        "sound._timefret2y":"0.600000",
        "sound._timefret3q":"0.250000",
        "sound._timefret3y":"0.900000",
        "sound._timefret4q":"0.125000",
        "sound._timefret4y":"1.000000"
    }
}
