{
    "params": {
        "sound.controllermax":"114",
        "sound.controllermin":"8",
        "sound.controllerstyle":"modulationonly",
        "sound.controllerzmax":"0.800000",
        "sound.controllerzmin":"0.050000",
        "sound.deltaytrig":"1.000000",
        "sound.deltaztrig":"1.000000",
        "sound.inputport":"",
        "sound.midifile":"jsbach",
        "sound.pitchmax":"67",
        "sound.pitchmin":"35",
        "sound.synth":"P_03_C_02",
        "sound.timefret1q":"1.000000",
        "sound.timefret1y":"0.150000",
        "sound.timefret2q":"0.500000",
        "sound.timefret2y":"0.500000",
        "sound.timefret3q":"0.250000",
        "sound.timefret3y":"0.800000",
        "sound.timefret4q":"0.125000",
        "sound.timefret4y":"1.000000",
        "sound.velocitymax":"127",
        "sound.velocitymin":"1",
        "sound.xcontroller":"3",
        "sound.ycontroller":"2",
        "sound.zcontroller":"1"
    }
}
