{
    "params": {
        "sound.controllermax":"120",
        "sound.controllermin":"53",
        "sound.controllerstyle":"modulationonly",
        "sound.controllerzmax":"1.000000",
        "sound.controllerzmin":"0.050000",
        "sound.deltaytrig":"0.022000",
        "sound.deltaztrig":"1.000000",
        "sound.inputport":"",
        "sound.midifile":"jsbach",
        "sound.pitchmax":"78",
        "sound.pitchmin":"36",
        "sound.synth":"P_04_C_08",
        "sound.timefret1q":"1.000000",
        "sound.timefret1y":"0.150000",
        "sound.timefret2q":"0.500000",
        "sound.timefret2y":"0.500000",
        "sound.timefret3q":"0.250000",
        "sound.timefret3y":"0.800000",
        "sound.timefret4q":"0.125000",
        "sound.timefret4y":"1.000000",
        "sound.velocitymax":"127",
        "sound.velocitymin":"1",
        "sound.xcontroller":"3",
        "sound.ycontroller":"2",
        "sound.zcontroller":"1"
    }
}
