{
    "params": {
        "misc.cursorstyle":"retrigger",
        "misc.generatesound":"true",
        "misc.generatevisual":"true",
        "misc.logic_sound":"default",
        "misc.logic_visual":"maze4",
        "misc.midibehaviour":"sprite",
        "misc.midiinputpatch":"A",
        "misc.pitchfactor":"3.584000",
        "misc.pitchoffset":"59.005001",
        "misc.quantstyle":"fixed",
        "misc.scale":"newage",
        "misc.usescale":"true",
        "misc.volstyle":"pressure"
    }
}