{
    "params":{
        "effect.1-blur":"false",
        "effect.1-blur:blurxdistance":"0.768",
        "effect.1-blur:blurydistance":"0.258",
        "effect.1-blur:gaussian":"0.760",
        "effect.1-blur:quality":"0.650",
        "effect.1-displace":"true",
        "effect.1-displace:threshold":"0.212",
        "effect.1-displace:xfactor":"0.036",
        "effect.1-displace:yfactor":"0.773",
        "effect.1-edgedetection":"false",
        "effect.1-edgedetection:mode":"0.532",
        "effect.1-edgedetection:multiplier":"0.969",
        "effect.1-fragment":"false",
        "effect.1-fragment:distance":"0.563",
        "effect.1-fragment:fragments":"0.386",
        "effect.1-fragment:fragrotationx":"0.729",
        "effect.1-fragment:fragrotationy":"0.480",
        "effect.1-fragment:fragrotationz":"0.163",
        "effect.1-fragment:fragscale":"1.000",
        "effect.1-fragment:rotation":"0.972",
        "effect.1-huerotate":"false",
        "effect.1-huerotate:huerotate":"0.225",
        "effect.1-huerotate:huescale":"0.582",
        "effect.1-huerotate:satscale":"0.195",
        "effect.1-kaleidoscope":"false",
        "effect.1-kaleidoscope:angles":"0.570",
        "effect.1-kaleidoscope:inputrotation":"0.769",
        "effect.1-kaleidoscope:opacity":"1.000",
        "effect.1-kaleidoscope:rotation":"0.739",
        "effect.1-kaleidoscope:zoom":"0.161",
        "effect.1-mirror":"false",
        "effect.1-mirror:flipx":"1",
        "effect.1-mirror:flipy":"1",
        "effect.1-mirror:in/out":"0.822",
        "effect.1-mirror:x":"0.500",
        "effect.1-mirror:y":"0.500",
        "effect.1-mirrorquad":"false",
        "effect.1-mirrorquad:flipx":"1",
        "effect.1-mirrorquad:flipy":"0",
        "effect.1-posterize":"false",
        "effect.1-posterize:posterize":"0.475",
        "effect.1-trails":"false",
        "effect.1-trails:feedback":"0.529",
        "effect.1-twisted":"false",
        "effect.1-twisted:radius":"0.960",
        "effect.1-twisted:twirl":"0.531",
        "effect.2-blur":"false",
        "effect.2-blur:blurxdistance":"0.649",
        "effect.2-blur:blurydistance":"0.848",
        "effect.2-blur:gaussian":"0.002",
        "effect.2-blur:quality":"0.661",
        "effect.2-displace":"false",
        "effect.2-displace:threshold":"0.027",
        "effect.2-displace:xfactor":"0.286",
        "effect.2-displace:yfactor":"0.727",
        "effect.2-edgedetection":"false",
        "effect.2-edgedetection:mode":"0.557",
        "effect.2-edgedetection:multiplier":"0.479",
        "effect.2-fragment":"false",
        "effect.2-fragment:distance":"0.058",
        "effect.2-fragment:fragments":"0.902",
        "effect.2-fragment:fragrotationx":"0.681",
        "effect.2-fragment:fragrotationy":"0.132",
        "effect.2-fragment:fragrotationz":"0.247",
        "effect.2-fragment:fragscale":"1.000",
        "effect.2-fragment:rotation":"0.476",
        "effect.2-huerotate":"false",
        "effect.2-huerotate:huerotate":"0.897",
        "effect.2-huerotate:huescale":"0.131",
        "effect.2-huerotate:satscale":"0.095",
        "effect.2-kaleidoscope":"false",
        "effect.2-kaleidoscope:angles":"0.325",
        "effect.2-kaleidoscope:inputrotation":"0.623",
        "effect.2-kaleidoscope:opacity":"1.000",
        "effect.2-kaleidoscope:rotation":"0.560",
        "effect.2-kaleidoscope:zoom":"0.932",
        "effect.2-mirror":"false",
        "effect.2-mirror:flipx":"1",
        "effect.2-mirror:flipy":"0",
        "effect.2-mirror:in/out":"0.041",
        "effect.2-mirror:x":"0.500",
        "effect.2-mirror:y":"0.500",
        "effect.2-mirrorquad":"false",
        "effect.2-mirrorquad:flipx":"1",
        "effect.2-mirrorquad:flipy":"0",
        "effect.2-posterize":"false",
        "effect.2-posterize:posterize":"0.350",
        "effect.2-trails":"false",
        "effect.2-trails:feedback":"0.692",
        "effect.2-twisted":"false",
        "effect.2-twisted:radius":"0.283",
        "effect.2-twisted:twirl":"0.044"
    }
}
