{
    "params":{
        "effect.1-blur":"true",
        "effect.1-blur:blurxdistance":"0.200",
        "effect.1-blur:blurydistance":"0.180",
        "effect.1-blur:gaussian":"0.170",
        "effect.1-blur:quality":"0.280",
        "effect.1-displace":"true",
        "effect.1-displace:xfactor":"0.760",
        "effect.1-displace:yfactor":"0.240",
        "effect.1-edgedetection":"false",
        "effect.1-edgedetection:mode":"0.920",
        "effect.1-edgedetection:multiplier":"0.240",
        "effect.1-fragment":"false",
        "effect.1-huerotate":"false",
        "effect.1-kaleidoscope":"true",
        "effect.1-kaleidoscope:angles":"0.300",
        "effect.1-kaleidoscope:inputrotation":"0.500",
        "effect.1-kaleidoscope:rotation":"0.000",
        "effect.1-kaleidoscope:zoom":"0.580",
        "effect.1-mirror":"false",
        "effect.1-mirrorquad":"false",
        "effect.1-posterize":"false",
        "effect.1-posterize:posterize":"0.190",
        "effect.1-trails":"false",
        "effect.1-trails:feedback":"0.550",
        "effect.1-twisted":"true",
        "effect.1-twisted:radius":"0.610",
        "effect.1-twisted:twirl":"0.800",
        "effect.2-blur":"false",
        "effect.2-blur:blurxdistance":"0.200",
        "effect.2-blur:blurydistance":"0.180",
        "effect.2-blur:gaussian":"0.170",
        "effect.2-blur:quality":"0.280",
        "effect.2-displace":"false",
        "effect.2-displace:xfactor":"0.760",
        "effect.2-displace:yfactor":"0.240",
        "effect.2-edgedetection":"false",
        "effect.2-edgedetection:mode":"0.920",
        "effect.2-edgedetection:multiplier":"0.240",
        "effect.2-fragment":"false",
        "effect.2-huerotate":"false",
        "effect.2-kaleidoscope":"false",
        "effect.2-kaleidoscope:angles":"0.640",
        "effect.2-kaleidoscope:inputrotation":"0.500",
        "effect.2-kaleidoscope:rotation":"0.000",
        "effect.2-kaleidoscope:zoom":"1.000",
        "effect.2-mirror":"false",
        "effect.2-mirrorquad":"false",
        "effect.2-posterize":"false",
        "effect.2-posterize:posterize":"0.190",
        "effect.2-trails":"false",
        "effect.2-trails:feedback":"0.550",
        "effect.2-twisted":"false",
        "effect.2-twisted:radius":"0.610",
        "effect.2-twisted:twirl":"0.800"
    }
}
