{
    "params":{
        "visual.alphafinal":"0.002",
        "visual.alphainitial":"0.653",
        "visual.alphatime":"2.446",
        "visual.aspect":"0.500",
        "visual.bounce":"false",
        "visual.cursorsprites":"true",
        "visual.filled":"true",
        "visual.hue1final":"133.200",
        "visual.hue1initial":"61.200",
        "visual.hue1time":"0.010",
        "visual.hue2final":"133.200",
        "visual.hue2initial":"61.200",
        "visual.hue2time":"0.010",
        "visual.lifetime":"6.000",
        "visual.luminance":"0.600",
        "visual.mirrortype":"none",
        "visual.movedir":"cursor",
        "visual.noisevertex":"0.700",
        "visual.nsprites":"144",
        "visual.rotangdir":"left",
        "visual.rotanginit":"0.000",
        "visual.rotangspeed":"0.000",
        "visual.rotauto":"false",
        "visual.saturation":"0.500",
        "visual.shape":"circle",
        "visual.sizefinal":"2.976",
        "visual.sizeinitial":"5.398",
        "visual.sizetime":"3.079",
        "visual.smoothxyz":"3",
        "visual.speed":"0.014",
        "visual.thickness":"1.903"
    }
}
