{
    "params":{
        "visual.alphafinal":"0.000",
        "visual.alphainitial":"1.000",
        "visual.alphatime":"9.676",
        "visual.aspect":"0.500",
        "visual.bounce":"false",
        "visual.filled":"true",
        "visual.gravity":"0",
        "visual.hue1final":"360.000",
        "visual.hue1initial":"36.000",
        "visual.hue1time":"5.000",
        "visual.hue2final":"144.000",
        "visual.hue2initial":"252.000",
        "visual.hue2time":"5.000",
        "visual.justification":"center",
        "visual.lifetime":"10.000",
        "visual.luminance":"0.500",
        "visual.mirrortype":"none",
        "visual.movedir":"cursor",
        "visual.noisevertexx":"0.000",
        "visual.noisevertexy":"0.000",
        "visual.nsprites":"1047",
        "visual.placement":"cursor",
        "visual.rotangdir":"random",
        "visual.rotanginit":"45.000",
        "visual.rotangspeed":"21.600",
        "visual.rotauto":"true",
        "visual.saturation":"1.000",
        "visual.shape":"circle",
        "visual.sizefinal":"4.000",
        "visual.sizeinitial":"2.900",
        "visual.sizetime":"1.090",
        "visual.smoothxyz":"3",
        "visual.speed":"0.100",
        "visual.spritesource":"cursor",
        "visual.thickness":"1.999",
        "visual.zmin":"0.004"
    }
}
