{
    "params":{
        "visual.alphafinal":"0.001",
        "visual.alphainitial":"1.000",
        "visual.alphatime":"5.286",
        "visual.aspect":"0.500",
        "visual.bounce":"false",
        "visual.cursorsprites":"true",
        "visual.filled":"false",
        "visual.hue1final":"252.000",
        "visual.hue1initial":"180.000",
        "visual.hue1time":"2.003",
        "visual.hue2final":"252.000",
        "visual.hue2initial":"180.000",
        "visual.hue2time":"2.003",
        "visual.lifetime":"6.000",
        "visual.luminance":"0.500",
        "visual.mirrortype":"none",
        "visual.movedir":"cursor",
        "visual.noisevertex":"0.000",
        "visual.nsprites":"144",
        "visual.rotangdir":"left",
        "visual.rotanginit":"0.000",
        "visual.rotangspeed":"0.000",
        "visual.rotauto":"false",
        "visual.saturation":"1.000",
        "visual.shape":"circle",
        "visual.sizefinal":"5.000",
        "visual.sizeinitial":"2.401",
        "visual.sizetime":"1.081",
        "visual.smoothxyz":"3",
        "visual.speed":"0.100",
        "visual.thickness":"3.901"
    }
}
