{
    "params":{
        "visual.alphafinal":"0.000",
        "visual.alphainitial":"0.710",
        "visual.alphatime":"1.508",
        "visual.aspect":"0.500",
        "visual.bounce":"true",
        "visual.cursorsprites":"true",
        "visual.filled":"true",
        "visual.hue1final":"108.000",
        "visual.hue1initial":"108.000",
        "visual.hue1time":"2.008",
        "visual.hue2final":"108.000",
        "visual.hue2initial":"108.000",
        "visual.hue2time":"2.008",
        "visual.lifetime":"6.000",
        "visual.luminance":"0.500",
        "visual.mirrortype":"none",
        "visual.movedir":"random",
        "visual.noisevertex":"0.000",
        "visual.nsprites":"36",
        "visual.rotangdir":"random",
        "visual.rotanginit":"90.000",
        "visual.rotangspeed":"120.000",
        "visual.rotauto":"true",
        "visual.saturation":"1.000",
        "visual.shape":"line",
        "visual.sizefinal":"2.000",
        "visual.sizeinitial":"6.496",
        "visual.sizetime":"3.607",
        "visual.smoothxyz":"3",
        "visual.speed":"0.000",
        "visual.thickness":"10.000"
    }
}
