{
    "params":{
        "visual.alphafinal":"0.000",
        "visual.alphainitial":"1.000",
        "visual.alphatime":"6.285",
        "visual.aspect":"0.500",
        "visual.bounce":"false",
        "visual.cursorsprites":"true",
        "visual.filled":"true",
        "visual.hue1final":"0.000",
        "visual.hue1initial":"360.000",
        "visual.hue1time":"5.000",
        "visual.hue2final":"0.000",
        "visual.hue2initial":"360.000",
        "visual.hue2time":"5.000",
        "visual.lifetime":"9.996",
        "visual.luminance":"0.500",
        "visual.mirrortype":"none",
        "visual.movedir":"random",
        "visual.noisevertex":"0.000",
        "visual.nsprites":"1044",
        "visual.rotangdir":"left",
        "visual.rotanginit":"0.000",
        "visual.rotangspeed":"0.000",
        "visual.rotauto":"true",
        "visual.saturation":"1.000",
        "visual.shape":"line",
        "visual.sizefinal":"8.000",
        "visual.sizeinitial":"10.000",
        "visual.sizetime":"3.079",
        "visual.smoothxyz":"3",
        "visual.speed":"0.090",
        "visual.thickness":"4.900"
    }
}
