{
    "params": {
        "effect.1-blur":"false",
        "effect.1-blur:blurxdistance":"0.100000",
        "effect.1-blur:blurydistance":"0.080000",
        "effect.1-blur:gaussian":"0.170000",
        "effect.1-blur:quality":"0.280000",
        "effect.1-displace":"false",
        "effect.1-displace:threshold":"0.160000",
        "effect.1-displace:xfactor":"0.760000",
        "effect.1-displace:yfactor":"0.240000",
        "effect.1-edgedetection":"false",
        "effect.1-edgedetection:mode":"0.920000",
        "effect.1-edgedetection:multiplier":"1.000000",
        "effect.1-fragment":"false",
        "effect.1-fragment:distance":"0.299000",
        "effect.1-fragment:fragments":"0.834000",
        "effect.1-fragment:fragrotationx":"0.084000",
        "effect.1-fragment:fragrotationy":"0.213000",
        "effect.1-fragment:fragrotationz":"0.622000",
        "effect.1-fragment:fragscale":"1.000000",
        "effect.1-fragment:rotation":"0.777000",
        "effect.1-goo":"false",
        "effect.1-goo:maxdistortionx":"1.000000",
        "effect.1-goo:maxdistortiony":"1.000000",
        "effect.1-goo:maxdistortionz":"1.000000",
        "effect.1-goo:resolution":"16",
        "effect.1-goo:shade":"1.000000",
        "effect.1-goo:speed":"0.150000",
        "effect.1-huerotate":"false",
        "effect.1-huerotate:huerotate":"0.756000",
        "effect.1-huerotate:huescale":"0.501000",
        "effect.1-huerotate:satscale":"0.037000",
        "effect.1-kaleidoscope":"false",
        "effect.1-kaleidoscope:angles":"0.300000",
        "effect.1-kaleidoscope:inputrotation":"0.500000",
        "effect.1-kaleidoscope:opacity":"1.000000",
        "effect.1-kaleidoscope:rotation":"0.000000",
        "effect.1-kaleidoscope:zoom":"0.580000",
        "effect.1-mirror":"false",
        "effect.1-mirror:flipx":"1",
        "effect.1-mirror:flipy":"1",
        "effect.1-mirror:in/out":"0.299000",
        "effect.1-mirror:x":"0.500000",
        "effect.1-mirror:y":"0.500000",
        "effect.1-mirrorquad":"false",
        "effect.1-mirrorquad:flipx":"1",
        "effect.1-mirrorquad:flipy":"1",
        "effect.1-posterize":"false",
        "effect.1-posterize:posterize":"0.190000",
        "effect.1-trails":"false",
        "effect.1-trails:feedback":"0.550000",
        "effect.1-twisted":"false",
        "effect.1-twisted:radius":"0.310000",
        "effect.1-twisted:twirl":"0.500000",
        "effect.2-blur":"false",
        "effect.2-blur:blurxdistance":"0.100000",
        "effect.2-blur:blurydistance":"0.080000",
        "effect.2-blur:gaussian":"0.170000",
        "effect.2-blur:quality":"0.280000",
        "effect.2-displace":"true",
        "effect.2-displace:threshold":"0.642000",
        "effect.2-displace:xfactor":"0.122000",
        "effect.2-displace:yfactor":"0.122000",
        "effect.2-edgedetection":"false",
        "effect.2-edgedetection:mode":"0.920000",
        "effect.2-edgedetection:multiplier":"0.240000",
        "effect.2-fragment":"false",
        "effect.2-fragment:distance":"0.756000",
        "effect.2-fragment:fragments":"0.885000",
        "effect.2-fragment:fragrotationx":"0.478000",
        "effect.2-fragment:fragrotationy":"0.358000",
        "effect.2-fragment:fragrotationz":"0.693000",
        "effect.2-fragment:fragscale":"1.000000",
        "effect.2-fragment:rotation":"0.198000",
        "effect.2-goo":"false",
        "effect.2-goo:maxdistortionx":"1.000000",
        "effect.2-goo:maxdistortiony":"1.000000",
        "effect.2-goo:maxdistortionz":"1.000000",
        "effect.2-goo:resolution":"16",
        "effect.2-goo:shade":"1.000000",
        "effect.2-goo:speed":"0.150000",
        "effect.2-huerotate":"false",
        "effect.2-huerotate:huerotate":"0.044000",
        "effect.2-huerotate:huescale":"0.938000",
        "effect.2-huerotate:satscale":"0.100000",
        "effect.2-kaleidoscope":"false",
        "effect.2-kaleidoscope:angles":"0.300000",
        "effect.2-kaleidoscope:inputrotation":"0.500000",
        "effect.2-kaleidoscope:opacity":"1.000000",
        "effect.2-kaleidoscope:rotation":"0.000000",
        "effect.2-kaleidoscope:zoom":"0.580000",
        "effect.2-mirror":"false",
        "effect.2-mirror:flipx":"1",
        "effect.2-mirror:flipy":"1",
        "effect.2-mirror:in/out":"0.327000",
        "effect.2-mirror:x":"0.500000",
        "effect.2-mirror:y":"0.500000",
        "effect.2-mirrorquad":"false",
        "effect.2-mirrorquad:flipx":"0",
        "effect.2-mirrorquad:flipy":"1",
        "effect.2-posterize":"false",
        "effect.2-posterize:posterize":"0.190000",
        "effect.2-trails":"false",
        "effect.2-trails:feedback":"0.550000",
        "effect.2-twisted":"false",
        "effect.2-twisted:radius":"0.310000",
        "effect.2-twisted:twirl":"0.500000",
        "misc.enable:sound":"true",
        "misc.enable:visual":"true",
        "misc.logic_sound":"true",
        "misc.logic_visual":"true",
        "misc.loop:length":"100",
        "misc.midibehaviour":"default",
        "misc.pitchfactor":"1.000000",
        "misc.pitchoffset":"0.000000",
        "misc.quant":"frets",
        "misc.scale":"newage",
        "misc.vol":"pressure",
        "sound.chromatic":"false",
        "sound.controllermax":"127",
        "sound.controllermin":"1",
        "sound.controllerstyle":"modulationonly",
        "sound.controllerzmax":"0.300000",
        "sound.controllerzmin":"0.050000",
        "sound.deltaytrig":"1.000000",
        "sound.deltaztrig":"1.000000",
        "sound.inputport":"",
        "sound.midifile":"jsbach",
        "sound.pitchmax":"72",
        "sound.pitchmin":"25",
        "sound.synth":"P_10_C_06",
        "sound.timefret1q":"1.000000",
        "sound.timefret1y":"0.300000",
        "sound.timefret2q":"0.500000",
        "sound.timefret2y":"0.600000",
        "sound.timefret3q":"0.250000",
        "sound.timefret3y":"0.900000",
        "sound.timefret4q":"0.125000",
        "sound.timefret4y":"1.000000",
        "sound.velocitymax":"127",
        "sound.velocitymin":"48",
        "sound.xcontroller":"1",
        "sound.ycontroller":"1",
        "sound.zcontroller":"1",
        "visual.alphafinal":"0.001000",
        "visual.alphainitial":"1.000000",
        "visual.alphatime":"2.289000",
        "visual.aspect":"0.500000",
        "visual.bounce":"false",
        "visual.cursorsprites":"false",
        "visual.filled":"false",
        "visual.gravity":"0",
        "visual.hue1final":"252.000000",
        "visual.hue1initial":"180.000000",
        "visual.hue1time":"2.003000",
        "visual.hue2final":"252.000000",
        "visual.hue2initial":"180.000000",
        "visual.hue2time":"2.003000",
        "visual.justification":"center",
        "visual.lifetime":"6.000000",
        "visual.luminance":"0.500000",
        "visual.mirrortype":"none",
        "visual.movedir":"up",
        "visual.noisevertex":"0.000000",
        "visual.noisevertexx":"0.000000",
        "visual.noisevertexy":"0.000000",
        "visual.nsprites":"1246",
        "visual.placement":"cursor",
        "visual.rotangdir":"left",
        "visual.rotanginit":"0.000000",
        "visual.rotangspeed":"0.000000",
        "visual.rotauto":"false",
        "visual.saturation":"1.000000",
        "visual.shape":"circle",
        "visual.sizefinal":"0.000000",
        "visual.sizeinitial":"4.199000",
        "visual.sizetime":"0.242000",
        "visual.smoothxyz":"7",
        "visual.speed":"0.160000",
        "visual.spritesource":"cursor",
        "visual.thickness":"6.898000",
        "visual.zmin":"0.100000"
    }
}