{
    "params":{
        "visual.alphafinal":"0.000",
        "visual.alphainitial":"0.760",
        "visual.alphatime":"1.395",
        "visual.aspect":"0.500",
        "visual.bounce":"false",
        "visual.cursorsprites":"true",
        "visual.filled":"true",
        "visual.hue1final":"36.000",
        "visual.hue1initial":"36.000",
        "visual.hue1time":"5.000",
        "visual.hue2final":"36.000",
        "visual.hue2initial":"36.000",
        "visual.hue2time":"5.000",
        "visual.lifetime":"10.000",
        "visual.luminance":"0.500",
        "visual.mirrortype":"none",
        "visual.movedir":"cursor",
        "visual.noisevertex":"0.000",
        "visual.nsprites":"84",
        "visual.rotangdir":"right",
        "visual.rotanginit":"45.000",
        "visual.rotangspeed":"0.000",
        "visual.rotauto":"true",
        "visual.saturation":"1.000",
        "visual.shape":"square",
        "visual.sizefinal":"3.000",
        "visual.sizeinitial":"2.000",
        "visual.sizetime":"1.181",
        "visual.smoothxyz":"3",
        "visual.speed":"0.210",
        "visual.thickness":"10.000"
    }
}
