{
    "params":{
        "visual.alphafinal":"0.000",
        "visual.alphainitial":"0.500",
        "visual.alphatime":"1.493",
        "visual.aspect":"0.500",
        "visual.bounce":"false",
        "visual.cursorsprites":"true",
        "visual.filled":"true",
        "visual.hue1final":"180.000",
        "visual.hue1initial":"180.000",
        "visual.hue1time":"5.000",
        "visual.hue2final":"180.000",
        "visual.hue2initial":"180.000",
        "visual.hue2time":"5.000",
        "visual.lifetime":"10.000",
        "visual.luminance":"0.600",
        "visual.mirrortype":"none",
        "visual.movedir":"cursor",
        "visual.noisevertex":"0.000",
        "visual.nsprites":"183",
        "visual.rotangdir":"left",
        "visual.rotanginit":"0.000",
        "visual.rotangspeed":"0.000",
        "visual.rotauto":"false",
        "visual.saturation":"0.000",
        "visual.shape":"square",
        "visual.sizefinal":"8.000",
        "visual.sizeinitial":"6.397",
        "visual.sizetime":"1.209",
        "visual.smoothxyz":"4",
        "visual.speed":"0.210",
        "visual.thickness":"4.900"
    }
}
