{
    "params":{
        "visual.alphafinal":"0.000",
        "visual.alphainitial":"0.700",
        "visual.alphatime":"1.290",
        "visual.aspect":"0.500",
        "visual.bounce":"false",
        "visual.cursorsprites":"true",
        "visual.filled":"false",
        "visual.hue1final":"288.000",
        "visual.hue1initial":"180.360",
        "visual.hue1time":"2.003",
        "visual.hue2final":"288.000",
        "visual.hue2initial":"180.360",
        "visual.hue2time":"2.003",
        "visual.lifetime":"10.000",
        "visual.luminance":"0.500",
        "visual.mirrortype":"none",
        "visual.movedir":"left",
        "visual.noisevertex":"0.000",
        "visual.nsprites":"147",
        "visual.rotangdir":"right",
        "visual.rotanginit":"45.000",
        "visual.rotangspeed":"72.000",
        "visual.rotauto":"false",
        "visual.saturation":"1.000",
        "visual.shape":"square",
        "visual.sizefinal":"6.000",
        "visual.sizeinitial":"9.992",
        "visual.sizetime":"0.281",
        "visual.smoothxyz":"3",
        "visual.speed":"0.000",
        "visual.thickness":"9.253"
    }
}
