{
    "params":{
        "visual.alphafinal":"0.000",
        "visual.alphainitial":"0.700",
        "visual.alphatime":"2.999",
        "visual.aspect":"0.500",
        "visual.bounce":"false",
        "visual.filled":"true",
        "visual.gravity":"0",
        "visual.hue1final":"0.000",
        "visual.hue1initial":"360.000",
        "visual.hue1time":"5.000",
        "visual.hue2final":"0.000",
        "visual.hue2initial":"360.000",
        "visual.hue2time":"5.000",
        "visual.justification":"center",
        "visual.lifetime":"8.000",
        "visual.luminance":"0.500",
        "visual.mirrortype":"none",
        "visual.movedir":"cursor",
        "visual.noisevertexx":"0.000",
        "visual.noisevertexy":"0.000",
        "visual.nsprites":"100",
        "visual.placement":"cursor",
        "visual.rotangdir":"random",
        "visual.rotanginit":"0.000",
        "visual.rotangspeed":"0.000",
        "visual.rotauto":"true",
        "visual.saturation":"1.000",
        "visual.shape":"square",
        "visual.sizefinal":"1.400",
        "visual.sizeinitial":"2.998",
        "visual.sizetime":"2.000",
        "visual.smoothxyz":"3",
        "visual.speed":"0.100",
        "visual.spritesource":"cursor",
        "visual.thickness":"3.000",
        "visual.zmin":"0.004"
    }
}
