{
    "params":{
        "visual.alphafinal":"0.000",
        "visual.alphainitial":"0.660",
        "visual.alphatime":"2.886",
        "visual.aspect":"0.500",
        "visual.bounce":"false",
        "visual.cursorsprites":"true",
        "visual.filled":"true",
        "visual.hue1final":"0.000",
        "visual.hue1initial":"360.000",
        "visual.hue1time":"5.000",
        "visual.hue2final":"0.000",
        "visual.hue2initial":"360.000",
        "visual.hue2time":"5.000",
        "visual.lifetime":"10.000",
        "visual.luminance":"0.500",
        "visual.mirrortype":"none",
        "visual.movedir":"cursor",
        "visual.noisevertex":"0.738",
        "visual.nsprites":"50",
        "visual.rotangdir":"left",
        "visual.rotanginit":"45.000",
        "visual.rotangspeed":"72.000",
        "visual.rotauto":"true",
        "visual.saturation":"1.000",
        "visual.shape":"square",
        "visual.sizefinal":"0.000",
        "visual.sizeinitial":"2.001",
        "visual.sizetime":"2.080",
        "visual.smoothxyz":"3",
        "visual.speed":"0.260",
        "visual.thickness":"10.000"
    }
}
