{
    "params":{
        "visual.alphafinal":"0.000",
        "visual.alphainitial":"0.809",
        "visual.alphatime":"3.315",
        "visual.aspect":"0.577",
        "visual.bounce":"false",
        "visual.filled":"true",
        "visual.gravity":"0",
        "visual.hue1final":"195.372",
        "visual.hue1initial":"67.729",
        "visual.hue1time":"1.914",
        "visual.hue2final":"26.279",
        "visual.hue2initial":"274.615",
        "visual.hue2time":"1.479",
        "visual.justification":"center",
        "visual.lifetime":"2.038",
        "visual.luminance":"0.500",
        "visual.mirrortype":"vertical",
        "visual.movedir":"random90",
        "visual.noisevertexx":"0.000",
        "visual.noisevertexy":"0.000",
        "visual.nsprites":"4432",
        "visual.placement":"cursor",
        "visual.rotangdir":"random",
        "visual.rotanginit":"204.479",
        "visual.rotangspeed":"-21.611",
        "visual.rotauto":"true",
        "visual.saturation":"0.841",
        "visual.shape":"triangle",
        "visual.sizefinal":"1.214",
        "visual.sizeinitial":"1.245",
        "visual.sizetime":"3.754",
        "visual.smoothxyz":"5",
        "visual.speed":"0.025",
        "visual.spritesource":"cursor",
        "visual.thickness":"4.086",
        "visual.zmin":"0.004"
    }
}
