{
    "params":{
        "visual.alphafinal":"0.001",
        "visual.alphainitial":"0.900",
        "visual.alphatime":"4.022",
        "visual.aspect":"0.500",
        "visual.bounce":"false",
        "visual.cursorsprites":"true",
        "visual.filled":"true",
        "visual.hue1final":"216.000",
        "visual.hue1initial":"216.000",
        "visual.hue1time":"5.000",
        "visual.hue2final":"216.000",
        "visual.hue2initial":"216.000",
        "visual.hue2time":"5.000",
        "visual.lifetime":"10.000",
        "visual.luminance":"0.500",
        "visual.mirrortype":"none",
        "visual.movedir":"left",
        "visual.noisevertex":"0.000",
        "visual.nsprites":"50",
        "visual.rotangdir":"left",
        "visual.rotanginit":"0.000",
        "visual.rotangspeed":"120.000",
        "visual.rotauto":"false",
        "visual.saturation":"1.000",
        "visual.shape":"triangle",
        "visual.sizefinal":"4.000",
        "visual.sizeinitial":"2.499",
        "visual.sizetime":"4.060",
        "visual.smoothxyz":"3",
        "visual.speed":"0.000",
        "visual.thickness":"4.900"
    }
}
