{
    "params":{
        "visual.alphafinal":"0.000",
        "visual.alphainitial":"0.650",
        "visual.alphatime":"2.289",
        "visual.aspect":"0.500",
        "visual.bounce":"false",
        "visual.filled":"false",
        "visual.gravity":"0",
        "visual.hue1final":"0.000",
        "visual.hue1initial":"0.000",
        "visual.hue1time":"5.000",
        "visual.hue2final":"0.000",
        "visual.hue2initial":"0.000",
        "visual.hue2time":"5.000",
        "visual.justification":"center",
        "visual.lifetime":"10.000",
        "visual.luminance":"0.500",
        "visual.mirrortype":"none",
        "visual.movedir":"cursor",
        "visual.noisevertexx":"0.000",
        "visual.noisevertexy":"0.000",
        "visual.nsprites":"50",
        "visual.placement":"cursor",
        "visual.rotangdir":"right",
        "visual.rotanginit":"90.000",
        "visual.rotangspeed":"72.000",
        "visual.rotauto":"true",
        "visual.saturation":"1.000",
        "visual.shape":"circle",
        "visual.sizefinal":"10.000",
        "visual.sizeinitial":"10.000",
        "visual.sizetime":"1.354",
        "visual.smoothxyz":"3",
        "visual.speed":"0.600",
        "visual.spritesource":"cursor",
        "visual.thickness":"5.005",
        "visual.zmin":"0.004"
    }
}
