{
    "params":{
        "visual.alphafinal":"0.000",
        "visual.alphainitial":"1.000",
        "visual.alphatime":"3.089",
        "visual.aspect":"0.500",
        "visual.bounce":"true",
        "visual.filled":"true",
        "visual.gravity":"0",
        "visual.hue1final":"252.000",
        "visual.hue1initial":"360.000",
        "visual.hue1time":"2.108",
        "visual.hue2final":"252.000",
        "visual.hue2initial":"360.000",
        "visual.hue2time":"2.108",
        "visual.justification":"center",
        "visual.lifetime":"7.998",
        "visual.luminance":"0.600",
        "visual.mirrortype":"none",
        "visual.movedir":"random",
        "visual.noisevertexx":"0.000",
        "visual.noisevertexy":"0.000",
        "visual.nsprites":"49",
        "visual.placement":"cursor",
        "visual.rotangdir":"right",
        "visual.rotanginit":"0.000",
        "visual.rotangspeed":"0.000",
        "visual.rotauto":"false",
        "visual.saturation":"1.000",
        "visual.shape":"circle",
        "visual.sizefinal":"9.000",
        "visual.sizeinitial":"6.396",
        "visual.sizetime":"6.355",
        "visual.smoothxyz":"3",
        "visual.speed":"0.100",
        "visual.spritesource":"cursor",
        "visual.thickness":"8.002",
        "visual.zmin":"0.004"
    }
}
