{
    "params":{
        "visual.alphafinal":"0.000",
        "visual.alphainitial":"0.960",
        "visual.alphatime":"6.882",
        "visual.aspect":"0.500",
        "visual.bounce":"false",
        "visual.cursorsprites":"true",
        "visual.filled":"false",
        "visual.hue1final":"36.000",
        "visual.hue1initial":"36.000",
        "visual.hue1time":"5.000",
        "visual.hue2final":"36.000",
        "visual.hue2initial":"36.000",
        "visual.hue2time":"5.000",
        "visual.lifetime":"10.000",
        "visual.luminance":"0.500",
        "visual.mirrortype":"none",
        "visual.movedir":"cursor",
        "visual.noisevertex":"0.900",
        "visual.nsprites":"47",
        "visual.rotangdir":"right",
        "visual.rotanginit":"45.000",
        "visual.rotangspeed":"72.000",
        "visual.rotauto":"true",
        "visual.saturation":"1.000",
        "visual.shape":"circle",
        "visual.sizefinal":"10.000",
        "visual.sizeinitial":"5.996",
        "visual.sizetime":"0.582",
        "visual.smoothxyz":"3",
        "visual.speed":"0.060",
        "visual.thickness":"1.009"
    }
}
