{
    "params":{
        "visual.alphafinal":"0.000",
        "visual.alphainitial":"1.000",
        "visual.alphatime":"3.000",
        "visual.aspect":"0.500",
        "visual.bounce":"false",
        "visual.filled":"true",
        "visual.gravity":"0",
        "visual.hue1final":"272.000",
        "visual.hue1initial":"172.000",
        "visual.hue1time":"2.000",
        "visual.hue2final":"128.000",
        "visual.hue2initial":"28.000",
        "visual.hue2time":"2.000",
        "visual.justification":"center",
        "visual.lifetime":"3.000",
        "visual.luminance":"0.500",
        "visual.mirrortype":"none",
        "visual.movedir":"cursor",
        "visual.noisevertexx":"0.000",
        "visual.noisevertexy":"0.000",
        "visual.nsprites":"100",
        "visual.placement":"cursor",
        "visual.rotangdir":"random",
        "visual.rotanginit":"0.000",
        "visual.rotangspeed":"0.000",
        "visual.rotauto":"true",
        "visual.saturation":"1.000",
        "visual.shape":"triangle",
        "visual.sizefinal":"3.400",
        "visual.sizeinitial":"2.998",
        "visual.sizetime":"2.000",
        "visual.smoothxyz":"5",
        "visual.speed":"0.100",
        "visual.spritesource":"cursor",
        "visual.thickness":"3.000",
        "visual.zmin":"0.004"
    }
}
