{
    "params":{
        "visual.alphafinal":"0.000",
        "visual.alphainitial":"0.710",
        "visual.alphatime":"6.882",
        "visual.aspect":"0.500",
        "visual.bounce":"false",
        "visual.cursorsprites":"true",
        "visual.filled":"false",
        "visual.hue1final":"288.000",
        "visual.hue1initial":"144.000",
        "visual.hue1time":"3.002",
        "visual.hue2final":"288.000",
        "visual.hue2initial":"144.000",
        "visual.hue2time":"3.002",
        "visual.lifetime":"10.000",
        "visual.luminance":"0.500",
        "visual.mirrortype":"none",
        "visual.movedir":"cursor",
        "visual.noisevertex":"0.000",
        "visual.nsprites":"49",
        "visual.rotangdir":"left",
        "visual.rotanginit":"45.000",
        "visual.rotangspeed":"14.400",
        "visual.rotauto":"true",
        "visual.saturation":"1.000",
        "visual.shape":"circle",
        "visual.sizefinal":"10.000",
        "visual.sizeinitial":"4.001",
        "visual.sizetime":"3.052",
        "visual.smoothxyz":"3",
        "visual.speed":"0.060",
        "visual.thickness":"10.000"
    }
}
