{
    "params": {
        "visual.alphafinal":"0.000000",
        "visual.alphainitial":"0.710000",
        "visual.alphatime":"1.508000",
        "visual.aspect":"0.500000",
        "visual.bounce":"true",
        "visual.cursorsprites":"false",
        "visual.filled":"true",
        "visual.gravity":"0",
        "visual.hue1final":"108.000000",
        "visual.hue1initial":"108.000000",
        "visual.hue1time":"2.008000",
        "visual.hue2final":"108.000000",
        "visual.hue2initial":"108.000000",
        "visual.hue2time":"2.008000",
        "visual.justification":"center",
        "visual.lifetime":"6.000000",
        "visual.luminance":"0.500000",
        "visual.mirrortype":"none",
        "visual.movedir":"cursor",
        "visual.noisevertex":"0.000000",
        "visual.noisevertexx":"0.000000",
        "visual.noisevertexy":"0.000000",
        "visual.nsprites":"36",
        "visual.placement":"cursor",
        "visual.rotangdir":"right",
        "visual.rotanginit":"90.000000",
        "visual.rotangspeed":"0.000000",
        "visual.rotauto":"true",
        "visual.saturation":"1.000000",
        "visual.shape":"circle",
        "visual.sizefinal":"0.000000",
        "visual.sizeinitial":"1.501000",
        "visual.sizetime":"1.109000",
        "visual.smoothxyz":"3",
        "visual.speed":"0.230000",
        "visual.spritesource":"cursor",
        "visual.thickness":"10.000000",
        "visual.zmin":"0.004000"
    }
}