{
    "params":{
        "visual.alphafinal":"0.000",
        "visual.alphainitial":"1.000",
        "visual.alphatime":"4.287",
        "visual.aspect":"0.500",
        "visual.bounce":"false",
        "visual.filled":"true",
        "visual.gravity":"0",
        "visual.hue1final":"0.000",
        "visual.hue1initial":"288.000",
        "visual.hue1time":"5.000",
        "visual.hue2final":"0.000",
        "visual.hue2initial":"288.000",
        "visual.hue2time":"5.000",
        "visual.justification":"center",
        "visual.lifetime":"6.000",
        "visual.luminance":"0.500",
        "visual.mirrortype":"none",
        "visual.movedir":"cursor",
        "visual.noisevertexx":"0.000",
        "visual.noisevertexy":"0.000",
        "visual.nsprites":"243",
        "visual.placement":"cursor",
        "visual.rotangdir":"left",
        "visual.rotanginit":"0.000",
        "visual.rotangspeed":"0.000",
        "visual.rotauto":"false",
        "visual.saturation":"1.000",
        "visual.shape":"circle",
        "visual.sizefinal":"7.000",
        "visual.sizeinitial":"2.401",
        "visual.sizetime":"1.081",
        "visual.smoothxyz":"0",
        "visual.speed":"0.100",
        "visual.spritesource":"cursor",
        "visual.thickness":"1.903",
        "visual.zmin":"0.004"
    }
}
