{
    "params":{
        "visual.alphafinal":"0.000",
        "visual.alphainitial":"1.000",
        "visual.alphatime":"4.287",
        "visual.aspect":"0.500",
        "visual.bounce":"false",
        "visual.cursorsprites":"true",
        "visual.filled":"false",
        "visual.hue1final":"288.000",
        "visual.hue1initial":"180.360",
        "visual.hue1time":"2.003",
        "visual.hue2final":"288.000",
        "visual.hue2initial":"180.360",
        "visual.hue2time":"2.003",
        "visual.lifetime":"10.000",
        "visual.luminance":"0.500",
        "visual.mirrortype":"none",
        "visual.movedir":"random",
        "visual.noisevertex":"0.000",
        "visual.nsprites":"1146",
        "visual.rotangdir":"right",
        "visual.rotanginit":"90.000",
        "visual.rotangspeed":"0.000",
        "visual.rotauto":"false",
        "visual.saturation":"1.000",
        "visual.shape":"line",
        "visual.sizefinal":"10.000",
        "visual.sizeinitial":"2.000",
        "visual.sizetime":"2.080",
        "visual.smoothxyz":"3",
        "visual.speed":"0.110",
        "visual.thickness":"2.560"
    }
}
