{
    "params":{
        "visual.alphafinal":"0.000",
        "visual.alphainitial":"0.700",
        "visual.alphatime":"2.297",
        "visual.aspect":"0.500",
        "visual.bounce":"false",
        "visual.cursorsprites":"true",
        "visual.filled":"true",
        "visual.hue1final":"360.000",
        "visual.hue1initial":"360.000",
        "visual.hue1time":"5.000",
        "visual.hue2final":"360.000",
        "visual.hue2initial":"360.000",
        "visual.hue2time":"5.000",
        "visual.lifetime":"10.000",
        "visual.luminance":"0.500",
        "visual.mirrortype":"none",
        "visual.movedir":"cursor",
        "visual.noisevertex":"0.000",
        "visual.nsprites":"129",
        "visual.rotangdir":"left",
        "visual.rotanginit":"90.000",
        "visual.rotangspeed":"120.000",
        "visual.rotauto":"true",
        "visual.saturation":"1.000",
        "visual.shape":"line",
        "visual.sizefinal":"0.000",
        "visual.sizeinitial":"4.997",
        "visual.sizetime":"1.109",
        "visual.smoothxyz":"3",
        "visual.speed":"0.210",
        "visual.thickness":"10.000"
    }
}
