{
    "params":{
        "visual.alphafinal":"0.000",
        "visual.alphainitial":"1.000",
        "visual.alphatime":"7.881",
        "visual.aspect":"0.500",
        "visual.bounce":"false",
        "visual.cursorsprites":"true",
        "visual.filled":"false",
        "visual.hue1final":"237.600",
        "visual.hue1initial":"237.600",
        "visual.hue1time":"5.000",
        "visual.hue2final":"237.600",
        "visual.hue2initial":"237.600",
        "visual.hue2time":"5.000",
        "visual.lifetime":"10.000",
        "visual.luminance":"0.500",
        "visual.mirrortype":"none",
        "visual.movedir":"cursor",
        "visual.noisevertex":"0.000",
        "visual.nsprites":"1047",
        "visual.rotangdir":"left",
        "visual.rotanginit":"90.000",
        "visual.rotangspeed":"72.000",
        "visual.rotauto":"true",
        "visual.saturation":"1.000",
        "visual.shape":"line",
        "visual.sizefinal":"4.000",
        "visual.sizeinitial":"6.996",
        "visual.sizetime":"2.080",
        "visual.smoothxyz":"3",
        "visual.speed":"0.260",
        "visual.thickness":"10.000"
    }
}
