{
    "params":{
        "visual.alphafinal":"0.000",
        "visual.alphainitial":"1.000",
        "visual.alphatime":"7.502",
        "visual.aspect":"0.500",
        "visual.bounce":"true",
        "visual.filled":"true",
        "visual.gravity":"0",
        "visual.hue1final":"324.000",
        "visual.hue1initial":"360.000",
        "visual.hue1time":"2.008",
        "visual.hue2final":"36.000",
        "visual.hue2initial":"72.000",
        "visual.hue2time":"3.906",
        "visual.justification":"center",
        "visual.lifetime":"6.999",
        "visual.luminance":"0.500",
        "visual.mirrortype":"none",
        "visual.movedir":"leftright",
        "visual.noisevertexx":"0.000",
        "visual.noisevertexy":"0.000",
        "visual.nsprites":"1039",
        "visual.placement":"cursor",
        "visual.rotangdir":"right",
        "visual.rotanginit":"90.000",
        "visual.rotangspeed":"0.000",
        "visual.rotauto":"false",
        "visual.saturation":"1.000",
        "visual.shape":"line",
        "visual.sizefinal":"1.000",
        "visual.sizeinitial":"2.500",
        "visual.sizetime":"5.605",
        "visual.smoothxyz":"3",
        "visual.speed":"0.300",
        "visual.spritesource":"cursor",
        "visual.thickness":"7.902",
        "visual.zmin":"0.004"
    }
}
