{
    "params": {
        "visual.alphafinal":"0.000000",
        "visual.alphainitial":"1.000000",
        "visual.alphatime":"4.006000",
        "visual.aspect":"0.500000",
        "visual.bounce":"false",
        "visual.cursorsprites":"false",
        "visual.filled":"true",
        "visual.gravity":"0",
        "visual.hue1final":"32.400002",
        "visual.hue1initial":"28.799999",
        "visual.hue1time":"1.004000",
        "visual.hue2final":"176.399994",
        "visual.hue2initial":"172.800003",
        "visual.hue2time":"1.004000",
        "visual.justification":"center",
        "visual.lifetime":"10.000000",
        "visual.luminance":"0.500000",
        "visual.mirrortype":"none",
        "visual.movedir":"leftright",
        "visual.noisevertex":"0.000000",
        "visual.noisevertexx":"0.000000",
        "visual.noisevertexy":"0.000000",
        "visual.nsprites":"2044",
        "visual.placement":"cursor",
        "visual.rotangdir":"random",
        "visual.rotanginit":"0.000000",
        "visual.rotangspeed":"0.000000",
        "visual.rotauto":"false",
        "visual.saturation":"1.000000",
        "visual.shape":"square",
        "visual.sizefinal":"3.000000",
        "visual.sizeinitial":"0.809000",
        "visual.sizetime":"6.562000",
        "visual.smoothxyz":"0",
        "visual.speed":"0.100000",
        "visual.spritesource":"cursor",
        "visual.thickness":"2.008000",
        "visual.zmin":"0.100000"
    }
}