{
    "params": {
        "visual.alphafinal":"0.001000",
        "visual.alphainitial":"1.000000",
        "visual.alphatime":"2.289000",
        "visual.aspect":"0.500000",
        "visual.bounce":"false",
        "visual.cursorsprites":"false",
        "visual.filled":"false",
        "visual.gravity":"0",
        "visual.hue1final":"252.000000",
        "visual.hue1initial":"288.000000",
        "visual.hue1time":"2.003000",
        "visual.hue2final":"252.000000",
        "visual.hue2initial":"180.000000",
        "visual.hue2time":"2.003000",
        "visual.justification":"center",
        "visual.lifetime":"6.000000",
        "visual.luminance":"0.500000",
        "visual.mirrortype":"none",
        "visual.movedir":"up",
        "visual.noisevertex":"0.000000",
        "visual.noisevertexx":"0.000000",
        "visual.noisevertexy":"0.000000",
        "visual.nsprites":"1246",
        "visual.placement":"cursor",
        "visual.rotangdir":"left",
        "visual.rotanginit":"0.000000",
        "visual.rotangspeed":"0.000000",
        "visual.rotauto":"false",
        "visual.saturation":"1.000000",
        "visual.shape":"circle",
        "visual.sizefinal":"10.000000",
        "visual.sizeinitial":"1.202000",
        "visual.sizetime":"1.541000",
        "visual.smoothxyz":"7",
        "visual.speed":"0.160000",
        "visual.spritesource":"cursor",
        "visual.thickness":"2.902000",
        "visual.zmin":"0.100000"
    }
}