{
    "params":{
        "visual.alphafinal":"0.000",
        "visual.alphainitial":"0.850",
        "visual.alphatime":"6.285",
        "visual.aspect":"0.500",
        "visual.bounce":"false",
        "visual.cursorsprites":"true",
        "visual.filled":"true",
        "visual.hue1final":"0.000",
        "visual.hue1initial":"288.000",
        "visual.hue1time":"5.000",
        "visual.hue2final":"0.000",
        "visual.hue2initial":"288.000",
        "visual.hue2time":"5.000",
        "visual.lifetime":"6.000",
        "visual.luminance":"0.500",
        "visual.mirrortype":"none",
        "visual.movedir":"cursor",
        "visual.noisevertex":"0.000",
        "visual.nsprites":"45",
        "visual.rotangdir":"left",
        "visual.rotanginit":"0.000",
        "visual.rotangspeed":"0.000",
        "visual.rotauto":"true",
        "visual.saturation":"1.000",
        "visual.shape":"square",
        "visual.sizefinal":"5.000",
        "visual.sizeinitial":"2.401",
        "visual.sizetime":"1.081",
        "visual.smoothxyz":"3",
        "visual.speed":"0.100",
        "visual.thickness":"1.903"
    }
}
