{
    "params":{
        "visual.alphafinal":"0.040",
        "visual.alphainitial":"0.970",
        "visual.alphatime":"2.090",
        "visual.aspect":"0.500",
        "visual.bounce":"false",
        "visual.cursorsprites":"true",
        "visual.filled":"false",
        "visual.hue1final":"288.000",
        "visual.hue1initial":"288.360",
        "visual.hue1time":"5.000",
        "visual.hue2final":"288.000",
        "visual.hue2initial":"288.360",
        "visual.hue2time":"5.000",
        "visual.lifetime":"10.000",
        "visual.luminance":"0.500",
        "visual.mirrortype":"none",
        "visual.movedir":"cursor",
        "visual.noisevertex":"0.000",
        "visual.nsprites":"50",
        "visual.rotangdir":"right",
        "visual.rotanginit":"45.000",
        "visual.rotangspeed":"72.000",
        "visual.rotauto":"true",
        "visual.saturation":"1.000",
        "visual.shape":"square",
        "visual.sizefinal":"10.000",
        "visual.sizeinitial":"3.498",
        "visual.sizetime":"1.190",
        "visual.smoothxyz":"3",
        "visual.speed":"0.700",
        "visual.thickness":"10.000"
    }
}
