{
    "params":{
        "visual.alphafinal":"0.100",
        "visual.alphainitial":"0.790",
        "visual.alphatime":"2.289",
        "visual.aspect":"0.500",
        "visual.bounce":"false",
        "visual.cursorsprites":"true",
        "visual.filled":"true",
        "visual.hue1final":"0.000",
        "visual.hue1initial":"180.000",
        "visual.hue1time":"7.997",
        "visual.hue2final":"0.000",
        "visual.hue2initial":"180.000",
        "visual.hue2time":"7.997",
        "visual.lifetime":"10.000",
        "visual.luminance":"0.500",
        "visual.mirrortype":"none",
        "visual.movedir":"cursor",
        "visual.noisevertex":"0.000",
        "visual.nsprites":"50",
        "visual.rotangdir":"left",
        "visual.rotanginit":"0.000",
        "visual.rotangspeed":"120.000",
        "visual.rotauto":"true",
        "visual.saturation":"1.000",
        "visual.shape":"square",
        "visual.sizefinal":"10.000",
        "visual.sizeinitial":"10.000",
        "visual.sizetime":"1.567",
        "visual.smoothxyz":"3",
        "visual.speed":"0.300",
        "visual.thickness":"4.900"
    }
}
