{
    "params":{
        "visual.alphafinal":"0.000",
        "visual.alphainitial":"0.860",
        "visual.alphatime":"2.886",
        "visual.aspect":"0.500",
        "visual.bounce":"false",
        "visual.cursorsprites":"true",
        "visual.filled":"true",
        "visual.hue1final":"180.000",
        "visual.hue1initial":"360.000",
        "visual.hue1time":"5.000",
        "visual.hue2final":"180.000",
        "visual.hue2initial":"360.000",
        "visual.hue2time":"5.000",
        "visual.lifetime":"10.000",
        "visual.luminance":"0.500",
        "visual.mirrortype":"none",
        "visual.movedir":"random",
        "visual.noisevertex":"0.900",
        "visual.nsprites":"1000",
        "visual.rotangdir":"right",
        "visual.rotanginit":"0.000",
        "visual.rotangspeed":"72.000",
        "visual.rotauto":"false",
        "visual.saturation":"1.000",
        "visual.shape":"square",
        "visual.sizefinal":"0.000",
        "visual.sizeinitial":"10.000",
        "visual.sizetime":"0.784",
        "visual.smoothxyz":"6",
        "visual.speed":"0.960",
        "visual.thickness":"1.009"
    }
}
