{
    "params":{
        "visual.alphafinal":"0.700",
        "visual.alphainitial":"0.700",
        "visual.alphatime":"1.624",
        "visual.aspect":"0.500",
        "visual.bounce":"false",
        "visual.cursorsprites":"true",
        "visual.filled":"true",
        "visual.hue1final":"180.000",
        "visual.hue1initial":"288.000",
        "visual.hue1time":"5.000",
        "visual.hue2final":"180.000",
        "visual.hue2initial":"288.000",
        "visual.hue2time":"5.000",
        "visual.lifetime":"10.000",
        "visual.luminance":"0.500",
        "visual.mirrortype":"none",
        "visual.movedir":"random",
        "visual.noisevertex":"0.000",
        "visual.nsprites":"48",
        "visual.rotangdir":"left",
        "visual.rotanginit":"0.000",
        "visual.rotangspeed":"14.400",
        "visual.rotauto":"false",
        "visual.saturation":"1.000",
        "visual.shape":"triangle",
        "visual.sizefinal":"4.000",
        "visual.sizeinitial":"4.505",
        "visual.sizetime":"4.060",
        "visual.smoothxyz":"3",
        "visual.speed":"0.100",
        "visual.thickness":"4.900"
    }
}
