{
  "debug": [ "", "midi", "cursor", "saved", "api", "scheduler", "process", "attract" ],
  "plugins": [ "", "quadpro" ],
  "bidule": ["C:/Program Files/Plogue/Bidule/Bidule.exe", ""],
  "mmtt": ["kinect", "depthai", ""],
	"destination": [ ".", "A", "B", "C", "D" ],
	"logic_sound": [ "default", "midigrid" ],
	"logic_visual": [ "default", "maze", "maze4", "maze33" ],
	"quantstyle": [ "none", "frets", "fixed", "pressure" ],
	"volstyle": [ "fixed", "pressure" ],
  "shape": [ "line", "triangle", "square", "circle" ],
  "movedir": [ "cursor", "left", "right", "up", "down", "random", "random90", "updown", "leftright" ],
  "rotangdir": [ "right", "left", "random" ],
  "mirror": [ "none", "vertical", "horizontal", "four" ],
  "justification": [ "center", "left", "right", "top", "bottom", "topleft", "topright", "bottomleft", "bottomright" ],
  "controllerstyle": [ "modulationonly", "allcontrollers", "pitchYZ", "nothing" ],
  "cursorstyle": [ "downonly", "retrigger" ],
  "placement": [ "random", "linear", "cursor", "top", "bottom", "left", "right" ],
  "spritesource": [ "cursor", "midi", "none" ],
  "spritestyle": [ "hue", "texture" ],
  "midibehaviour": [
    "scalecapture",
    "none",
    "sprite"
  ],
  "patch": [
    "A",
    "B",
    "C",
    "D"
  ],
  "scale": [
    "external",
    "newage",
    "arabian",
    "ionian",
    "dorian",
    "phrygian",
    "lydian",
    "mixolydian",
    "aeolian",
    "locrian",
    "octaves",
    "harminor",
    "melminor",
    "chromatic"
  ],
  "inputport": [
    "",
    "microKEY2 Air"
  ],
  "synth": [
    "",
    "DummyWave"
  ],
  "midiport": [
    "01. Internal MIDI",
    "02. Internal MIDI",
    "03. Internal MIDI",
    "04. Internal MIDI",
    "05. Internal MIDI",
    "06. Internal MIDI",
    "07. Internal MIDI",
    "08. Internal MIDI",
    "09. Internal MIDI",
    "10. Internal MIDI",
    "11. Internal MIDI",
    "12. Internal MIDI"
  ]
}
