{
"effect.twisted": {"valuetype": "bool", "min": "false", "max": "true", "randmax": "0.1", "init": "false", "comment": "#" },
"effect.twisted:twirl": {"valuetype": "float", "min": "0.0", "max": "1.0",  "init": "0.6", "comment": "#" },
"effect.twisted:radius": {"valuetype": "float", "min": "0.0", "max": "1.0",  "randmin":"0.25", "randmax":"1.0", "init": "0.31", "comment": "#" },

"effect.huerotate": {"valuetype": "bool", "min": "false", "max": "true", "randmax": "0.1", "init": "false", "comment": "#" },
"effect.huerotate:huescale": {"valuetype": "float", "min": "0.0", "max": "1.0",  "init": "1.0", "comment": "#" },
"effect.huerotate:huerotate": {"valuetype": "float", "min": "0.0", "max": "1.0",  "init": "0.0", "comment": "#" },
"effect.huerotate:satscale": {"valuetype": "float", "min": "0.0", "max": "1.0",  "init": "0.5", "comment": "#" },

"effect.kaleidoscope": {"valuetype": "bool", "min": "false", "max": "true", "randmax": "0.05", "init": "false", "comment": "#" },
"effect.kaleidoscope:angles": {"valuetype": "float", "min": "0.0", "max": "1.0", "randmin":"0.1", "randmax":"1.0", "init": "0.3", "comment": "#" },
"effect.kaleidoscope:rotation": {"valuetype": "float", "min": "0.0", "max": "1.0",  "init": "0.0", "comment": "#" },
"effect.kaleidoscope:zoom": {"valuetype": "float", "min": "0.0", "max": "1.0",  "init": "0.58", "comment": "#" },
"effect.kaleidoscope:inputrotation": {"valuetype": "float", "min": "0.0", "max": "1.0",  "init": "0.5", "comment": "#" },
"effect.kaleidoscope:opacity": {"valuetype": "float", "min": "0.0", "max": "1.0",  "randmin":"1.0", "randmax":"1.0", "init": "1.0", "comment": "#" },

"effect.blur": {"valuetype": "bool", "min": "false", "max": "true", "randmax": "0.2", "init": "false", "comment": "#" },
"effect.blur:blurxdistance": {"valuetype": "float", "min": "0.0", "max": "1.0",  "init": "0.1", "comment": "#" },
"effect.blur:blurydistance": {"valuetype": "float", "min": "0.0", "max": "1.0",  "init": "0.08", "comment": "#" },
"effect.blur:gaussian": {"valuetype": "float", "min": "0.0", "max": "1.0",  "init": "0.17", "comment": "#" },
"effect.blur:quality": {"valuetype": "float", "min": "0.0", "max": "1.0",  "init": "0.28", "comment": "#" },

"effect.mirrorquad": {"valuetype": "bool", "min": "false", "max": "true", "randmax": "0.05", "init": "false", "comment": "#" },
"effect.mirrorquad:flipx": {"valuetype": "int", "min": "0", "max": "1",  "init": "0", "comment": "#" },
"effect.mirrorquad:flipy": {"valuetype": "int", "min": "0", "max": "1",  "init": "0", "comment": "#" },

"effect.fragment": {"valuetype": "bool", "min": "false", "max": "true", "randmax": "0.1", "init": "false", "comment": "#" },
"effect.fragment:fragments": {"valuetype": "float", "min": "0.0", "max": "1.0",  "init": "0.3", "comment": "#" },
"effect.fragment:distance": {"valuetype": "float", "min": "0.0", "max": "1.0",  "init": "0.33", "comment": "#" },
"effect.fragment:rotation": {"valuetype": "float", "min": "0.0", "max": "1.0",  "init": "0.0", "comment": "#" },
"effect.fragment:fragrotationx": {"valuetype": "float", "min": "0.0", "max": "1.0",  "init": "0.5", "comment": "#" },
"effect.fragment:fragrotationy": {"valuetype": "float", "min": "0.0", "max": "1.0",  "init": "0.5", "comment": "#" },
"effect.fragment:fragrotationz": {"valuetype": "float", "min": "0.0", "max": "1.0",  "init": "0.5", "comment": "#" },
"effect.fragment:fragscale": {"valuetype": "float", "min": "0.0", "max": "1.0",  "randmin":"1.0", "randmax":"1.0", "init": "1.0", "comment": "#" },

"effect.posterize": {"valuetype": "bool", "min": "false", "max": "true", "randmax": "0.2", "init": "false", "comment": "#" },
"effect.posterize:posterize": {"valuetype": "float", "min": "0.0", "max": "1.0", "randmin":"0.1", "randmax":"0.5", "init": "0.19", "comment": "#" },

"effect.displace": {"valuetype": "bool", "min": "false", "max": "true", "randmax": "0.2", "init": "false", "comment": "#" },
"effect.displace:xfactor": {"valuetype": "float", "min": "0.0", "max": "1.0",  "init": "0.76", "comment": "#" },
"effect.displace:yfactor": {"valuetype": "float", "min": "0.0", "max": "1.0",  "init": "0.24", "comment": "#" },
"effect.displace:threshold": {"valuetype": "float", "min": "0.0", "max": "1.0",  "randmin": "0.0", "randmax": "0.4", "init": "0.0", "comment": "#" },

"effect.edgedetection": {"valuetype": "bool", "min": "false", "max": "true", "randmax": "0.2", "init": "false", "comment": "#" },
"effect.edgedetection:mode": {"valuetype": "float", "min": "0.0", "max": "1.0",  "init": "0.92", "comment": "#" },
"effect.edgedetection:multiplier": {"valuetype": "float", "min": "0.0", "max": "1.0",  "randmin": "0.2", "randmax": "1.0", "init": "1.0", "comment": "#" },

"effect.mirror": {"valuetype": "bool", "min": "false", "max": "true", "randmax": "0.05", "init": "false", "comment": "#" },
"effect.mirror:x": {"valuetype": "float", "min": "0.0", "max": "1.0", "randmin":"0.5", "randmax":"0.5", "init": "0.5", "comment": "#" },
"effect.mirror:y": {"valuetype": "float", "min": "0.0", "max": "1.0", "randmin":"0.5", "randmax":"0.5", "init": "0.5", "comment": "#" },
"effect.mirror:in/out": {"valuetype": "float", "min": "0.0", "max": "1.0",  "init": "1.0", "comment": "#" },
"effect.mirror:flipx": {"valuetype": "int", "min": "0", "max": "1",  "init": "0", "comment": "#" },
"effect.mirror:flipy": {"valuetype": "int", "min": "0", "max": "1",  "init": "0", "comment": "#" },

"effect.trails": {"valuetype": "bool", "min": "false", "max": "true", "randmax": "0.2", "init": "false", "comment": "#" },
"effect.trails:feedback": {"valuetype": "float", "min": "0.0", "max": "1.0", "randmin":"0.5", "randmax":"0.70", "init": "0.70", "comment": "#" },

"effect.goo": {"valuetype": "bool", "min": "false", "max": "true", "randmax": "0.2", "init": "false", "comment": "#" },
"effect.goo:resolution": {"valuetype": "int", "min": "4", "max": "128", "randmin":"4", "randmax":"32", "init": "16", "comment": "#" },
"effect.goo:speed": {"valuetype": "float", "min": "0.0", "max": "1.0", "randmin":"0.0", "randmax":"0.25", "init": "0.15", "comment": "#" },
"effect.goo:maxdistortionx": {"valuetype": "float", "min": "0.0", "max": "1.0", "randmin":"0.0", "randmax":"1.0", "init": "1.0", "comment": "#" },
"effect.goo:maxdistortiony": {"valuetype": "float", "min": "0.0", "max": "1.0", "randmin":"0.0", "randmax":"1.0", "init": "1.0", "comment": "#" },
"effect.goo:maxdistortionz": {"valuetype": "float", "min": "0.0", "max": "1.0", "randmin":"0.0", "randmax":"1.0", "init": "1.0", "comment": "#" },
"effect.goo:shade": {"valuetype": "float", "min": "0.0", "max": "1.0", "randmin":"0.0", "randmax":"1.0", "init": "1.0", "comment": "#" },

"misc.cursorstyle": {"valuetype":"string", "min":"cursorstyle", "max":"cursorstyle", "init":"retrigger", "comment":"# Cursor playing style" },
"misc.quantstyle": {"valuetype":"string", "min":"quantstyle", "max":"quantstyle", "init":"frets", "comment":"# Quantization style" },
"misc.usescale": {"valuetype":"bool", "min":"false", "max":"true", "init":"true", "comment":"# Use Scale" },
"misc.volstyle": {"valuetype":"string", "min":"volstyle", "max":"volstyle", "init":"pressure", "comment":"# Velocity style" },
"misc.logic_sound": {"valuetype":"string", "min":"logic_sound", "max":"logic_sound", "init":"true", "comment":"# Sound Logic" },
"misc.logic_visual": {"valuetype":"string", "min":"logic_visual", "max":"logic_visual", "init":"true", "comment":"# Visual Logic" },
"misc.midibehaviour": {"valuetype": "string", "min": "midibehaviour", "max": "midibehaviour",  "init": "default", "comment": "#" },
"misc.midiinputpatch": {"valuetype":"string", "min":"patch", "max":"patch", "init":"A", "comment":"# Layer receiving MIDI Input" },
"misc.pitchoffset": {"valuetype": "float", "min": "0.0", "max": "128.0",  "init": "0.0", "comment": "#" },
"misc.pitchfactor": {"valuetype": "float", "min": "0.1", "max": "10.0",  "init": "1.0",	"comment": "#" },
"misc.generatesound": {"valuetype":"bool", "min":"false", "max":"true", "init":"true", "comment":"# Enable Sound" },
"misc.generatevisual": {"valuetype":"bool", "min":"false", "max":"true", "init":"true", "comment":"# Enable Visual" },

"engine.debug": {"valuetype":"string", "min":"debug", "max":"debug", "init":"", "comment":"# Debugging" },
"engine.attractidlesecs": {"valuetype":"int", "min":"0", "max":"3600", "init":"0", "comment":"# Attract timeout, 0 to disable" },
"engine.bidulepath": {"valuetype":"string", "min":"bidule", "max":"bidule", "init":"C:/Program Files/Plogue/Bidule/Bidule.exe", "comment":"# Bidule executable path" },

"visual.noisevertex": {"valuetype":"float", "min":"0.0", "max":"1.0", "randmin":"0.0", "randmax":"0.0", "init":"0.0", "comment":"# 0-1" },
"visual.cursorsprites": {"valuetype":"bool", "min":"false", "max":"true", "init":"false", "comment":"#" },
"visual.alphafinal": {"valuetype":"float", "min":"0.0", "max":"1.0", "randmin":"0.0", "randmax":"0.0", "init":"0.0", "comment":"# 0-1" },
"visual.alphainitial": {"valuetype":"float", "min":"0.0", "max":"1.0", "randmin":"0.5", "randmax":"1.0", "init":"1.0", "comment":"# 0-1" },
"visual.alphatime": {"valuetype":"float", "min":"0.01", "max":"10.0", "randmin":"0.5", "randmax":"5.0", "init":"3.0", "comment":"# secs" },
"visual.aspect": {"valuetype":"float", "min":"0.0", "max":"1.0", "randmin":"0.25", "randmax":"0.75", "init":"0.5", "comment":"#" },
"visual.bounce": {"valuetype":"bool", "min":"false", "max":"true", "init":"false", "comment":"#" },
"visual.filled": {"valuetype":"bool", "min":"false", "max":"true", "init":"true", "comment":"#" },
"visual.gravity": {"valuetype":"int", "min":"0", "max":"10", "randmin": "0", "randmax": "0", "init":"0", "comment":"#" },
"visual.hue1final": {"valuetype":"float", "min":"0.0", "max":"360.0", "init":"200.0", "comment":"# 0-360" },
"visual.hue1initial": {"valuetype":"float", "min":"0.0", "max":"360.0", "init":"100.0", "comment":"# 0-360" },
"visual.hue1time": {"valuetype":"float", "min":"0.01", "max":"10.0", "randmin":"0.5", "randmax":"2.0", "init":"2.0", "comment":"# secs" },
"visual.hue2final": {"valuetype":"float", "min":"0.0", "max":"360.0", "init":"200.0", "comment":"# 0-360" },
"visual.hue2initial": {"valuetype":"float", "min":"0.0", "max":"360.0", "init":"100.0", "comment":"# 0-360" },
"visual.hue2time": {"valuetype":"float", "min":"0.01", "max":"10.0", "randmin":"0.5", "randmax":"2.0", "init":"2.0", "comment":"# secs" },
"visual.inputbackground": {"valuetype":"bool", "min":"false", "max":"true", "randmax":"0.2", "init":"false", "comment":"# use input as background" },
"visual.justification": {"valuetype":"string", "min":"justification", "max":"justification", "randmax":"center", "init":"center", "comment":"#" },
"visual.lifetime": {"valuetype":"float", "min":"0.01", "max":"10.0", "randmin":"2.0", "randmax":"5.0", "init":"3.0", "comment":"#" },
"visual.luminance": {"valuetype":"float", "min":"0.0", "max":"1.0", "randmin":"0.5", "randmax":"0.5", "init":"0.5", "comment":"#" },
"visual.mirrortype": {"valuetype":"string", "min":"mirror", "max":"mirror", "init":"none", "comment":"#" },
"visual.movedir": {"valuetype":"string", "min":"movedir", "max":"movedir", "init":"cursor", "comment":"#" },
"visual.noisevertexx": {"valuetype":"float", "min":"0.0", "max":"1.0", "randmin":"0.0", "randmax":"0.0", "init":"0.0", "comment":"# 0-1" },
"visual.noisevertexy": {"valuetype":"float", "min":"0.0", "max":"1.0", "randmin":"0.0", "randmax":"0.0", "init":"0.0", "comment":"# 0-1" },
"visual.placement": {"valuetype":"string", "min":"placement", "max":"placement", "randmax": "cursor", "init":"cursor", "comment":"# 0-360" },
"visual.spritesource": {"valuetype":"string", "min":"spritesource", "max":"spritesource", "randmax":"cursor", "init":"cursor", "comment":"#" },
"visual.spritestyle": {"valuetype":"string", "min":"spritestyle", "max":"spritestyle", "randmax":"hue", "init":"hue", "comment":"#" },
"visual.rotangdir": {"valuetype":"string", "min":"rotangdir", "max":"rotangdir", "init":"random", "comment":"# 0-360" },
"visual.rotanginit": {"valuetype":"float", "min":"0.0", "max":"360.0", "init":"0.0", "comment":"# 0-360" },
"visual.rotangspeed": {"valuetype":"float", "min":"-120.0", "max":"120.0", "init":"0.0", "comment":"#" },
"visual.rotauto": {"valuetype":"bool", "min":"false", "max":"true", "init":"false", "comment":"#" },
"visual.saturation": {"valuetype":"float", "min":"0.0", "max":"1.0", "randmin":"0.75", "randmax":"1.0", "init":"1.0", "comment":"#" },
"visual.shape": {"valuetype":"string", "min":"shape", "max":"shape", "init":"square", "comment":"#" },
"visual.sizefinal": {"valuetype":"float", "min":"0.0", "max":"10.0", "randmin":"0.0", "randmax":"3.0", "init":"0.4", "comment":"#" },
"visual.sizeinitial": {"valuetype":"float", "min":"0.01", "max":"10.0", "randmin":"0.3", "randmax":"3.0", "init":"1.0", "comment":"#" },
"visual.sizetime": {"valuetype":"float", "min":"0.01", "max":"10.0", "init":"2.0", "comment":"# secs" },
"visual.speed": {"valuetype":"float", "min":"0.0", "max":"1.0", "randmin":"0.0", "randmax":"0.5", "init":"0.1", "comment":"#" },
"visual.thickness": {"valuetype":"float", "min":"0.01", "max":"10.0", "init":"3.0", "comment":"#" },
"visual.zmin": {"valuetype":"float", "min":"0.0", "max":"1.0", "randmin":"0.004", "randmax":"0.004", "init":"0.004", "comment":"#" },
"visual.nsprites": {"valuetype":"int", "min":"1", "max":"10000", "init":"100", "comment":"#" },
"visual.smoothxyz": {"valuetype":"int", "min":"0", "max":"10", "randmin":"5", "randmax":"5", "init":"5", "comment":"#" },
	
"sound.chromatic": {"valuetype":"bool", "min":"false", "max":"true", "init":"false", "comment":"#" },
"sound.controllerstyle": {"valuetype":"string", "min":"controllerstyle", "max":"controllerstyle", "init":"modulationonly", "comment":"#" },
"sound._controllerzmax": {"valuetype":"float", "min":"0.0", "max":"1.0", "init":"0.9", "comment":"#" },
"sound._controllerzmin": {"valuetype":"float", "min":"0.0", "max":"1.0", "init":"0.001", "comment":"#" },
"sound._deltaytrig": {"valuetype":"float", "min":"0.0", "max":"1.0", "init":"1.0", "comment":"#" },
"sound._deltaztrig": {"valuetype":"float", "min":"0.0", "max":"1.0", "init":"1.0", "comment":"#" },
"sound.synth": {"valuetype":"string", "min":"synth", "max":"synth", "init":"default", "comment":"#" },
"sound._inputport": {"valuetype":"string", "min":"inputport", "max":"inputport", "init":"", "comment":"#" },
"sound.pitchmax": {"valuetype":"int", "min":"0", "max":"127", "init":"80", "comment":"#" },
"sound.pitchmin": {"valuetype":"int", "min":"0", "max":"127", "init":"33", "comment":"#" },
"sound.midifile": {"valuetype":"string", "min":"midifile", "max":"midifile", "init":"jsbach", "comment":"#" },
"sound.velocitymax": {"valuetype":"int", "min":"0", "max":"127", "init":"127", "comment":"#" },
"sound.velocitymin": {"valuetype":"int", "min":"1", "max":"127", "init":"1", "comment":"#" },
"sound._timefret1q": {"valuetype":"float", "min":"0.0", "max":"1.0", "init":"1.0", "comment":"#" },
"sound._timefret1y": {"valuetype":"float", "min":"0.0", "max":"1.0", "init":"0.15", "comment":"#" },
"sound._timefret2q": {"valuetype":"float", "min":"0.0", "max":"1.0", "init":"0.5", "comment":"#" },
"sound._timefret2y": {"valuetype":"float", "min":"0.0", "max":"1.0", "init":"0.5", "comment":"#" },
"sound._timefret3q": {"valuetype":"float", "min":"0.0", "max":"1.0", "init":"0.25", "comment":"#" },
"sound._timefret3y": {"valuetype":"float", "min":"0.0", "max":"1.0", "init":"0.8", "comment":"#" },
"sound._timefret4q": {"valuetype":"float", "min":"0.0", "max":"1.0", "init":"0.125", "comment":"#" },
"sound._timefret4y": {"valuetype":"float", "min":"0.0", "max":"1.0", "init":"1.0", "comment":"#" },
"sound.xcontroller": {"valuetype":"int", "min":"1", "max":"127", "init":"3", "comment":"#" },
"sound.ycontroller": {"valuetype":"int", "min":"1", "max":"127", "init":"2", "comment":"#" },
"sound.zcontroller": {"valuetype":"int", "min":"1", "max":"127", "init":"1", "comment":"#" }
}
