{ "synths" : [
	{"name": "default", "port":"01. Internal MIDI", "channel":1},

	{"name": "channel1", "port":"01. Internal MIDI", "channel":1},
	{"name": "channel2", "port":"01. Internal MIDI", "channel":2},
	{"name": "channel3", "port":"01. Internal MIDI", "channel":3},
	{"name": "channel4", "port":"01. Internal MIDI", "channel":4},
	{"name": "channel5", "port":"01. Internal MIDI", "channel":5},
	{"name": "channel6", "port":"01. Internal MIDI", "channel":6},
	{"name": "channel7", "port":"01. Internal MIDI", "channel":7},
	{"name": "channel8", "port":"01. Internal MIDI", "channel":8},
	{"name": "channel9", "port":"01. Internal MIDI", "channel":9},
	{"name": "channel10", "port":"01. Internal MIDI", "channel":10},
	{"name": "channel11", "port":"01. Internal MIDI", "channel":11},
	{"name": "channel12", "port":"01. Internal MIDI", "channel":12},
	{"name": "channel13", "port":"01. Internal MIDI", "channel":13},
	{"name": "channel14", "port":"01. Internal MIDI", "channel":14},
	{"name": "channel15", "port":"01. Internal MIDI", "channel":15},
	{"name": "channel16", "port":"01. Internal MIDI", "channel":16},

	{"name": "default01", "port":"01. Internal MIDI", "channel":1},
	{"name": "default02", "port":"02. Internal MIDI", "channel":1},
	{"name": "default03", "port":"03. Internal MIDI", "channel":1},
	{"name": "default04", "port":"04. Internal MIDI", "channel":1},
	{"name": "default05", "port":"05. Internal MIDI", "channel":1},
	{"name": "default06", "port":"06. Internal MIDI", "channel":1},
	{"name": "default07", "port":"07. Internal MIDI", "channel":1},
	{"name": "default08", "port":"08. Internal MIDI", "channel":1},
	{"name": "default09", "port":"09. Internal MIDI", "channel":1},
	{"name": "default10", "port":"10. Internal MIDI", "channel":1},
	{"name": "default11", "port":"11. Internal MIDI", "channel":1},
	{"name": "default12", "port":"12. Internal MIDI", "channel":1},
	{"name": "default13", "port":"13. Internal MIDI", "channel":1},
	{"name": "default14", "port":"14. Internal MIDI", "channel":1},
	{"name": "default15", "port":"15. Internal MIDI", "channel":1},
	{"name": "default16", "port":"16. Internal MIDI", "channel":1},

	{"name": "P_01_C_01", "port":"01. Internal MIDI", "channel":1},
	{"name": "P_01_C_02", "port":"01. Internal MIDI", "channel":2},
	{"name": "P_01_C_03", "port":"01. Internal MIDI", "channel":3},
	{"name": "P_01_C_04", "port":"01. Internal MIDI", "channel":4},
	{"name": "P_01_C_05", "port":"01. Internal MIDI", "channel":5},
	{"name": "P_01_C_06", "port":"01. Internal MIDI", "channel":6},
	{"name": "P_01_C_07", "port":"01. Internal MIDI", "channel":7},
	{"name": "P_01_C_08", "port":"01. Internal MIDI", "channel":8},
	{"name": "P_01_C_09", "port":"01. Internal MIDI", "channel":9},
	{"name": "P_01_C_10", "port":"01. Internal MIDI", "channel":10},
	{"name": "P_01_C_11", "port":"01. Internal MIDI", "channel":11},
	{"name": "P_01_C_12", "port":"01. Internal MIDI", "channel":12},
	{"name": "P_01_C_13", "port":"01. Internal MIDI", "channel":13},
	{"name": "P_01_C_14", "port":"01. Internal MIDI", "channel":14},
	{"name": "P_01_C_15", "port":"01. Internal MIDI", "channel":15},
	{"name": "P_01_C_16", "port":"01. Internal MIDI", "channel":16},
	{"name": "P_02_C_01", "port":"02. Internal MIDI", "channel":1},
	{"name": "P_02_C_02", "port":"02. Internal MIDI", "channel":2},
	{"name": "P_02_C_03", "port":"02. Internal MIDI", "channel":3},
	{"name": "P_02_C_04", "port":"02. Internal MIDI", "channel":4},
	{"name": "P_02_C_05", "port":"02. Internal MIDI", "channel":5},
	{"name": "P_02_C_06", "port":"02. Internal MIDI", "channel":6},
	{"name": "P_02_C_07", "port":"02. Internal MIDI", "channel":7},
	{"name": "P_02_C_08", "port":"02. Internal MIDI", "channel":8},
	{"name": "P_02_C_09", "port":"02. Internal MIDI", "channel":9},
	{"name": "P_02_C_10", "port":"02. Internal MIDI", "channel":10},
	{"name": "P_02_C_11", "port":"02. Internal MIDI", "channel":11},
	{"name": "P_02_C_12", "port":"02. Internal MIDI", "channel":12},
	{"name": "P_02_C_13", "port":"02. Internal MIDI", "channel":13},
	{"name": "P_02_C_14", "port":"02. Internal MIDI", "channel":14},
	{"name": "P_02_C_15", "port":"02. Internal MIDI", "channel":15},
	{"name": "P_02_C_16", "port":"02. Internal MIDI", "channel":16},
	{"name": "P_03_C_01", "port":"03. Internal MIDI", "channel":1},
	{"name": "P_03_C_02", "port":"03. Internal MIDI", "channel":2},
	{"name": "P_03_C_03", "port":"03. Internal MIDI", "channel":3},
	{"name": "P_03_C_04", "port":"03. Internal MIDI", "channel":4},
	{"name": "P_03_C_05", "port":"03. Internal MIDI", "channel":5},
	{"name": "P_03_C_06", "port":"03. Internal MIDI", "channel":6},
	{"name": "P_03_C_07", "port":"03. Internal MIDI", "channel":7},
	{"name": "P_03_C_08", "port":"03. Internal MIDI", "channel":8},
	{"name": "P_03_C_09", "port":"03. Internal MIDI", "channel":9},
	{"name": "P_03_C_10", "port":"03. Internal MIDI", "channel":10},
	{"name": "P_03_C_11", "port":"03. Internal MIDI", "channel":11},
	{"name": "P_03_C_12", "port":"03. Internal MIDI", "channel":12},
	{"name": "P_03_C_13", "port":"03. Internal MIDI", "channel":13},
	{"name": "P_03_C_14", "port":"03. Internal MIDI", "channel":14},
	{"name": "P_03_C_15", "port":"03. Internal MIDI", "channel":15},
	{"name": "P_03_C_16", "port":"03. Internal MIDI", "channel":16},
	{"name": "P_04_C_01", "port":"04. Internal MIDI", "channel":1},
	{"name": "P_04_C_02", "port":"04. Internal MIDI", "channel":2},
	{"name": "P_04_C_03", "port":"04. Internal MIDI", "channel":3},
	{"name": "P_04_C_04", "port":"04. Internal MIDI", "channel":4},
	{"name": "P_04_C_05", "port":"04. Internal MIDI", "channel":5},
	{"name": "P_04_C_06", "port":"04. Internal MIDI", "channel":6},
	{"name": "P_04_C_07", "port":"04. Internal MIDI", "channel":7},
	{"name": "P_04_C_08", "port":"04. Internal MIDI", "channel":8},
	{"name": "P_04_C_09", "port":"04. Internal MIDI", "channel":9},
	{"name": "P_04_C_10", "port":"04. Internal MIDI", "channel":10},
	{"name": "P_04_C_11", "port":"04. Internal MIDI", "channel":11},
	{"name": "P_04_C_12", "port":"04. Internal MIDI", "channel":12},
	{"name": "P_04_C_13", "port":"04. Internal MIDI", "channel":13},
	{"name": "P_04_C_14", "port":"04. Internal MIDI", "channel":14},
	{"name": "P_04_C_15", "port":"04. Internal MIDI", "channel":15},
	{"name": "P_04_C_16", "port":"04. Internal MIDI", "channel":16},
	{"name": "P_05_C_01", "port":"05. Internal MIDI", "channel":1},
	{"name": "P_05_C_02", "port":"05. Internal MIDI", "channel":2},
	{"name": "P_05_C_03", "port":"05. Internal MIDI", "channel":3},
	{"name": "P_05_C_04", "port":"05. Internal MIDI", "channel":4},
	{"name": "P_05_C_05", "port":"05. Internal MIDI", "channel":5},
	{"name": "P_05_C_06", "port":"05. Internal MIDI", "channel":6},
	{"name": "P_05_C_07", "port":"05. Internal MIDI", "channel":7},
	{"name": "P_05_C_08", "port":"05. Internal MIDI", "channel":8},
	{"name": "P_05_C_09", "port":"05. Internal MIDI", "channel":9},
	{"name": "P_05_C_10", "port":"05. Internal MIDI", "channel":10},
	{"name": "P_05_C_11", "port":"05. Internal MIDI", "channel":11},
	{"name": "P_05_C_12", "port":"05. Internal MIDI", "channel":12},
	{"name": "P_05_C_13", "port":"05. Internal MIDI", "channel":13},
	{"name": "P_05_C_14", "port":"05. Internal MIDI", "channel":14},
	{"name": "P_05_C_15", "port":"05. Internal MIDI", "channel":15},
	{"name": "P_05_C_16", "port":"05. Internal MIDI", "channel":16},
	{"name": "P_06_C_01", "port":"06. Internal MIDI", "channel":1},
	{"name": "P_06_C_02", "port":"06. Internal MIDI", "channel":2},
	{"name": "P_06_C_03", "port":"06. Internal MIDI", "channel":3},
	{"name": "P_06_C_04", "port":"06. Internal MIDI", "channel":4},
	{"name": "P_06_C_05", "port":"06. Internal MIDI", "channel":5},
	{"name": "P_06_C_06", "port":"06. Internal MIDI", "channel":6},
	{"name": "P_06_C_07", "port":"06. Internal MIDI", "channel":7},
	{"name": "P_06_C_08", "port":"06. Internal MIDI", "channel":8},
	{"name": "P_06_C_09", "port":"06. Internal MIDI", "channel":9},
	{"name": "P_06_C_10", "port":"06. Internal MIDI", "channel":10},
	{"name": "P_06_C_11", "port":"06. Internal MIDI", "channel":11},
	{"name": "P_06_C_12", "port":"06. Internal MIDI", "channel":12},
	{"name": "P_06_C_13", "port":"06. Internal MIDI", "channel":13},
	{"name": "P_06_C_14", "port":"06. Internal MIDI", "channel":14},
	{"name": "P_06_C_15", "port":"06. Internal MIDI", "channel":15},
	{"name": "P_06_C_16", "port":"06. Internal MIDI", "channel":16},
	{"name": "P_07_C_01", "port":"07. Internal MIDI", "channel":1},
	{"name": "P_07_C_02", "port":"07. Internal MIDI", "channel":2},
	{"name": "P_07_C_03", "port":"07. Internal MIDI", "channel":3},
	{"name": "P_07_C_04", "port":"07. Internal MIDI", "channel":4},
	{"name": "P_07_C_05", "port":"07. Internal MIDI", "channel":5},
	{"name": "P_07_C_06", "port":"07. Internal MIDI", "channel":6},
	{"name": "P_07_C_07", "port":"07. Internal MIDI", "channel":7},
	{"name": "P_07_C_08", "port":"07. Internal MIDI", "channel":8},
	{"name": "P_07_C_09", "port":"07. Internal MIDI", "channel":9},
	{"name": "P_07_C_10", "port":"07. Internal MIDI", "channel":10},
	{"name": "P_07_C_11", "port":"07. Internal MIDI", "channel":11},
	{"name": "P_07_C_12", "port":"07. Internal MIDI", "channel":12},
	{"name": "P_07_C_13", "port":"07. Internal MIDI", "channel":13},
	{"name": "P_07_C_14", "port":"07. Internal MIDI", "channel":14},
	{"name": "P_07_C_15", "port":"07. Internal MIDI", "channel":15},
	{"name": "P_07_C_16", "port":"07. Internal MIDI", "channel":16},
	{"name": "P_08_C_01", "port":"08. Internal MIDI", "channel":1},
	{"name": "P_08_C_02", "port":"08. Internal MIDI", "channel":2},
	{"name": "P_08_C_03", "port":"08. Internal MIDI", "channel":3},
	{"name": "P_08_C_04", "port":"08. Internal MIDI", "channel":4},
	{"name": "P_08_C_05", "port":"08. Internal MIDI", "channel":5},
	{"name": "P_08_C_06", "port":"08. Internal MIDI", "channel":6},
	{"name": "P_08_C_07", "port":"08. Internal MIDI", "channel":7},
	{"name": "P_08_C_08", "port":"08. Internal MIDI", "channel":8},
	{"name": "P_08_C_09", "port":"08. Internal MIDI", "channel":9},
	{"name": "P_08_C_10", "port":"08. Internal MIDI", "channel":10},
	{"name": "P_08_C_11", "port":"08. Internal MIDI", "channel":11},
	{"name": "P_08_C_12", "port":"08. Internal MIDI", "channel":12},
	{"name": "P_08_C_13", "port":"08. Internal MIDI", "channel":13},
	{"name": "P_08_C_14", "port":"08. Internal MIDI", "channel":14},
	{"name": "P_08_C_15", "port":"08. Internal MIDI", "channel":15},
	{"name": "P_08_C_16", "port":"08. Internal MIDI", "channel":16},
	{"name": "P_09_C_01", "port":"09. Internal MIDI", "channel":1},
	{"name": "P_09_C_02", "port":"09. Internal MIDI", "channel":2},
	{"name": "P_09_C_03", "port":"09. Internal MIDI", "channel":3},
	{"name": "P_09_C_04", "port":"09. Internal MIDI", "channel":4},
	{"name": "P_09_C_05", "port":"09. Internal MIDI", "channel":5},
	{"name": "P_09_C_06", "port":"09. Internal MIDI", "channel":6},
	{"name": "P_09_C_07", "port":"09. Internal MIDI", "channel":7},
	{"name": "P_09_C_08", "port":"09. Internal MIDI", "channel":8},
	{"name": "P_09_C_09", "port":"09. Internal MIDI", "channel":9},
	{"name": "P_09_C_10", "port":"09. Internal MIDI", "channel":10},
	{"name": "P_09_C_11", "port":"09. Internal MIDI", "channel":11},
	{"name": "P_09_C_12", "port":"09. Internal MIDI", "channel":12},
	{"name": "P_09_C_13", "port":"09. Internal MIDI", "channel":13},
	{"name": "P_09_C_14", "port":"09. Internal MIDI", "channel":14},
	{"name": "P_09_C_15", "port":"09. Internal MIDI", "channel":15},
	{"name": "P_09_C_16", "port":"09. Internal MIDI", "channel":16},
	{"name": "P_10_C_01", "port":"10. Internal MIDI", "channel":1},
	{"name": "P_10_C_02", "port":"10. Internal MIDI", "channel":2},
	{"name": "P_10_C_03", "port":"10. Internal MIDI", "channel":3},
	{"name": "P_10_C_04", "port":"10. Internal MIDI", "channel":4},
	{"name": "P_10_C_05", "port":"10. Internal MIDI", "channel":5},
	{"name": "P_10_C_06", "port":"10. Internal MIDI", "channel":6},
	{"name": "P_10_C_07", "port":"10. Internal MIDI", "channel":7},
	{"name": "P_10_C_08", "port":"10. Internal MIDI", "channel":8},
	{"name": "P_10_C_09", "port":"10. Internal MIDI", "channel":9},
	{"name": "P_10_C_10", "port":"10. Internal MIDI", "channel":10},
	{"name": "P_10_C_11", "port":"10. Internal MIDI", "channel":11},
	{"name": "P_10_C_12", "port":"10. Internal MIDI", "channel":12},
	{"name": "P_10_C_13", "port":"10. Internal MIDI", "channel":13},
	{"name": "P_10_C_14", "port":"10. Internal MIDI", "channel":14},
	{"name": "P_10_C_15", "port":"10. Internal MIDI", "channel":15},
	{"name": "P_10_C_16", "port":"10. Internal MIDI", "channel":16},
	{"name": "P_11_C_01", "port":"11. Internal MIDI", "channel":1},
	{"name": "P_11_C_02", "port":"11. Internal MIDI", "channel":2},
	{"name": "P_11_C_03", "port":"11. Internal MIDI", "channel":3},
	{"name": "P_11_C_04", "port":"11. Internal MIDI", "channel":4},
	{"name": "P_11_C_05", "port":"11. Internal MIDI", "channel":5},
	{"name": "P_11_C_06", "port":"11. Internal MIDI", "channel":6},
	{"name": "P_11_C_07", "port":"11. Internal MIDI", "channel":7},
	{"name": "P_11_C_08", "port":"11. Internal MIDI", "channel":8},
	{"name": "P_11_C_09", "port":"11. Internal MIDI", "channel":9},
	{"name": "P_11_C_10", "port":"11. Internal MIDI", "channel":10},
	{"name": "P_11_C_11", "port":"11. Internal MIDI", "channel":11},
	{"name": "P_11_C_12", "port":"11. Internal MIDI", "channel":12},
	{"name": "P_11_C_13", "port":"11. Internal MIDI", "channel":13},
	{"name": "P_11_C_14", "port":"11. Internal MIDI", "channel":14},
	{"name": "P_11_C_15", "port":"11. Internal MIDI", "channel":15},
	{"name": "P_11_C_16", "port":"11. Internal MIDI", "channel":16},
	{"name": "P_12_C_01", "port":"12. Internal MIDI", "channel":1},
	{"name": "P_12_C_02", "port":"12. Internal MIDI", "channel":2},
	{"name": "P_12_C_03", "port":"12. Internal MIDI", "channel":3},
	{"name": "P_12_C_04", "port":"12. Internal MIDI", "channel":4},
	{"name": "P_12_C_05", "port":"12. Internal MIDI", "channel":5},
	{"name": "P_12_C_06", "port":"12. Internal MIDI", "channel":6},
	{"name": "P_12_C_07", "port":"12. Internal MIDI", "channel":7},
	{"name": "P_12_C_08", "port":"12. Internal MIDI", "channel":8},
	{"name": "P_12_C_09", "port":"12. Internal MIDI", "channel":9},
	{"name": "P_12_C_10", "port":"12. Internal MIDI", "channel":10},
	{"name": "P_12_C_11", "port":"12. Internal MIDI", "channel":11},
	{"name": "P_12_C_12", "port":"12. Internal MIDI", "channel":12},
	{"name": "P_12_C_13", "port":"12. Internal MIDI", "channel":13},
	{"name": "P_12_C_14", "port":"12. Internal MIDI", "channel":14},
	{"name": "P_12_C_15", "port":"12. Internal MIDI", "channel":15},
	{"name": "P_12_C_16", "port":"12. Internal MIDI", "channel":16}
]
}
