{ "synths" : [
    {"name": "P01_CH01", "port":"01. Internal MIDI", "channel":1},
    {"name": "P01_CH02", "port":"01. Internal MIDI", "channel":2},
    {"name": "P01_CH03", "port":"01. Internal MIDI", "channel":3},
    {"name": "P01_CH04", "port":"01. Internal MIDI", "channel":4},
    {"name": "P01_CH05", "port":"01. Internal MIDI", "channel":5},
    {"name": "P01_CH06", "port":"01. Internal MIDI", "channel":6},
    {"name": "P01_CH07", "port":"01. Internal MIDI", "channel":7},
    {"name": "P01_CH08", "port":"01. Internal MIDI", "channel":8},
    {"name": "P01_CH09", "port":"01. Internal MIDI", "channel":9},
    {"name": "P01_CH10", "port":"01. Internal MIDI", "channel":10},
    {"name": "P01_CH11", "port":"01. Internal MIDI", "channel":11},
    {"name": "P01_CH12", "port":"01. Internal MIDI", "channel":12},
    {"name": "P01_CH13", "port":"01. Internal MIDI", "channel":13},
    {"name": "P01_CH14", "port":"01. Internal MIDI", "channel":14},
    {"name": "P01_CH15", "port":"01. Internal MIDI", "channel":15},
    {"name": "P01_CH16", "port":"01. Internal MIDI", "channel":16},
    {"name": "P02_CH01", "port":"02. Internal MIDI", "channel":1},
    {"name": "P02_CH02", "port":"02. Internal MIDI", "channel":2},
    {"name": "P02_CH03", "port":"02. Internal MIDI", "channel":3},
    {"name": "P02_CH04", "port":"02. Internal MIDI", "channel":4},
    {"name": "P02_CH05", "port":"02. Internal MIDI", "channel":5},
    {"name": "P02_CH06", "port":"02. Internal MIDI", "channel":6},
    {"name": "P02_CH07", "port":"02. Internal MIDI", "channel":7},
    {"name": "P02_CH08", "port":"02. Internal MIDI", "channel":8},
    {"name": "P02_CH09", "port":"02. Internal MIDI", "channel":9},
    {"name": "P02_CH10", "port":"02. Internal MIDI", "channel":10},
    {"name": "P02_CH11", "port":"02. Internal MIDI", "channel":11},
    {"name": "P02_CH12", "port":"02. Internal MIDI", "channel":12},
    {"name": "P02_CH13", "port":"02. Internal MIDI", "channel":13},
    {"name": "P02_CH14", "port":"02. Internal MIDI", "channel":14},
    {"name": "P02_CH15", "port":"02. Internal MIDI", "channel":15},
    {"name": "P02_CH16", "port":"02. Internal MIDI", "channel":16},
    {"name": "P03_CH01", "port":"03. Internal MIDI", "channel":1},
    {"name": "P03_CH02", "port":"03. Internal MIDI", "channel":2},
    {"name": "P03_CH03", "port":"03. Internal MIDI", "channel":3},
    {"name": "P03_CH04", "port":"03. Internal MIDI", "channel":4},
    {"name": "P03_CH05", "port":"03. Internal MIDI", "channel":5},
    {"name": "P03_CH06", "port":"03. Internal MIDI", "channel":6},
    {"name": "P03_CH07", "port":"03. Internal MIDI", "channel":7},
    {"name": "P03_CH08", "port":"03. Internal MIDI", "channel":8},
    {"name": "P03_CH09", "port":"03. Internal MIDI", "channel":9},
    {"name": "P03_CH10", "port":"03. Internal MIDI", "channel":10},
    {"name": "P03_CH11", "port":"03. Internal MIDI", "channel":11},
    {"name": "P03_CH12", "port":"03. Internal MIDI", "channel":12},
    {"name": "P03_CH13", "port":"03. Internal MIDI", "channel":13},
    {"name": "P03_CH14", "port":"03. Internal MIDI", "channel":14},
    {"name": "P03_CH15", "port":"03. Internal MIDI", "channel":15},
    {"name": "P03_CH16", "port":"03. Internal MIDI", "channel":16},
    {"name": "P04_CH01", "port":"04. Internal MIDI", "channel":1},
    {"name": "P04_CH02", "port":"04. Internal MIDI", "channel":2},
    {"name": "P04_CH03", "port":"04. Internal MIDI", "channel":3},
    {"name": "P04_CH04", "port":"04. Internal MIDI", "channel":4},
    {"name": "P04_CH05", "port":"04. Internal MIDI", "channel":5},
    {"name": "P04_CH06", "port":"04. Internal MIDI", "channel":6},
    {"name": "P04_CH07", "port":"04. Internal MIDI", "channel":7},
    {"name": "P04_CH08", "port":"04. Internal MIDI", "channel":8},
    {"name": "P04_CH09", "port":"04. Internal MIDI", "channel":9},
    {"name": "P04_CH10", "port":"04. Internal MIDI", "channel":10},
    {"name": "P04_CH11", "port":"04. Internal MIDI", "channel":11},
    {"name": "P04_CH12", "port":"04. Internal MIDI", "channel":12},
    {"name": "P04_CH13", "port":"04. Internal MIDI", "channel":13},
    {"name": "P04_CH14", "port":"04. Internal MIDI", "channel":14},
    {"name": "P04_CH15", "port":"04. Internal MIDI", "channel":15},
    {"name": "P04_CH16", "port":"04. Internal MIDI", "channel":16},
    {"name": "default", "port":"01. Internal MIDI", "channel":1}
]
}
