{ "synths" : [
	{"name": "unifyc1b0p2", "port":"01. Internal MIDI", "channel":1, "bank":0, "program":2},
	{"name": "unifyc1b0p3", "port":"01. Internal MIDI", "channel":1, "bank":0, "program":3},
	{"name": "unifyc2b0p2", "port":"01. Internal MIDI", "channel":2, "bank":0, "program":2},
	{"name": "unifyc2b0p3", "port":"01. Internal MIDI", "channel":2, "bank":0, "program":3},
	{"name": "unifyc3b0p2", "port":"01. Internal MIDI", "channel":3, "bank":0, "program":2},
	{"name": "unifyc3b0p3", "port":"01. Internal MIDI", "channel":3, "bank":0, "program":3},
	{"name": "unifyc4b0p2", "port":"01. Internal MIDI", "channel":4, "bank":0, "program":2},
	{"name": "unifyc4b0p3", "port":"01. Internal MIDI", "channel":4, "bank":0, "program":3},

	{"name": "default", "port":"01. Internal MIDI", "channel":1}

]
}
